<?xml version="1.0" encoding="UTF-8"?><gpx creator="Wikiloc - http://www.wikiloc.com" version="1.1" xmlns="http://www.topografix.com/GPX/1/1" xmlns:xsi="http://www.w3.org/2001/XMLSchema-instance" xsi:schemaLocation="http://www.topografix.com/GPX/1/1 http://www.topografix.com/GPX/1/1/gpx.xsd"><wpt lat="9.882318" lon="-83.581806"><ele>913.2</ele><name><![CDATA[Salida Etapa 6 Pacayitas]]></name><cmt><![CDATA[Salida Etapa 6 Pacayitas]]></cmt></wpt><wpt lat="9.854714" lon="-83.624336"><ele>589.8</ele><name><![CDATA[Llegada Etapa 6 La Suiza]]></name><cmt><![CDATA[Llegada Etapa 6 La Suiza]]></cmt></wpt><trk><name><![CDATA[Etapa Oficial 6 El Camino de Costa Rica - Pacayitas a La Suiza v.2022 - Mar Caribe a Pacífico]]></name><cmt><![CDATA[Etapa Oficial 6 El Camino de Costa Rica - Pacayitas a La Suiza v.2022 - Mar Caribe a Pacífico 
 
Revisada y editada por David Rodríguez Berrón en apoyo a Asociación Mar a Mar 
 
IG: @davidaventurasconproposito - https://www.instagram.com/davidaventurasconproposito/?hl=en 
 
FB: David Rodriguez B. - https://www.facebook.com/david.r.b.2 
 
Whatsapp: +50683762532 
email: dberron@hotmail.com]]></cmt><desc><![CDATA[Etapa Oficial 6 El Camino de Costa Rica - Pacayitas a La Suiza v.2022 - Mar Caribe a Pacífico 
 
Revisada y editada por David Rodríguez Berrón en apoyo a Asociación Mar a Mar 
 
IG: @davidaventurasconproposito - https://www.instagram.com/davidaventurasconproposito/?hl=en 
 
FB: David Rodriguez B. - https://www.facebook.com/david.r.b.2 
 
Whatsapp: +50683762532 
email: dberron@hotmail.com]]></desc><trkseg><trkpt lat="9.882224" lon="-83.581806"><ele>915.092</ele><time>2022-04-30T06:58:35Z</time></trkpt><trkpt lat="9.881653" lon="-83.582179"><ele>922.573</ele><time>2022-04-30T06:59:44Z</time></trkpt><trkpt lat="9.881481" lon="-83.582267"><ele>927.320</ele><time>2022-04-30T07:00:03Z</time></trkpt><trkpt lat="9.88132" lon="-83.582263"><ele>930.809</ele><time>2022-04-30T07:00:20Z</time></trkpt><trkpt lat="9.881312" lon="-83.582234"><ele>932.480</ele><time>2022-04-30T07:00:22Z</time></trkpt><trkpt lat="9.8813" lon="-83.58222"><ele>932.279</ele><time>2022-04-30T07:00:24Z</time></trkpt><trkpt lat="9.88128" lon="-83.582199"><ele>933.088</ele><time>2022-04-30T07:00:27Z</time></trkpt><trkpt lat="9.881275" lon="-83.582193"><ele>933.429</ele><time>2022-04-30T07:00:28Z</time></trkpt><trkpt lat="9.881271" lon="-83.582185"><ele>933.437</ele><time>2022-04-30T07:00:29Z</time></trkpt><trkpt lat="9.88126" lon="-83.582166"><ele>933.875</ele><time>2022-04-30T07:00:31Z</time></trkpt><trkpt lat="9.881243" lon="-83.582156"><ele>934.826</ele><time>2022-04-30T07:00:34Z</time></trkpt><trkpt lat="9.881237" lon="-83.582148"><ele>934.852</ele><time>2022-04-30T07:00:35Z</time></trkpt><trkpt lat="9.881229" lon="-83.582132"><ele>935.284</ele><time>2022-04-30T07:00:37Z</time></trkpt><trkpt lat="9.881202" lon="-83.582066"><ele>935.471</ele><time>2022-04-30T07:00:45Z</time></trkpt><trkpt lat="9.8812" lon="-83.582044"><ele>935.441</ele><time>2022-04-30T07:00:47Z</time></trkpt><trkpt lat="9.881201" lon="-83.582027"><ele>935.415</ele><time>2022-04-30T07:00:49Z</time></trkpt><trkpt lat="9.881203" lon="-83.582019"><ele>935.409</ele><time>2022-04-30T07:00:50Z</time></trkpt><trkpt lat="9.881199" lon="-83.581985"><ele>936.068</ele><time>2022-04-30T07:00:53Z</time></trkpt><trkpt lat="9.8812" lon="-83.581977"><ele>936.287</ele><time>2022-04-30T07:00:54Z</time></trkpt><trkpt lat="9.881203" lon="-83.581946"><ele>936.886</ele><time>2022-04-30T07:00:58Z</time></trkpt><trkpt lat="9.881205" lon="-83.581935"><ele>937.087</ele><time>2022-04-30T07:00:59Z</time></trkpt><trkpt lat="9.88121" lon="-83.581919"><ele>937.235</ele><time>2022-04-30T07:01:01Z</time></trkpt><trkpt lat="9.881221" lon="-83.581891"><ele>937.823</ele><time>2022-04-30T07:01:05Z</time></trkpt><trkpt lat="9.881236" lon="-83.581859"><ele>938.434</ele><time>2022-04-30T07:01:09Z</time></trkpt><trkpt lat="9.881247" lon="-83.581828"><ele>938.850</ele><time>2022-04-30T07:01:13Z</time></trkpt><trkpt lat="9.881263" lon="-83.581796"><ele>939.492</ele><time>2022-04-30T07:01:17Z</time></trkpt><trkpt lat="9.881269" lon="-83.581783"><ele>939.482</ele><time>2022-04-30T07:01:18Z</time></trkpt><trkpt lat="9.881271" lon="-83.581777"><ele>939.643</ele><time>2022-04-30T07:01:19Z</time></trkpt><trkpt lat="9.881292" lon="-83.58173"><ele>940.617</ele><time>2022-04-30T07:01:25Z</time></trkpt><trkpt lat="9.881294" lon="-83.581723"><ele>940.609</ele><time>2022-04-30T07:01:26Z</time></trkpt><trkpt lat="9.881295" lon="-83.581713"><ele>941.039</ele><time>2022-04-30T07:01:27Z</time></trkpt><trkpt lat="9.881289" lon="-83.58167"><ele>941.648</ele><time>2022-04-30T07:01:31Z</time></trkpt><trkpt lat="9.881283" lon="-83.581645"><ele>941.637</ele><time>2022-04-30T07:01:33Z</time></trkpt><trkpt lat="9.881251" lon="-83.581582"><ele>942.418</ele><time>2022-04-30T07:01:41Z</time></trkpt><trkpt lat="9.881243" lon="-83.581565"><ele>942.626</ele><time>2022-04-30T07:01:43Z</time></trkpt><trkpt lat="9.881212" lon="-83.581527"><ele>942.814</ele><time>2022-04-30T07:01:48Z</time></trkpt><trkpt lat="9.881185" lon="-83.581497"><ele>943.075</ele><time>2022-04-30T07:01:53Z</time></trkpt><trkpt lat="9.881179" lon="-83.581491"><ele>943.271</ele><time>2022-04-30T07:01:54Z</time></trkpt><trkpt lat="9.881174" lon="-83.581484"><ele>943.233</ele><time>2022-04-30T07:01:55Z</time></trkpt><trkpt lat="9.881155" lon="-83.581467"><ele>943.473</ele><time>2022-04-30T07:01:58Z</time></trkpt><trkpt lat="9.88115" lon="-83.58146"><ele>943.685</ele><time>2022-04-30T07:01:59Z</time></trkpt><trkpt lat="9.881146" lon="-83.581453"><ele>943.613</ele><time>2022-04-30T07:02:00Z</time></trkpt><trkpt lat="9.881132" lon="-83.581438"><ele>944.009</ele><time>2022-04-30T07:02:03Z</time></trkpt><trkpt lat="9.881097" lon="-83.5814"><ele>944.668</ele><time>2022-04-30T07:02:10Z</time></trkpt><trkpt lat="9.881086" lon="-83.581387"><ele>945.077</ele><time>2022-04-30T07:02:12Z</time></trkpt><trkpt lat="9.881053" lon="-83.581349"><ele>945.436</ele><time>2022-04-30T07:02:18Z</time></trkpt><trkpt lat="9.88103" lon="-83.581315"><ele>946.067</ele><time>2022-04-30T07:02:23Z</time></trkpt><trkpt lat="9.881016" lon="-83.581289"><ele>946.645</ele><time>2022-04-30T07:02:26Z</time></trkpt><trkpt lat="9.881014" lon="-83.581279"><ele>946.623</ele><time>2022-04-30T07:02:27Z</time></trkpt><trkpt lat="9.881009" lon="-83.581243"><ele>947.254</ele><time>2022-04-30T07:02:31Z</time></trkpt><trkpt lat="9.881005" lon="-83.581236"><ele>947.480</ele><time>2022-04-30T07:02:32Z</time></trkpt><trkpt lat="9.881" lon="-83.581225"><ele>947.692</ele><time>2022-04-30T07:02:33Z</time></trkpt><trkpt lat="9.88099" lon="-83.581206"><ele>947.825</ele><time>2022-04-30T07:02:35Z</time></trkpt><trkpt lat="9.880987" lon="-83.581188"><ele>948.426</ele><time>2022-04-30T07:02:38Z</time></trkpt><trkpt lat="9.88099" lon="-83.581181"><ele>948.408</ele><time>2022-04-30T07:02:39Z</time></trkpt><trkpt lat="9.880977" lon="-83.581126"><ele>949.009</ele><time>2022-04-30T07:02:47Z</time></trkpt><trkpt lat="9.88097" lon="-83.581088"><ele>949.423</ele><time>2022-04-30T07:02:51Z</time></trkpt><trkpt lat="9.880968" lon="-83.581079"><ele>949.692</ele><time>2022-04-30T07:02:52Z</time></trkpt><trkpt lat="9.880952" lon="-83.581024"><ele>950.031</ele><time>2022-04-30T07:02:59Z</time></trkpt><trkpt lat="9.88095" lon="-83.581017"><ele>950.082</ele><time>2022-04-30T07:03:00Z</time></trkpt><trkpt lat="9.880931" lon="-83.580986"><ele>950.680</ele><time>2022-04-30T07:03:04Z</time></trkpt><trkpt lat="9.880925" lon="-83.580983"><ele>950.688</ele><time>2022-04-30T07:03:05Z</time></trkpt><trkpt lat="9.880908" lon="-83.580972"><ele>950.819</ele><time>2022-04-30T07:03:07Z</time></trkpt><trkpt lat="9.880873" lon="-83.580929"><ele>951.225</ele><time>2022-04-30T07:03:23Z</time></trkpt><trkpt lat="9.88085" lon="-83.580915"><ele>951.047</ele><time>2022-04-30T07:03:26Z</time></trkpt><trkpt lat="9.880787" lon="-83.580884"><ele>951.839</ele><time>2022-04-30T07:03:33Z</time></trkpt><trkpt lat="9.880756" lon="-83.580877"><ele>952.001</ele><time>2022-04-30T07:03:37Z</time></trkpt><trkpt lat="9.880733" lon="-83.580872"><ele>952.021</ele><time>2022-04-30T07:03:39Z</time></trkpt><trkpt lat="9.880654" lon="-83.580852"><ele>952.409</ele><time>2022-04-30T07:03:47Z</time></trkpt><trkpt lat="9.880643" lon="-83.580854"><ele>952.674</ele><time>2022-04-30T07:03:48Z</time></trkpt><trkpt lat="9.880621" lon="-83.580854"><ele>952.863</ele><time>2022-04-30T07:03:50Z</time></trkpt><trkpt lat="9.880611" lon="-83.580851"><ele>953.092</ele><time>2022-04-30T07:03:51Z</time></trkpt><trkpt lat="9.880586" lon="-83.580846"><ele>953.263</ele><time>2022-04-30T07:03:54Z</time></trkpt><trkpt lat="9.88057" lon="-83.580845"><ele>953.421</ele><time>2022-04-30T07:03:56Z</time></trkpt><trkpt lat="9.880562" lon="-83.580844"><ele>953.669</ele><time>2022-04-30T07:03:57Z</time></trkpt><trkpt lat="9.880532" lon="-83.580831"><ele>954.010</ele><time>2022-04-30T07:04:00Z</time></trkpt><trkpt lat="9.880484" lon="-83.580823"><ele>954.466</ele><time>2022-04-30T07:04:05Z</time></trkpt><trkpt lat="9.880429" lon="-83.58081"><ele>955.278</ele><time>2022-04-30T07:04:11Z</time></trkpt><trkpt lat="9.880402" lon="-83.580808"><ele>955.875</ele><time>2022-04-30T07:04:14Z</time></trkpt><trkpt lat="9.880338" lon="-83.580802"><ele>956.028</ele><time>2022-04-30T07:04:23Z</time></trkpt><trkpt lat="9.880317" lon="-83.580803"><ele>956.820</ele><time>2022-04-30T07:04:27Z</time></trkpt><trkpt lat="9.880309" lon="-83.580805"><ele>957.609</ele><time>2022-04-30T07:04:29Z</time></trkpt><trkpt lat="9.880304" lon="-83.580802"><ele>957.848</ele><time>2022-04-30T07:04:31Z</time></trkpt><trkpt lat="9.880276" lon="-83.5808"><ele>958.057</ele><time>2022-04-30T07:04:35Z</time></trkpt><trkpt lat="9.880236" lon="-83.580799"><ele>958.666</ele><time>2022-04-30T07:04:42Z</time></trkpt><trkpt lat="9.880207" lon="-83.580797"><ele>959.017</ele><time>2022-04-30T07:04:46Z</time></trkpt><trkpt lat="9.88019" lon="-83.580797"><ele>960.065</ele><time>2022-04-30T07:04:48Z</time></trkpt><trkpt lat="9.880172" lon="-83.580796"><ele>960.273</ele><time>2022-04-30T07:04:50Z</time></trkpt><trkpt lat="9.880098" lon="-83.580797"><ele>960.694</ele><time>2022-04-30T07:04:59Z</time></trkpt><trkpt lat="9.88005" lon="-83.580814"><ele>961.290</ele><time>2022-04-30T07:05:05Z</time></trkpt><trkpt lat="9.88004" lon="-83.580818"><ele>961.282</ele><time>2022-04-30T07:05:06Z</time></trkpt><trkpt lat="9.88003" lon="-83.580824"><ele>961.452</ele><time>2022-04-30T07:05:07Z</time></trkpt><trkpt lat="9.879973" lon="-83.580824"><ele>962.053</ele><time>2022-04-30T07:05:13Z</time></trkpt><trkpt lat="9.879925" lon="-83.58084"><ele>962.208</ele><time>2022-04-30T07:05:20Z</time></trkpt><trkpt lat="9.87988" lon="-83.580854"><ele>962.609</ele><time>2022-04-30T07:05:26Z</time></trkpt><trkpt lat="9.879839" lon="-83.580866"><ele>963.416</ele><time>2022-04-30T07:05:30Z</time></trkpt><trkpt lat="9.879793" lon="-83.580887"><ele>963.875</ele><time>2022-04-30T07:05:36Z</time></trkpt><trkpt lat="9.879782" lon="-83.580893"><ele>964.084</ele><time>2022-04-30T07:05:38Z</time></trkpt><trkpt lat="9.879776" lon="-83.580895"><ele>964.055</ele><time>2022-04-30T07:05:39Z</time></trkpt><trkpt lat="9.879748" lon="-83.580916"><ele>964.463</ele><time>2022-04-30T07:05:44Z</time></trkpt><trkpt lat="9.879734" lon="-83.580925"><ele>965.071</ele><time>2022-04-30T07:05:46Z</time></trkpt><trkpt lat="9.879697" lon="-83.580949"><ele>965.432</ele><time>2022-04-30T07:05:52Z</time></trkpt><trkpt lat="9.879651" lon="-83.580976"><ele>965.638</ele><time>2022-04-30T07:06:00Z</time></trkpt><trkpt lat="9.879645" lon="-83.580981"><ele>966.070</ele><time>2022-04-30T07:06:01Z</time></trkpt><trkpt lat="9.879619" lon="-83.581001"><ele>966.688</ele><time>2022-04-30T07:06:06Z</time></trkpt><trkpt lat="9.879599" lon="-83.581018"><ele>967.024</ele><time>2022-04-30T07:06:10Z</time></trkpt><trkpt lat="9.879592" lon="-83.581022"><ele>967.226</ele><time>2022-04-30T07:06:11Z</time></trkpt><trkpt lat="9.879584" lon="-83.58102"><ele>967.209</ele><time>2022-04-30T07:06:12Z</time></trkpt><trkpt lat="9.879542" lon="-83.581044"><ele>968.059</ele><time>2022-04-30T07:06:18Z</time></trkpt><trkpt lat="9.879523" lon="-83.581065"><ele>968.288</ele><time>2022-04-30T07:06:21Z</time></trkpt><trkpt lat="9.879514" lon="-83.581081"><ele>968.687</ele><time>2022-04-30T07:06:23Z</time></trkpt><trkpt lat="9.879509" lon="-83.581082"><ele>968.878</ele><time>2022-04-30T07:06:24Z</time></trkpt><trkpt lat="9.879495" lon="-83.581095"><ele>969.066</ele><time>2022-04-30T07:06:26Z</time></trkpt><trkpt lat="9.879478" lon="-83.581111"><ele>969.284</ele><time>2022-04-30T07:06:29Z</time></trkpt><trkpt lat="9.879472" lon="-83.581116"><ele>969.455</ele><time>2022-04-30T07:06:30Z</time></trkpt><trkpt lat="9.879463" lon="-83.581136"><ele>970.241</ele><time>2022-04-30T07:06:33Z</time></trkpt><trkpt lat="9.87945" lon="-83.58116"><ele>970.423</ele><time>2022-04-30T07:06:38Z</time></trkpt><trkpt lat="9.879434" lon="-83.581181"><ele>971.088</ele><time>2022-04-30T07:06:41Z</time></trkpt><trkpt lat="9.879423" lon="-83.581244"><ele>971.624</ele><time>2022-04-30T07:06:48Z</time></trkpt><trkpt lat="9.879427" lon="-83.581278"><ele>971.626</ele><time>2022-04-30T07:06:51Z</time></trkpt><trkpt lat="9.879429" lon="-83.581298"><ele>972.409</ele><time>2022-04-30T07:06:54Z</time></trkpt><trkpt lat="9.879433" lon="-83.581311"><ele>972.879</ele><time>2022-04-30T07:06:56Z</time></trkpt><trkpt lat="9.879448" lon="-83.581343"><ele>973.868</ele><time>2022-04-30T07:07:01Z</time></trkpt><trkpt lat="9.879449" lon="-83.58135"><ele>973.857</ele><time>2022-04-30T07:07:02Z</time></trkpt><trkpt lat="9.879459" lon="-83.581367"><ele>974.268</ele><time>2022-04-30T07:07:05Z</time></trkpt><trkpt lat="9.879499" lon="-83.581414"><ele>975.046</ele><time>2022-04-30T07:07:12Z</time></trkpt><trkpt lat="9.879504" lon="-83.581417"><ele>975.094</ele><time>2022-04-30T07:07:13Z</time></trkpt><trkpt lat="9.87954" lon="-83.581453"><ele>975.465</ele><time>2022-04-30T07:07:20Z</time></trkpt><trkpt lat="9.879573" lon="-83.58149"><ele>976.281</ele><time>2022-04-30T07:07:27Z</time></trkpt><trkpt lat="9.879577" lon="-83.581494"><ele>976.893</ele><time>2022-04-30T07:07:28Z</time></trkpt><trkpt lat="9.879592" lon="-83.581507"><ele>977.264</ele><time>2022-04-30T07:07:30Z</time></trkpt><trkpt lat="9.879607" lon="-83.58153"><ele>977.606</ele><time>2022-04-30T07:07:34Z</time></trkpt><trkpt lat="9.87963" lon="-83.581539"><ele>978.416</ele><time>2022-04-30T07:07:38Z</time></trkpt><trkpt lat="9.879629" lon="-83.581556"><ele>978.409</ele><time>2022-04-30T07:07:40Z</time></trkpt><trkpt lat="9.879621" lon="-83.581614"><ele>979.247</ele><time>2022-04-30T07:07:46Z</time></trkpt><trkpt lat="9.879616" lon="-83.581628"><ele>979.416</ele><time>2022-04-30T07:07:48Z</time></trkpt><trkpt lat="9.879616" lon="-83.581655"><ele>980.215</ele><time>2022-04-30T07:07:55Z</time></trkpt><trkpt lat="9.879621" lon="-83.581665"><ele>979.896</ele><time>2022-04-30T07:08:00Z</time></trkpt><trkpt lat="9.879626" lon="-83.581674"><ele>979.854</ele><time>2022-04-30T07:08:07Z</time></trkpt><trkpt lat="9.879625" lon="-83.581681"><ele>979.872</ele><time>2022-04-30T07:08:08Z</time></trkpt><trkpt lat="9.879624" lon="-83.581688"><ele>979.873</ele><time>2022-04-30T07:08:09Z</time></trkpt><trkpt lat="9.879617" lon="-83.581716"><ele>980.439</ele><time>2022-04-30T07:08:26Z</time></trkpt><trkpt lat="9.879618" lon="-83.58173"><ele>980.621</ele><time>2022-04-30T07:08:30Z</time></trkpt><trkpt lat="9.879619" lon="-83.581732"><ele>980.484</ele><time>2022-04-30T07:08:32Z</time></trkpt><trkpt lat="9.879619" lon="-83.581732"><ele>980.407</ele><time>2022-04-30T07:08:33Z</time></trkpt><trkpt lat="9.879618" lon="-83.581752"><ele>980.617</ele><time>2022-04-30T07:09:06Z</time></trkpt><trkpt lat="9.879641" lon="-83.581784"><ele>980.409</ele><time>2022-04-30T07:09:39Z</time></trkpt><trkpt lat="9.879642" lon="-83.58179"><ele>980.499</ele><time>2022-04-30T07:09:47Z</time></trkpt><trkpt lat="9.879623" lon="-83.581814"><ele>981.218</ele><time>2022-04-30T07:09:50Z</time></trkpt><trkpt lat="9.879613" lon="-83.581818"><ele>981.277</ele><time>2022-04-30T07:09:51Z</time></trkpt><trkpt lat="9.879576" lon="-83.58186"><ele>982.098</ele><time>2022-04-30T07:09:56Z</time></trkpt><trkpt lat="9.879568" lon="-83.581882"><ele>982.056</ele><time>2022-04-30T07:09:58Z</time></trkpt><trkpt lat="9.879549" lon="-83.581907"><ele>982.284</ele><time>2022-04-30T07:10:01Z</time></trkpt><trkpt lat="9.879531" lon="-83.581923"><ele>982.225</ele><time>2022-04-30T07:10:04Z</time></trkpt><trkpt lat="9.879523" lon="-83.581926"><ele>982.291</ele><time>2022-04-30T07:10:05Z</time></trkpt><trkpt lat="9.879513" lon="-83.581933"><ele>982.293</ele><time>2022-04-30T07:10:06Z</time></trkpt><trkpt lat="9.879468" lon="-83.58196"><ele>982.038</ele><time>2022-04-30T07:10:11Z</time></trkpt><trkpt lat="9.87946" lon="-83.581965"><ele>982.070</ele><time>2022-04-30T07:10:12Z</time></trkpt><trkpt lat="9.879436" lon="-83.581982"><ele>981.817</ele><time>2022-04-30T07:10:15Z</time></trkpt><trkpt lat="9.879424" lon="-83.581994"><ele>982.209</ele><time>2022-04-30T07:10:17Z</time></trkpt><trkpt lat="9.87942" lon="-83.582"><ele>982.494</ele><time>2022-04-30T07:10:18Z</time></trkpt><trkpt lat="9.879404" lon="-83.582027"><ele>982.833</ele><time>2022-04-30T07:10:21Z</time></trkpt><trkpt lat="9.879366" lon="-83.582061"><ele>983.442</ele><time>2022-04-30T07:10:26Z</time></trkpt><trkpt lat="9.879343" lon="-83.582075"><ele>983.493</ele><time>2022-04-30T07:10:28Z</time></trkpt><trkpt lat="9.879322" lon="-83.582089"><ele>984.031</ele><time>2022-04-30T07:10:30Z</time></trkpt><trkpt lat="9.879299" lon="-83.582107"><ele>984.229</ele><time>2022-04-30T07:10:32Z</time></trkpt><trkpt lat="9.879259" lon="-83.582119"><ele>984.270</ele><time>2022-04-30T07:10:35Z</time></trkpt><trkpt lat="9.87922" lon="-83.582131"><ele>984.616</ele><time>2022-04-30T07:10:38Z</time></trkpt><trkpt lat="9.87921" lon="-83.58214"><ele>984.668</ele><time>2022-04-30T07:10:39Z</time></trkpt><trkpt lat="9.879202" lon="-83.582146"><ele>984.837</ele><time>2022-04-30T07:10:40Z</time></trkpt><trkpt lat="9.879192" lon="-83.58215"><ele>984.849</ele><time>2022-04-30T07:10:41Z</time></trkpt><trkpt lat="9.879172" lon="-83.582166"><ele>985.013</ele><time>2022-04-30T07:10:43Z</time></trkpt><trkpt lat="9.879126" lon="-83.582196"><ele>985.809</ele><time>2022-04-30T07:10:47Z</time></trkpt><trkpt lat="9.879114" lon="-83.582198"><ele>986.034</ele><time>2022-04-30T07:10:48Z</time></trkpt><trkpt lat="9.879069" lon="-83.582214"><ele>986.043</ele><time>2022-04-30T07:10:53Z</time></trkpt><trkpt lat="9.879056" lon="-83.582215"><ele>986.472</ele><time>2022-04-30T07:10:55Z</time></trkpt><trkpt lat="9.879031" lon="-83.582218"><ele>987.083</ele><time>2022-04-30T07:10:58Z</time></trkpt><trkpt lat="9.879004" lon="-83.582214"><ele>988.271</ele><time>2022-04-30T07:11:01Z</time></trkpt><trkpt lat="9.878982" lon="-83.58222"><ele>988.619</ele><time>2022-04-30T07:11:03Z</time></trkpt><trkpt lat="9.878947" lon="-83.582212"><ele>989.260</ele><time>2022-04-30T07:11:07Z</time></trkpt><trkpt lat="9.878923" lon="-83.582202"><ele>989.816</ele><time>2022-04-30T07:11:10Z</time></trkpt><trkpt lat="9.878889" lon="-83.582185"><ele>990.218</ele><time>2022-04-30T07:11:14Z</time></trkpt><trkpt lat="9.87888" lon="-83.582181"><ele>990.214</ele><time>2022-04-30T07:11:15Z</time></trkpt><trkpt lat="9.878872" lon="-83.582179"><ele>990.254</ele><time>2022-04-30T07:11:16Z</time></trkpt><trkpt lat="9.87883" lon="-83.582148"><ele>989.609</ele><time>2022-04-30T07:11:21Z</time></trkpt><trkpt lat="9.878811" lon="-83.582138"><ele>989.609</ele><time>2022-04-30T07:11:23Z</time></trkpt><trkpt lat="9.878802" lon="-83.582135"><ele>989.692</ele><time>2022-04-30T07:11:24Z</time></trkpt><trkpt lat="9.878779" lon="-83.582125"><ele>989.831</ele><time>2022-04-30T07:11:26Z</time></trkpt><trkpt lat="9.878779" lon="-83.582123"><ele>990.280</ele><time>2022-04-30T07:11:27Z</time></trkpt><trkpt lat="9.878777" lon="-83.58212"><ele>990.441</ele><time>2022-04-30T07:11:28Z</time></trkpt><trkpt lat="9.87877" lon="-83.582117"><ele>990.639</ele><time>2022-04-30T07:11:29Z</time></trkpt><trkpt lat="9.87876" lon="-83.582113"><ele>990.837</ele><time>2022-04-30T07:11:30Z</time></trkpt><trkpt lat="9.878754" lon="-83.582109"><ele>991.038</ele><time>2022-04-30T07:11:31Z</time></trkpt><trkpt lat="9.878742" lon="-83.582093"><ele>991.694</ele><time>2022-04-30T07:11:34Z</time></trkpt><trkpt lat="9.878725" lon="-83.582084"><ele>992.816</ele><time>2022-04-30T07:11:36Z</time></trkpt><trkpt lat="9.878697" lon="-83.582064"><ele>994.066</ele><time>2022-04-30T07:11:39Z</time></trkpt><trkpt lat="9.878691" lon="-83.582058"><ele>994.829</ele><time>2022-04-30T07:11:40Z</time></trkpt><trkpt lat="9.878687" lon="-83.58205"><ele>995.021</ele><time>2022-04-30T07:11:41Z</time></trkpt><trkpt lat="9.878663" lon="-83.58203"><ele>996.009</ele><time>2022-04-30T07:11:45Z</time></trkpt><trkpt lat="9.878618" lon="-83.581994"><ele>996.487</ele><time>2022-04-30T07:11:51Z</time></trkpt><trkpt lat="9.878568" lon="-83.581968"><ele>997.026</ele><time>2022-04-30T07:11:57Z</time></trkpt><trkpt lat="9.87855" lon="-83.581962"><ele>997.295</ele><time>2022-04-30T07:11:59Z</time></trkpt><trkpt lat="9.878537" lon="-83.581948"><ele>998.076</ele><time>2022-04-30T07:12:01Z</time></trkpt><trkpt lat="9.878537" lon="-83.581942"><ele>998.254</ele><time>2022-04-30T07:12:02Z</time></trkpt><trkpt lat="9.878522" lon="-83.581934"><ele>998.652</ele><time>2022-04-30T07:12:04Z</time></trkpt><trkpt lat="9.878515" lon="-83.581927"><ele>999.033</ele><time>2022-04-30T07:12:05Z</time></trkpt><trkpt lat="9.878497" lon="-83.5819"><ele>1000.219</ele><time>2022-04-30T07:12:09Z</time></trkpt><trkpt lat="9.878484" lon="-83.581878"><ele>1000.891</ele><time>2022-04-30T07:12:12Z</time></trkpt><trkpt lat="9.87847" lon="-83.581846"><ele>1000.841</ele><time>2022-04-30T07:12:15Z</time></trkpt><trkpt lat="9.878466" lon="-83.581841"><ele>1000.881</ele><time>2022-04-30T07:12:16Z</time></trkpt><trkpt lat="9.878447" lon="-83.581831"><ele>1000.609</ele><time>2022-04-30T07:12:18Z</time></trkpt><trkpt lat="9.878436" lon="-83.581818"><ele>1000.609</ele><time>2022-04-30T07:12:20Z</time></trkpt><trkpt lat="9.87843" lon="-83.581812"><ele>1000.665</ele><time>2022-04-30T07:12:21Z</time></trkpt><trkpt lat="9.878412" lon="-83.581796"><ele>1000.684</ele><time>2022-04-30T07:12:23Z</time></trkpt><trkpt lat="9.8784" lon="-83.581772"><ele>1001.233</ele><time>2022-04-30T07:12:26Z</time></trkpt><trkpt lat="9.878396" lon="-83.581757"><ele>1002.664</ele><time>2022-04-30T07:12:28Z</time></trkpt><trkpt lat="9.878393" lon="-83.581748"><ele>1003.082</ele><time>2022-04-30T07:12:29Z</time></trkpt><trkpt lat="9.878391" lon="-83.581738"><ele>1003.840</ele><time>2022-04-30T07:12:30Z</time></trkpt><trkpt lat="9.878387" lon="-83.581731"><ele>1004.241</ele><time>2022-04-30T07:12:31Z</time></trkpt><trkpt lat="9.878377" lon="-83.581717"><ele>1004.647</ele><time>2022-04-30T07:12:33Z</time></trkpt><trkpt lat="9.878379" lon="-83.581706"><ele>1004.629</ele><time>2022-04-30T07:12:34Z</time></trkpt><trkpt lat="9.878376" lon="-83.581669"><ele>1005.288</ele><time>2022-04-30T07:12:38Z</time></trkpt><trkpt lat="9.878367" lon="-83.581637"><ele>1005.624</ele><time>2022-04-30T07:12:41Z</time></trkpt><trkpt lat="9.878364" lon="-83.581628"><ele>1005.826</ele><time>2022-04-30T07:12:42Z</time></trkpt><trkpt lat="9.878356" lon="-83.581606"><ele>1006.009</ele><time>2022-04-30T07:12:44Z</time></trkpt><trkpt lat="9.878358" lon="-83.581597"><ele>1006.219</ele><time>2022-04-30T07:12:45Z</time></trkpt><trkpt lat="9.878352" lon="-83.581566"><ele>1006.698</ele><time>2022-04-30T07:12:48Z</time></trkpt><trkpt lat="9.878351" lon="-83.581553"><ele>1006.897</ele><time>2022-04-30T07:12:49Z</time></trkpt><trkpt lat="9.878348" lon="-83.581545"><ele>1006.868</ele><time>2022-04-30T07:12:50Z</time></trkpt><trkpt lat="9.878346" lon="-83.58151"><ele>1007.426</ele><time>2022-04-30T07:12:53Z</time></trkpt><trkpt lat="9.878343" lon="-83.581495"><ele>1007.644</ele><time>2022-04-30T07:12:54Z</time></trkpt><trkpt lat="9.878335" lon="-83.58148"><ele>1007.635</ele><time>2022-04-30T07:12:57Z</time></trkpt><trkpt lat="9.878331" lon="-83.581483"><ele>1007.821</ele><time>2022-04-30T07:12:58Z</time></trkpt><trkpt lat="9.878301" lon="-83.581449"><ele>1007.893</ele><time>2022-04-30T07:13:04Z</time></trkpt><trkpt lat="9.878286" lon="-83.581433"><ele>1007.847</ele><time>2022-04-30T07:13:06Z</time></trkpt><trkpt lat="9.878272" lon="-83.581415"><ele>1007.829</ele><time>2022-04-30T07:13:08Z</time></trkpt><trkpt lat="9.878256" lon="-83.581396"><ele>1008.621</ele><time>2022-04-30T07:13:11Z</time></trkpt><trkpt lat="9.878219" lon="-83.581377"><ele>1009.609</ele><time>2022-04-30T07:13:18Z</time></trkpt><trkpt lat="9.878205" lon="-83.581381"><ele>1009.685</ele><time>2022-04-30T07:13:19Z</time></trkpt><trkpt lat="9.878198" lon="-83.581381"><ele>1010.054</ele><time>2022-04-30T07:13:21Z</time></trkpt><trkpt lat="9.878191" lon="-83.581382"><ele>1010.013</ele><time>2022-04-30T07:13:22Z</time></trkpt><trkpt lat="9.878189" lon="-83.581385"><ele>1010.214</ele><time>2022-04-30T07:13:23Z</time></trkpt><trkpt lat="9.878192" lon="-83.581387"><ele>1010.272</ele><time>2022-04-30T07:13:24Z</time></trkpt><trkpt lat="9.878186" lon="-83.58139"><ele>1010.250</ele><time>2022-04-30T07:13:26Z</time></trkpt><trkpt lat="9.878153" lon="-83.581403"><ele>1010.461</ele><time>2022-04-30T07:13:29Z</time></trkpt><trkpt lat="9.878153" lon="-83.581419"><ele>1010.017</ele><time>2022-04-30T07:13:32Z</time></trkpt><trkpt lat="9.878141" lon="-83.581428"><ele>1010.069</ele><time>2022-04-30T07:13:33Z</time></trkpt><trkpt lat="9.878128" lon="-83.581436"><ele>1010.097</ele><time>2022-04-30T07:13:34Z</time></trkpt><trkpt lat="9.878114" lon="-83.581454"><ele>1010.623</ele><time>2022-04-30T07:13:38Z</time></trkpt><trkpt lat="9.878118" lon="-83.581461"><ele>1011.225</ele><time>2022-04-30T07:13:39Z</time></trkpt><trkpt lat="9.878111" lon="-83.581467"><ele>1011.809</ele><time>2022-04-30T07:13:40Z</time></trkpt><trkpt lat="9.878095" lon="-83.581484"><ele>1012.210</ele><time>2022-04-30T07:13:42Z</time></trkpt><trkpt lat="9.878094" lon="-83.5815"><ele>1012.659</ele><time>2022-04-30T07:13:44Z</time></trkpt><trkpt lat="9.878088" lon="-83.581517"><ele>1012.858</ele><time>2022-04-30T07:13:46Z</time></trkpt><trkpt lat="9.878076" lon="-83.581557"><ele>1013.019</ele><time>2022-04-30T07:13:50Z</time></trkpt><trkpt lat="9.878121" lon="-83.581638"><ele>1013.297</ele><time>2022-04-30T07:13:57Z</time></trkpt><trkpt lat="9.878156" lon="-83.581669"><ele>1013.495</ele><time>2022-04-30T07:14:01Z</time></trkpt><trkpt lat="9.878162" lon="-83.581672"><ele>1013.676</ele><time>2022-04-30T07:14:02Z</time></trkpt><trkpt lat="9.87819" lon="-83.581815"><ele>1014.812</ele><time>2022-04-30T07:14:43Z</time></trkpt><trkpt lat="9.878205" lon="-83.581829"><ele>1015.044</ele><time>2022-04-30T07:14:44Z</time></trkpt><trkpt lat="9.878234" lon="-83.581851"><ele>1015.292</ele><time>2022-04-30T07:14:46Z</time></trkpt><trkpt lat="9.878242" lon="-83.581873"><ele>1015.673</ele><time>2022-04-30T07:14:48Z</time></trkpt><trkpt lat="9.878258" lon="-83.581892"><ele>1016.020</ele><time>2022-04-30T07:14:50Z</time></trkpt><trkpt lat="9.878256" lon="-83.581907"><ele>1016.209</ele><time>2022-04-30T07:14:51Z</time></trkpt><trkpt lat="9.878257" lon="-83.581935"><ele>1016.210</ele><time>2022-04-30T07:14:53Z</time></trkpt><trkpt lat="9.878263" lon="-83.581944"><ele>1016.479</ele><time>2022-04-30T07:14:54Z</time></trkpt><trkpt lat="9.878278" lon="-83.581969"><ele>1016.478</ele><time>2022-04-30T07:14:57Z</time></trkpt><trkpt lat="9.878282" lon="-83.581981"><ele>1016.419</ele><time>2022-04-30T07:14:58Z</time></trkpt><trkpt lat="9.878296" lon="-83.581991"><ele>1016.627</ele><time>2022-04-30T07:15:00Z</time></trkpt><trkpt lat="9.87831" lon="-83.582011"><ele>1016.855</ele><time>2022-04-30T07:15:02Z</time></trkpt><trkpt lat="9.878312" lon="-83.582034"><ele>1017.276</ele><time>2022-04-30T07:15:04Z</time></trkpt><trkpt lat="9.878322" lon="-83.582092"><ele>1017.482</ele><time>2022-04-30T07:15:08Z</time></trkpt><trkpt lat="9.878327" lon="-83.582101"><ele>1018.064</ele><time>2022-04-30T07:15:09Z</time></trkpt><trkpt lat="9.878331" lon="-83.582139"><ele>1018.662</ele><time>2022-04-30T07:15:12Z</time></trkpt><trkpt lat="9.878332" lon="-83.582151"><ele>1018.883</ele><time>2022-04-30T07:15:14Z</time></trkpt><trkpt lat="9.878336" lon="-83.58216"><ele>1019.011</ele><time>2022-04-30T07:15:15Z</time></trkpt><trkpt lat="9.878338" lon="-83.582165"><ele>1019.009</ele><time>2022-04-30T07:15:16Z</time></trkpt><trkpt lat="9.878342" lon="-83.582186"><ele>1019.097</ele><time>2022-04-30T07:15:18Z</time></trkpt><trkpt lat="9.878346" lon="-83.58221"><ele>1019.016</ele><time>2022-04-30T07:15:21Z</time></trkpt><trkpt lat="9.878349" lon="-83.582229"><ele>1019.035</ele><time>2022-04-30T07:15:24Z</time></trkpt><trkpt lat="9.878348" lon="-83.582237"><ele>1018.856</ele><time>2022-04-30T07:15:25Z</time></trkpt><trkpt lat="9.878367" lon="-83.582266"><ele>1019.034</ele><time>2022-04-30T07:15:30Z</time></trkpt><trkpt lat="9.878374" lon="-83.582272"><ele>1019.052</ele><time>2022-04-30T07:15:31Z</time></trkpt><trkpt lat="9.878386" lon="-83.582285"><ele>1019.283</ele><time>2022-04-30T07:15:33Z</time></trkpt><trkpt lat="9.878395" lon="-83.582291"><ele>1019.699</ele><time>2022-04-30T07:15:34Z</time></trkpt><trkpt lat="9.878403" lon="-83.582302"><ele>1019.831</ele><time>2022-04-30T07:15:35Z</time></trkpt><trkpt lat="9.878405" lon="-83.58233"><ele>1021.048</ele><time>2022-04-30T07:15:38Z</time></trkpt><trkpt lat="9.878405" lon="-83.582343"><ele>1021.261</ele><time>2022-04-30T07:15:39Z</time></trkpt><trkpt lat="9.878401" lon="-83.582363"><ele>1021.417</ele><time>2022-04-30T07:15:41Z</time></trkpt><trkpt lat="9.878454" lon="-83.582396"><ele>1021.809</ele><time>2022-04-30T07:15:46Z</time></trkpt><trkpt lat="9.87846" lon="-83.582411"><ele>1021.835</ele><time>2022-04-30T07:15:47Z</time></trkpt><trkpt lat="9.878438" lon="-83.582457"><ele>1022.054</ele><time>2022-04-30T07:15:51Z</time></trkpt><trkpt lat="9.878442" lon="-83.582471"><ele>1022.483</ele><time>2022-04-30T07:15:52Z</time></trkpt><trkpt lat="9.878446" lon="-83.58248"><ele>1022.614</ele><time>2022-04-30T07:15:53Z</time></trkpt><trkpt lat="9.878439" lon="-83.582515"><ele>1023.042</ele><time>2022-04-30T07:15:57Z</time></trkpt><trkpt lat="9.878444" lon="-83.582525"><ele>1023.480</ele><time>2022-04-30T07:15:59Z</time></trkpt><trkpt lat="9.878444" lon="-83.58256"><ele>1023.661</ele><time>2022-04-30T07:16:03Z</time></trkpt><trkpt lat="9.87847" lon="-83.582594"><ele>1024.257</ele><time>2022-04-30T07:16:08Z</time></trkpt><trkpt lat="9.878486" lon="-83.582623"><ele>1024.619</ele><time>2022-04-30T07:16:10Z</time></trkpt><trkpt lat="9.878482" lon="-83.582685"><ele>1025.428</ele><time>2022-04-30T07:16:16Z</time></trkpt><trkpt lat="9.878486" lon="-83.582707"><ele>1025.689</ele><time>2022-04-30T07:16:18Z</time></trkpt><trkpt lat="9.878518" lon="-83.582718"><ele>1026.017</ele><time>2022-04-30T07:16:22Z</time></trkpt><trkpt lat="9.878523" lon="-83.582721"><ele>1026.009</ele><time>2022-04-30T07:16:23Z</time></trkpt><trkpt lat="9.878538" lon="-83.582755"><ele>1026.453</ele><time>2022-04-30T07:16:26Z</time></trkpt><trkpt lat="9.878555" lon="-83.58276"><ele>1026.822</ele><time>2022-04-30T07:16:29Z</time></trkpt><trkpt lat="9.878606" lon="-83.582802"><ele>1028.491</ele><time>2022-04-30T07:19:41Z</time></trkpt><trkpt lat="9.878606" lon="-83.582808"><ele>1028.232</ele><time>2022-04-30T07:19:42Z</time></trkpt><trkpt lat="9.878606" lon="-83.582817"><ele>1028.460</ele><time>2022-04-30T07:19:43Z</time></trkpt><trkpt lat="9.87861" lon="-83.582829"><ele>1028.468</ele><time>2022-04-30T07:19:45Z</time></trkpt><trkpt lat="9.878612" lon="-83.582853"><ele>1029.039</ele><time>2022-04-30T07:19:48Z</time></trkpt><trkpt lat="9.87862" lon="-83.582867"><ele>1029.015</ele><time>2022-04-30T07:19:50Z</time></trkpt><trkpt lat="9.878623" lon="-83.58289"><ele>1029.217</ele><time>2022-04-30T07:19:53Z</time></trkpt><trkpt lat="9.878621" lon="-83.582901"><ele>1029.246</ele><time>2022-04-30T07:19:54Z</time></trkpt><trkpt lat="9.878632" lon="-83.582977"><ele>1030.488</ele><time>2022-04-30T07:19:59Z</time></trkpt><trkpt lat="9.878627" lon="-83.582995"><ele>1030.816</ele><time>2022-04-30T07:20:01Z</time></trkpt><trkpt lat="9.878627" lon="-83.583018"><ele>1030.809</ele><time>2022-04-30T07:20:02Z</time></trkpt><trkpt lat="9.878576" lon="-83.583072"><ele>1031.425</ele><time>2022-04-30T07:20:07Z</time></trkpt><trkpt lat="9.878571" lon="-83.583084"><ele>1031.654</ele><time>2022-04-30T07:20:09Z</time></trkpt><trkpt lat="9.87857" lon="-83.583097"><ele>1032.063</ele><time>2022-04-30T07:20:12Z</time></trkpt><trkpt lat="9.878575" lon="-83.583112"><ele>1032.674</ele><time>2022-04-30T07:20:14Z</time></trkpt><trkpt lat="9.878568" lon="-83.583131"><ele>1032.852</ele><time>2022-04-30T07:20:17Z</time></trkpt><trkpt lat="9.878549" lon="-83.583144"><ele>1032.830</ele><time>2022-04-30T07:20:19Z</time></trkpt><trkpt lat="9.878554" lon="-83.583151"><ele>1033.051</ele><time>2022-04-30T07:20:21Z</time></trkpt><trkpt lat="9.878544" lon="-83.583181"><ele>1032.867</ele><time>2022-04-30T07:20:25Z</time></trkpt><trkpt lat="9.87854" lon="-83.583207"><ele>1032.619</ele><time>2022-04-30T07:20:27Z</time></trkpt><trkpt lat="9.878546" lon="-83.583223"><ele>1033.648</ele><time>2022-04-30T07:20:29Z</time></trkpt><trkpt lat="9.878553" lon="-83.583242"><ele>1033.861</ele><time>2022-04-30T07:20:30Z</time></trkpt><trkpt lat="9.878553" lon="-83.583246"><ele>1033.817</ele><time>2022-04-30T07:20:31Z</time></trkpt><trkpt lat="9.878556" lon="-83.583249"><ele>1034.209</ele><time>2022-04-30T07:20:32Z</time></trkpt><trkpt lat="9.87856" lon="-83.583251"><ele>1034.265</ele><time>2022-04-30T07:20:33Z</time></trkpt><trkpt lat="9.878575" lon="-83.583267"><ele>1034.894</ele><time>2022-04-30T07:20:34Z</time></trkpt><trkpt lat="9.878655" lon="-83.583343"><ele>1036.063</ele><time>2022-04-30T07:20:38Z</time></trkpt><trkpt lat="9.878687" lon="-83.583361"><ele>1036.224</ele><time>2022-04-30T07:20:39Z</time></trkpt><trkpt lat="9.878734" lon="-83.583395"><ele>1037.072</ele><time>2022-04-30T07:20:44Z</time></trkpt><trkpt lat="9.878743" lon="-83.58343"><ele>1037.010</ele><time>2022-04-30T07:20:46Z</time></trkpt><trkpt lat="9.878772" lon="-83.583443"><ele>1037.041</ele><time>2022-04-30T07:20:49Z</time></trkpt><trkpt lat="9.878795" lon="-83.583491"><ele>1037.877</ele><time>2022-04-30T07:20:55Z</time></trkpt><trkpt lat="9.878804" lon="-83.583495"><ele>1038.419</ele><time>2022-04-30T07:20:57Z</time></trkpt><trkpt lat="9.878814" lon="-83.583507"><ele>1038.655</ele><time>2022-04-30T07:20:59Z</time></trkpt><trkpt lat="9.878848" lon="-83.583541"><ele>1039.007</ele><time>2022-04-30T07:21:05Z</time></trkpt><trkpt lat="9.878858" lon="-83.583544"><ele>1039.617</ele><time>2022-04-30T07:21:06Z</time></trkpt><trkpt lat="9.878886" lon="-83.583558"><ele>1040.009</ele><time>2022-04-30T07:21:09Z</time></trkpt><trkpt lat="9.878902" lon="-83.583567"><ele>1040.286</ele><time>2022-04-30T07:21:11Z</time></trkpt><trkpt lat="9.878902" lon="-83.583589"><ele>1040.295</ele><time>2022-04-30T07:21:13Z</time></trkpt><trkpt lat="9.878977" lon="-83.583621"><ele>1040.274</ele><time>2022-04-30T07:21:19Z</time></trkpt><trkpt lat="9.879009" lon="-83.58365"><ele>1040.295</ele><time>2022-04-30T07:21:23Z</time></trkpt><trkpt lat="9.879027" lon="-83.583667"><ele>1040.693</ele><time>2022-04-30T07:21:25Z</time></trkpt><trkpt lat="9.87903" lon="-83.583671"><ele>1041.461</ele><time>2022-04-30T07:21:27Z</time></trkpt><trkpt lat="9.879035" lon="-83.583678"><ele>1041.632</ele><time>2022-04-30T07:21:29Z</time></trkpt><trkpt lat="9.879038" lon="-83.583688"><ele>1041.868</ele><time>2022-04-30T07:21:32Z</time></trkpt><trkpt lat="9.879064" lon="-83.583754"><ele>1042.030</ele><time>2022-04-30T07:21:39Z</time></trkpt><trkpt lat="9.879107" lon="-83.58378"><ele>1042.627</ele><time>2022-04-30T07:21:44Z</time></trkpt><trkpt lat="9.879119" lon="-83.583787"><ele>1043.268</ele><time>2022-04-30T07:21:45Z</time></trkpt><trkpt lat="9.879129" lon="-83.583801"><ele>1043.414</ele><time>2022-04-30T07:21:46Z</time></trkpt><trkpt lat="9.879122" lon="-83.583815"><ele>1043.609</ele><time>2022-04-30T07:21:48Z</time></trkpt><trkpt lat="9.879134" lon="-83.583848"><ele>1043.853</ele><time>2022-04-30T07:21:52Z</time></trkpt><trkpt lat="9.879153" lon="-83.583878"><ele>1043.832</ele><time>2022-04-30T07:21:56Z</time></trkpt><trkpt lat="9.879159" lon="-83.583904"><ele>1043.881</ele><time>2022-04-30T07:21:59Z</time></trkpt><trkpt lat="9.879168" lon="-83.583928"><ele>1044.482</ele><time>2022-04-30T07:22:01Z</time></trkpt><trkpt lat="9.879195" lon="-83.583948"><ele>1044.890</ele><time>2022-04-30T07:22:03Z</time></trkpt><trkpt lat="9.879235" lon="-83.58397"><ele>1045.438</ele><time>2022-04-30T07:22:08Z</time></trkpt><trkpt lat="9.879237" lon="-83.58398"><ele>1045.469</ele><time>2022-04-30T07:22:09Z</time></trkpt><trkpt lat="9.879276" lon="-83.584014"><ele>1046.255</ele><time>2022-04-30T07:22:14Z</time></trkpt><trkpt lat="9.879289" lon="-83.584022"><ele>1046.457</ele><time>2022-04-30T07:22:16Z</time></trkpt><trkpt lat="9.879292" lon="-83.584047"><ele>1046.671</ele><time>2022-04-30T07:22:19Z</time></trkpt><trkpt lat="9.879334" lon="-83.584087"><ele>1047.041</ele><time>2022-04-30T07:22:25Z</time></trkpt><trkpt lat="9.879359" lon="-83.58414"><ele>1047.415</ele><time>2022-04-30T07:22:31Z</time></trkpt><trkpt lat="9.879363" lon="-83.584147"><ele>1047.609</ele><time>2022-04-30T07:22:32Z</time></trkpt><trkpt lat="9.879398" lon="-83.584187"><ele>1048.638</ele><time>2022-04-30T07:22:38Z</time></trkpt><trkpt lat="9.879397" lon="-83.584199"><ele>1048.687</ele><time>2022-04-30T07:22:39Z</time></trkpt><trkpt lat="9.87945" lon="-83.584251"><ele>1048.896</ele><time>2022-04-30T07:22:45Z</time></trkpt><trkpt lat="9.879568" lon="-83.584371"><ele>1050.417</ele><time>2022-04-30T07:23:00Z</time></trkpt><trkpt lat="9.879598" lon="-83.584387"><ele>1050.675</ele><time>2022-04-30T07:23:03Z</time></trkpt><trkpt lat="9.879603" lon="-83.584392"><ele>1050.893</ele><time>2022-04-30T07:23:04Z</time></trkpt><trkpt lat="9.879617" lon="-83.584435"><ele>1051.244</ele><time>2022-04-30T07:23:11Z</time></trkpt><trkpt lat="9.879648" lon="-83.584488"><ele>1051.620</ele><time>2022-04-30T07:23:17Z</time></trkpt><trkpt lat="9.879661" lon="-83.584505"><ele>1051.872</ele><time>2022-04-30T07:23:19Z</time></trkpt><trkpt lat="9.879664" lon="-83.584574"><ele>1052.228</ele><time>2022-04-30T07:23:25Z</time></trkpt><trkpt lat="9.879697" lon="-83.584623"><ele>1052.889</ele><time>2022-04-30T07:23:30Z</time></trkpt><trkpt lat="9.879697" lon="-83.584635"><ele>1052.817</ele><time>2022-04-30T07:23:31Z</time></trkpt><trkpt lat="9.879732" lon="-83.584675"><ele>1054.209</ele><time>2022-04-30T07:23:35Z</time></trkpt><trkpt lat="9.879757" lon="-83.584674"><ele>1054.483</ele><time>2022-04-30T07:23:37Z</time></trkpt><trkpt lat="9.879815" lon="-83.584667"><ele>1055.282</ele><time>2022-04-30T07:23:40Z</time></trkpt><trkpt lat="9.879829" lon="-83.58468"><ele>1055.691</ele><time>2022-04-30T07:23:42Z</time></trkpt><trkpt lat="9.879863" lon="-83.584714"><ele>1055.812</ele><time>2022-04-30T07:23:46Z</time></trkpt><trkpt lat="9.879929" lon="-83.584731"><ele>1057.080</ele><time>2022-04-30T07:25:51Z</time></trkpt><trkpt lat="9.879931" lon="-83.584749"><ele>1057.678</ele><time>2022-04-30T07:25:53Z</time></trkpt><trkpt lat="9.879937" lon="-83.584777"><ele>1057.639</ele><time>2022-04-30T07:25:55Z</time></trkpt><trkpt lat="9.879939" lon="-83.58481"><ele>1058.095</ele><time>2022-04-30T07:25:57Z</time></trkpt><trkpt lat="9.879929" lon="-83.58484"><ele>1058.417</ele><time>2022-04-30T07:25:59Z</time></trkpt><trkpt lat="9.879915" lon="-83.584868"><ele>1059.079</ele><time>2022-04-30T07:26:02Z</time></trkpt><trkpt lat="9.879911" lon="-83.584892"><ele>1059.605</ele><time>2022-04-30T07:26:05Z</time></trkpt><trkpt lat="9.879864" lon="-83.584921"><ele>1060.225</ele><time>2022-04-30T07:26:10Z</time></trkpt><trkpt lat="9.879868" lon="-83.584933"><ele>1060.209</ele><time>2022-04-30T07:26:11Z</time></trkpt><trkpt lat="9.87987" lon="-83.584942"><ele>1060.498</ele><time>2022-04-30T07:26:13Z</time></trkpt><trkpt lat="9.879861" lon="-83.584973"><ele>1061.047</ele><time>2022-04-30T07:26:17Z</time></trkpt><trkpt lat="9.879886" lon="-83.584976"><ele>1061.446</ele><time>2022-04-30T07:26:19Z</time></trkpt><trkpt lat="9.879903" lon="-83.584995"><ele>1062.047</ele><time>2022-04-30T07:26:24Z</time></trkpt><trkpt lat="9.879911" lon="-83.585015"><ele>1062.465</ele><time>2022-04-30T07:26:26Z</time></trkpt><trkpt lat="9.879905" lon="-83.585019"><ele>1062.213</ele><time>2022-04-30T07:26:38Z</time></trkpt><trkpt lat="9.879894" lon="-83.585017"><ele>1062.464</ele><time>2022-04-30T07:26:39Z</time></trkpt><trkpt lat="9.879883" lon="-83.585011"><ele>1062.410</ele><time>2022-04-30T07:26:41Z</time></trkpt><trkpt lat="9.879884" lon="-83.585005"><ele>1062.412</ele><time>2022-04-30T07:26:42Z</time></trkpt><trkpt lat="9.879884" lon="-83.584999"><ele>1062.892</ele><time>2022-04-30T07:26:43Z</time></trkpt><trkpt lat="9.879846" lon="-83.584984"><ele>1063.473</ele><time>2022-04-30T07:26:48Z</time></trkpt><trkpt lat="9.879843" lon="-83.584973"><ele>1063.620</ele><time>2022-04-30T07:26:49Z</time></trkpt><trkpt lat="9.879843" lon="-83.584965"><ele>1063.609</ele><time>2022-04-30T07:26:50Z</time></trkpt><trkpt lat="9.879854" lon="-83.584942"><ele>1064.060</ele><time>2022-04-30T07:26:52Z</time></trkpt><trkpt lat="9.879856" lon="-83.584909"><ele>1064.639</ele><time>2022-04-30T07:26:57Z</time></trkpt><trkpt lat="9.879853" lon="-83.584903"><ele>1064.668</ele><time>2022-04-30T07:26:58Z</time></trkpt><trkpt lat="9.879839" lon="-83.584897"><ele>1064.889</ele><time>2022-04-30T07:26:59Z</time></trkpt><trkpt lat="9.879852" lon="-83.584867"><ele>1065.257</ele><time>2022-04-30T07:27:03Z</time></trkpt><trkpt lat="9.879855" lon="-83.58485"><ele>1065.445</ele><time>2022-04-30T07:27:05Z</time></trkpt><trkpt lat="9.879853" lon="-83.584838"><ele>1065.836</ele><time>2022-04-30T07:27:06Z</time></trkpt><trkpt lat="9.879848" lon="-83.58482"><ele>1066.062</ele><time>2022-04-30T07:27:09Z</time></trkpt><trkpt lat="9.879824" lon="-83.5848"><ele>1066.814</ele><time>2022-04-30T07:27:13Z</time></trkpt><trkpt lat="9.879801" lon="-83.584793"><ele>1067.039</ele><time>2022-04-30T07:27:15Z</time></trkpt><trkpt lat="9.879797" lon="-83.584789"><ele>1067.201</ele><time>2022-04-30T07:27:16Z</time></trkpt><trkpt lat="9.879776" lon="-83.584772"><ele>1067.421</ele><time>2022-04-30T07:27:20Z</time></trkpt><trkpt lat="9.879762" lon="-83.584761"><ele>1068.009</ele><time>2022-04-30T07:27:23Z</time></trkpt><trkpt lat="9.879741" lon="-83.584747"><ele>1068.614</ele><time>2022-04-30T07:27:26Z</time></trkpt><trkpt lat="9.879706" lon="-83.584717"><ele>1069.223</ele><time>2022-04-30T07:27:33Z</time></trkpt><trkpt lat="9.879681" lon="-83.584708"><ele>1069.462</ele><time>2022-04-30T07:27:36Z</time></trkpt><trkpt lat="9.879664" lon="-83.584703"><ele>1069.643</ele><time>2022-04-30T07:27:38Z</time></trkpt><trkpt lat="9.879642" lon="-83.584689"><ele>1070.061</ele><time>2022-04-30T07:27:42Z</time></trkpt><trkpt lat="9.879605" lon="-83.584668"><ele>1070.629</ele><time>2022-04-30T07:27:47Z</time></trkpt><trkpt lat="9.879599" lon="-83.584661"><ele>1070.620</ele><time>2022-04-30T07:27:48Z</time></trkpt><trkpt lat="9.879597" lon="-83.584658"><ele>1070.856</ele><time>2022-04-30T07:27:49Z</time></trkpt><trkpt lat="9.879594" lon="-83.584647"><ele>1071.048</ele><time>2022-04-30T07:27:52Z</time></trkpt><trkpt lat="9.879573" lon="-83.584639"><ele>1071.072</ele><time>2022-04-30T07:27:54Z</time></trkpt><trkpt lat="9.879554" lon="-83.584625"><ele>1071.613</ele><time>2022-04-30T07:27:57Z</time></trkpt><trkpt lat="9.879546" lon="-83.584619"><ele>1072.214</ele><time>2022-04-30T07:28:00Z</time></trkpt><trkpt lat="9.879525" lon="-83.584616"><ele>1072.009</ele><time>2022-04-30T07:28:07Z</time></trkpt><trkpt lat="9.879524" lon="-83.584614"><ele>1071.818</ele><time>2022-04-30T07:28:10Z</time></trkpt><trkpt lat="9.879524" lon="-83.584614"><ele>1071.867</ele><time>2022-04-30T07:28:22Z</time></trkpt><trkpt lat="9.879503" lon="-83.584606"><ele>1071.896</ele><time>2022-04-30T07:28:33Z</time></trkpt><trkpt lat="9.879478" lon="-83.58459"><ele>1072.077</ele><time>2022-04-30T07:28:37Z</time></trkpt><trkpt lat="9.879426" lon="-83.584566"><ele>1072.825</ele><time>2022-04-30T07:28:44Z</time></trkpt><trkpt lat="9.879409" lon="-83.584554"><ele>1073.023</ele><time>2022-04-30T07:28:47Z</time></trkpt><trkpt lat="9.879389" lon="-83.584555"><ele>1073.834</ele><time>2022-04-30T07:28:50Z</time></trkpt><trkpt lat="9.879383" lon="-83.584556"><ele>1074.490</ele><time>2022-04-30T07:28:51Z</time></trkpt><trkpt lat="9.879344" lon="-83.584553"><ele>1074.682</ele><time>2022-04-30T07:29:03Z</time></trkpt><trkpt lat="9.879326" lon="-83.584545"><ele>1074.661</ele><time>2022-04-30T07:29:05Z</time></trkpt><trkpt lat="9.879294" lon="-83.584538"><ele>1075.021</ele><time>2022-04-30T07:29:08Z</time></trkpt><trkpt lat="9.879281" lon="-83.584533"><ele>1075.613</ele><time>2022-04-30T07:29:09Z</time></trkpt><trkpt lat="9.879264" lon="-83.584519"><ele>1076.209</ele><time>2022-04-30T07:29:11Z</time></trkpt><trkpt lat="9.879246" lon="-83.584518"><ele>1076.477</ele><time>2022-04-30T07:29:13Z</time></trkpt><trkpt lat="9.879209" lon="-83.584517"><ele>1076.656</ele><time>2022-04-30T07:29:16Z</time></trkpt><trkpt lat="9.879163" lon="-83.58452"><ele>1076.655</ele><time>2022-04-30T07:29:21Z</time></trkpt><trkpt lat="9.879127" lon="-83.584525"><ele>1076.666</ele><time>2022-04-30T07:29:25Z</time></trkpt><trkpt lat="9.879068" lon="-83.584531"><ele>1077.884</ele><time>2022-04-30T07:29:31Z</time></trkpt><trkpt lat="9.879057" lon="-83.584534"><ele>1078.452</ele><time>2022-04-30T07:29:32Z</time></trkpt><trkpt lat="9.879041" lon="-83.584539"><ele>1079.863</ele><time>2022-04-30T07:29:34Z</time></trkpt><trkpt lat="9.879019" lon="-83.584535"><ele>1080.869</ele><time>2022-04-30T07:29:37Z</time></trkpt><trkpt lat="9.878975" lon="-83.584513"><ele>1081.061</ele><time>2022-04-30T07:29:43Z</time></trkpt><trkpt lat="9.878968" lon="-83.584508"><ele>1081.245</ele><time>2022-04-30T07:29:44Z</time></trkpt><trkpt lat="9.878943" lon="-83.584487"><ele>1081.447</ele><time>2022-04-30T07:29:49Z</time></trkpt><trkpt lat="9.878926" lon="-83.584482"><ele>1082.011</ele><time>2022-04-30T07:29:51Z</time></trkpt><trkpt lat="9.878921" lon="-83.584473"><ele>1082.409</ele><time>2022-04-30T07:29:53Z</time></trkpt><trkpt lat="9.878905" lon="-83.584449"><ele>1083.075</ele><time>2022-04-30T07:29:56Z</time></trkpt><trkpt lat="9.8789" lon="-83.584441"><ele>1083.294</ele><time>2022-04-30T07:29:57Z</time></trkpt><trkpt lat="9.878873" lon="-83.584412"><ele>1084.093</ele><time>2022-04-30T07:30:02Z</time></trkpt><trkpt lat="9.878866" lon="-83.5844"><ele>1084.444</ele><time>2022-04-30T07:30:04Z</time></trkpt><trkpt lat="9.878838" lon="-83.584384"><ele>1084.872</ele><time>2022-04-30T07:30:09Z</time></trkpt><trkpt lat="9.878824" lon="-83.584374"><ele>1085.480</ele><time>2022-04-30T07:30:11Z</time></trkpt><trkpt lat="9.878818" lon="-83.584372"><ele>1085.431</ele><time>2022-04-30T07:30:12Z</time></trkpt><trkpt lat="9.8788" lon="-83.584369"><ele>1085.657</ele><time>2022-04-30T07:30:14Z</time></trkpt><trkpt lat="9.878766" lon="-83.584372"><ele>1086.029</ele><time>2022-04-30T07:30:18Z</time></trkpt><trkpt lat="9.878754" lon="-83.584375"><ele>1086.641</ele><time>2022-04-30T07:30:20Z</time></trkpt><trkpt lat="9.878743" lon="-83.584379"><ele>1086.881</ele><time>2022-04-30T07:30:21Z</time></trkpt><trkpt lat="9.878698" lon="-83.584394"><ele>1087.409</ele><time>2022-04-30T07:30:26Z</time></trkpt><trkpt lat="9.878674" lon="-83.584405"><ele>1087.409</ele><time>2022-04-30T07:30:29Z</time></trkpt><trkpt lat="9.878655" lon="-83.584432"><ele>1088.065</ele><time>2022-04-30T07:30:32Z</time></trkpt><trkpt lat="9.878648" lon="-83.584436"><ele>1088.234</ele><time>2022-04-30T07:30:33Z</time></trkpt><trkpt lat="9.878643" lon="-83.584445"><ele>1088.053</ele><time>2022-04-30T07:30:35Z</time></trkpt><trkpt lat="9.87863" lon="-83.584465"><ele>1088.294</ele><time>2022-04-30T07:30:37Z</time></trkpt><trkpt lat="9.878632" lon="-83.584482"><ele>1088.662</ele><time>2022-04-30T07:30:38Z</time></trkpt><trkpt lat="9.878631" lon="-83.584505"><ele>1088.820</ele><time>2022-04-30T07:30:40Z</time></trkpt><trkpt lat="9.878646" lon="-83.584561"><ele>1089.221</ele><time>2022-04-30T07:30:47Z</time></trkpt><trkpt lat="9.878651" lon="-83.584574"><ele>1089.447</ele><time>2022-04-30T07:30:48Z</time></trkpt><trkpt lat="9.878657" lon="-83.584593"><ele>1089.289</ele><time>2022-04-30T07:30:50Z</time></trkpt><trkpt lat="9.878675" lon="-83.584623"><ele>1089.664</ele><time>2022-04-30T07:30:54Z</time></trkpt><trkpt lat="9.87868" lon="-83.58463"><ele>1089.806</ele><time>2022-04-30T07:30:55Z</time></trkpt><trkpt lat="9.878699" lon="-83.584653"><ele>1091.216</ele><time>2022-04-30T07:30:58Z</time></trkpt><trkpt lat="9.87872" lon="-83.58468"><ele>1092.209</ele><time>2022-04-30T07:31:01Z</time></trkpt><trkpt lat="9.878724" lon="-83.584689"><ele>1092.277</ele><time>2022-04-30T07:31:02Z</time></trkpt><trkpt lat="9.878765" lon="-83.584749"><ele>1092.636</ele><time>2022-04-30T07:31:08Z</time></trkpt><trkpt lat="9.878777" lon="-83.584762"><ele>1092.685</ele><time>2022-04-30T07:31:10Z</time></trkpt><trkpt lat="9.878798" lon="-83.584786"><ele>1093.446</ele><time>2022-04-30T07:31:13Z</time></trkpt><trkpt lat="9.878825" lon="-83.584809"><ele>1094.084</ele><time>2022-04-30T07:31:17Z</time></trkpt><trkpt lat="9.87885" lon="-83.584843"><ele>1094.042</ele><time>2022-04-30T07:31:21Z</time></trkpt><trkpt lat="9.87888" lon="-83.584873"><ele>1094.033</ele><time>2022-04-30T07:31:25Z</time></trkpt><trkpt lat="9.878888" lon="-83.584882"><ele>1093.829</ele><time>2022-04-30T07:31:26Z</time></trkpt><trkpt lat="9.87892" lon="-83.584907"><ele>1094.651</ele><time>2022-04-30T07:31:29Z</time></trkpt><trkpt lat="9.87895" lon="-83.584931"><ele>1095.027</ele><time>2022-04-30T07:31:34Z</time></trkpt><trkpt lat="9.878987" lon="-83.584954"><ele>1096.068</ele><time>2022-04-30T07:31:38Z</time></trkpt><trkpt lat="9.879032" lon="-83.584983"><ele>1097.014</ele><time>2022-04-30T07:31:43Z</time></trkpt><trkpt lat="9.879043" lon="-83.584989"><ele>1097.009</ele><time>2022-04-30T07:31:44Z</time></trkpt><trkpt lat="9.879095" lon="-83.585028"><ele>1097.243</ele><time>2022-04-30T07:31:50Z</time></trkpt><trkpt lat="9.879105" lon="-83.585032"><ele>1097.272</ele><time>2022-04-30T07:31:51Z</time></trkpt><trkpt lat="9.879121" lon="-83.585038"><ele>1097.451</ele><time>2022-04-30T07:31:53Z</time></trkpt><trkpt lat="9.879133" lon="-83.585046"><ele>1097.852</ele><time>2022-04-30T07:31:55Z</time></trkpt><trkpt lat="9.879139" lon="-83.585056"><ele>1098.210</ele><time>2022-04-30T07:31:56Z</time></trkpt><trkpt lat="9.879157" lon="-83.585073"><ele>1099.048</ele><time>2022-04-30T07:31:59Z</time></trkpt><trkpt lat="9.879165" lon="-83.585078"><ele>1099.249</ele><time>2022-04-30T07:32:00Z</time></trkpt><trkpt lat="9.879174" lon="-83.585086"><ele>1099.235</ele><time>2022-04-30T07:32:01Z</time></trkpt><trkpt lat="9.879185" lon="-83.5851"><ele>1099.627</ele><time>2022-04-30T07:32:03Z</time></trkpt><trkpt lat="9.879192" lon="-83.585109"><ele>1099.654</ele><time>2022-04-30T07:32:04Z</time></trkpt><trkpt lat="9.879197" lon="-83.585119"><ele>1099.856</ele><time>2022-04-30T07:32:05Z</time></trkpt><trkpt lat="9.8792" lon="-83.58513"><ele>1099.811</ele><time>2022-04-30T07:32:06Z</time></trkpt><trkpt lat="9.879205" lon="-83.585158"><ele>1100.409</ele><time>2022-04-30T07:32:10Z</time></trkpt><trkpt lat="9.879203" lon="-83.585178"><ele>1100.646</ele><time>2022-04-30T07:32:12Z</time></trkpt><trkpt lat="9.879195" lon="-83.585214"><ele>1100.835</ele><time>2022-04-30T07:32:16Z</time></trkpt><trkpt lat="9.879186" lon="-83.585238"><ele>1101.064</ele><time>2022-04-30T07:32:19Z</time></trkpt><trkpt lat="9.879181" lon="-83.585247"><ele>1101.225</ele><time>2022-04-30T07:32:20Z</time></trkpt><trkpt lat="9.879163" lon="-83.585279"><ele>1101.233</ele><time>2022-04-30T07:32:23Z</time></trkpt><trkpt lat="9.87915" lon="-83.585293"><ele>1101.631</ele><time>2022-04-30T07:32:25Z</time></trkpt><trkpt lat="9.87915" lon="-83.585293"><ele>1101.622</ele><time>2022-04-30T07:32:26Z</time></trkpt><trkpt lat="9.879119" lon="-83.585345"><ele>1101.688</ele><time>2022-04-30T07:32:30Z</time></trkpt><trkpt lat="9.879098" lon="-83.585386"><ele>1101.880</ele><time>2022-04-30T07:32:34Z</time></trkpt><trkpt lat="9.879058" lon="-83.585448"><ele>1102.267</ele><time>2022-04-30T07:32:39Z</time></trkpt><trkpt lat="9.879038" lon="-83.585473"><ele>1102.681</ele><time>2022-04-30T07:32:42Z</time></trkpt><trkpt lat="9.879025" lon="-83.585482"><ele>1102.819</ele><time>2022-04-30T07:32:44Z</time></trkpt><trkpt lat="9.879007" lon="-83.585492"><ele>1102.809</ele><time>2022-04-30T07:32:46Z</time></trkpt><trkpt lat="9.878982" lon="-83.585511"><ele>1103.247</ele><time>2022-04-30T07:32:49Z</time></trkpt><trkpt lat="9.878974" lon="-83.585514"><ele>1103.476</ele><time>2022-04-30T07:32:50Z</time></trkpt><trkpt lat="9.878911" lon="-83.58555"><ele>1103.865</ele><time>2022-04-30T07:32:56Z</time></trkpt><trkpt lat="9.878895" lon="-83.585556"><ele>1104.016</ele><time>2022-04-30T07:32:58Z</time></trkpt><trkpt lat="9.878889" lon="-83.585561"><ele>1104.064</ele><time>2022-04-30T07:32:59Z</time></trkpt><trkpt lat="9.878862" lon="-83.585567"><ele>1104.232</ele><time>2022-04-30T07:33:02Z</time></trkpt><trkpt lat="9.878816" lon="-83.585584"><ele>1104.883</ele><time>2022-04-30T07:33:06Z</time></trkpt><trkpt lat="9.878816" lon="-83.585584"><ele>1104.859</ele><time>2022-04-30T07:33:07Z</time></trkpt><trkpt lat="9.878799" lon="-83.585595"><ele>1105.051</ele><time>2022-04-30T07:33:08Z</time></trkpt><trkpt lat="9.87879" lon="-83.5856"><ele>1105.014</ele><time>2022-04-30T07:33:09Z</time></trkpt><trkpt lat="9.878782" lon="-83.585603"><ele>1105.254</ele><time>2022-04-30T07:33:10Z</time></trkpt><trkpt lat="9.878756" lon="-83.585609"><ele>1105.209</ele><time>2022-04-30T07:33:13Z</time></trkpt><trkpt lat="9.878747" lon="-83.585611"><ele>1105.209</ele><time>2022-04-30T07:33:14Z</time></trkpt><trkpt lat="9.878719" lon="-83.585616"><ele>1105.692</ele><time>2022-04-30T07:33:17Z</time></trkpt><trkpt lat="9.878691" lon="-83.585624"><ele>1106.281</ele><time>2022-04-30T07:33:20Z</time></trkpt><trkpt lat="9.878664" lon="-83.585629"><ele>1106.640</ele><time>2022-04-30T07:33:23Z</time></trkpt><trkpt lat="9.878611" lon="-83.58562"><ele>1106.621</ele><time>2022-04-30T07:33:29Z</time></trkpt><trkpt lat="9.878568" lon="-83.585593"><ele>1107.239</ele><time>2022-04-30T07:33:34Z</time></trkpt><trkpt lat="9.878552" lon="-83.585579"><ele>1107.437</ele><time>2022-04-30T07:33:36Z</time></trkpt><trkpt lat="9.878523" lon="-83.585551"><ele>1108.288</ele><time>2022-04-30T07:33:40Z</time></trkpt><trkpt lat="9.878516" lon="-83.585542"><ele>1108.464</ele><time>2022-04-30T07:33:41Z</time></trkpt><trkpt lat="9.878476" lon="-83.585483"><ele>1109.016</ele><time>2022-04-30T07:33:47Z</time></trkpt><trkpt lat="9.87846" lon="-83.585444"><ele>1109.833</ele><time>2022-04-30T07:33:50Z</time></trkpt><trkpt lat="9.878457" lon="-83.585418"><ele>1110.823</ele><time>2022-04-30T07:33:53Z</time></trkpt><trkpt lat="9.878456" lon="-83.585412"><ele>1111.215</ele><time>2022-04-30T07:33:54Z</time></trkpt><trkpt lat="9.878452" lon="-83.585398"><ele>1111.209</ele><time>2022-04-30T07:33:56Z</time></trkpt><trkpt lat="9.87842" lon="-83.585337"><ele>1111.824</ele><time>2022-04-30T07:34:02Z</time></trkpt><trkpt lat="9.878414" lon="-83.585317"><ele>1112.443</ele><time>2022-04-30T07:34:04Z</time></trkpt><trkpt lat="9.87841" lon="-83.585294"><ele>1113.252</ele><time>2022-04-30T07:34:08Z</time></trkpt><trkpt lat="9.878393" lon="-83.585271"><ele>1113.273</ele><time>2022-04-30T07:34:10Z</time></trkpt><trkpt lat="9.878376" lon="-83.585234"><ele>1113.641</ele><time>2022-04-30T07:34:13Z</time></trkpt><trkpt lat="9.878363" lon="-83.58522"><ele>1113.659</ele><time>2022-04-30T07:34:14Z</time></trkpt><trkpt lat="9.878347" lon="-83.585193"><ele>1113.640</ele><time>2022-04-30T07:34:17Z</time></trkpt><trkpt lat="9.878344" lon="-83.585186"><ele>1113.646</ele><time>2022-04-30T07:34:18Z</time></trkpt><trkpt lat="9.878334" lon="-83.585173"><ele>1113.868</ele><time>2022-04-30T07:34:20Z</time></trkpt><trkpt lat="9.878306" lon="-83.585158"><ele>1114.674</ele><time>2022-04-30T07:34:23Z</time></trkpt><trkpt lat="9.878298" lon="-83.585155"><ele>1115.456</ele><time>2022-04-30T07:34:24Z</time></trkpt><trkpt lat="9.878275" lon="-83.585146"><ele>1116.221</ele><time>2022-04-30T07:34:26Z</time></trkpt><trkpt lat="9.878264" lon="-83.585141"><ele>1116.409</ele><time>2022-04-30T07:34:27Z</time></trkpt><trkpt lat="9.878246" lon="-83.585137"><ele>1116.898</ele><time>2022-04-30T07:34:29Z</time></trkpt><trkpt lat="9.878222" lon="-83.585134"><ele>1117.267</ele><time>2022-04-30T07:34:31Z</time></trkpt><trkpt lat="9.878201" lon="-83.585136"><ele>1117.436</ele><time>2022-04-30T07:34:33Z</time></trkpt><trkpt lat="9.878193" lon="-83.585137"><ele>1117.477</ele><time>2022-04-30T07:34:34Z</time></trkpt><trkpt lat="9.878148" lon="-83.585145"><ele>1118.225</ele><time>2022-04-30T07:34:39Z</time></trkpt><trkpt lat="9.878129" lon="-83.585149"><ele>1118.663</ele><time>2022-04-30T07:34:41Z</time></trkpt><trkpt lat="9.878105" lon="-83.585164"><ele>1119.294</ele><time>2022-04-30T07:34:44Z</time></trkpt><trkpt lat="9.878089" lon="-83.585169"><ele>1119.260</ele><time>2022-04-30T07:34:46Z</time></trkpt><trkpt lat="9.87808" lon="-83.585172"><ele>1119.452</ele><time>2022-04-30T07:34:47Z</time></trkpt><trkpt lat="9.878045" lon="-83.585188"><ele>1119.654</ele><time>2022-04-30T07:34:50Z</time></trkpt><trkpt lat="9.878028" lon="-83.585201"><ele>1119.656</ele><time>2022-04-30T07:34:52Z</time></trkpt><trkpt lat="9.87802" lon="-83.585205"><ele>1119.811</ele><time>2022-04-30T07:34:53Z</time></trkpt><trkpt lat="9.877987" lon="-83.585225"><ele>1119.809</ele><time>2022-04-30T07:34:57Z</time></trkpt><trkpt lat="9.877965" lon="-83.585243"><ele>1120.026</ele><time>2022-04-30T07:35:00Z</time></trkpt><trkpt lat="9.877933" lon="-83.585252"><ele>1120.225</ele><time>2022-04-30T07:35:03Z</time></trkpt><trkpt lat="9.877891" lon="-83.585261"><ele>1120.474</ele><time>2022-04-30T07:35:06Z</time></trkpt><trkpt lat="9.877881" lon="-83.585264"><ele>1120.685</ele><time>2022-04-30T07:35:07Z</time></trkpt><trkpt lat="9.877842" lon="-83.585255"><ele>1121.463</ele><time>2022-04-30T07:35:10Z</time></trkpt><trkpt lat="9.87781" lon="-83.585256"><ele>1122.671</ele><time>2022-04-30T07:35:14Z</time></trkpt><trkpt lat="9.877781" lon="-83.58524"><ele>1123.282</ele><time>2022-04-30T07:35:18Z</time></trkpt><trkpt lat="9.877743" lon="-83.585228"><ele>1123.298</ele><time>2022-04-30T07:35:22Z</time></trkpt><trkpt lat="9.87773" lon="-83.585218"><ele>1123.440</ele><time>2022-04-30T07:35:24Z</time></trkpt><trkpt lat="9.877716" lon="-83.585208"><ele>1123.617</ele><time>2022-04-30T07:35:26Z</time></trkpt><trkpt lat="9.877708" lon="-83.585204"><ele>1123.687</ele><time>2022-04-30T07:35:27Z</time></trkpt><trkpt lat="9.877674" lon="-83.58519"><ele>1124.415</ele><time>2022-04-30T07:35:31Z</time></trkpt><trkpt lat="9.877634" lon="-83.585173"><ele>1124.809</ele><time>2022-04-30T07:35:34Z</time></trkpt><trkpt lat="9.877621" lon="-83.585168"><ele>1125.072</ele><time>2022-04-30T07:35:35Z</time></trkpt><trkpt lat="9.877588" lon="-83.585153"><ele>1125.461</ele><time>2022-04-30T07:35:38Z</time></trkpt><trkpt lat="9.877562" lon="-83.585141"><ele>1125.890</ele><time>2022-04-30T07:35:41Z</time></trkpt><trkpt lat="9.877519" lon="-83.585107"><ele>1126.241</ele><time>2022-04-30T07:35:46Z</time></trkpt><trkpt lat="9.877512" lon="-83.585101"><ele>1126.249</ele><time>2022-04-30T07:35:47Z</time></trkpt><trkpt lat="9.877438" lon="-83.585058"><ele>1126.647</ele><time>2022-04-30T07:35:54Z</time></trkpt><trkpt lat="9.877375" lon="-83.585006"><ele>1126.828</ele><time>2022-04-30T07:36:00Z</time></trkpt><trkpt lat="9.877355" lon="-83.584996"><ele>1127.244</ele><time>2022-04-30T07:36:02Z</time></trkpt><trkpt lat="9.877319" lon="-83.584981"><ele>1127.256</ele><time>2022-04-30T07:36:05Z</time></trkpt><trkpt lat="9.877298" lon="-83.584958"><ele>1127.445</ele><time>2022-04-30T07:36:08Z</time></trkpt><trkpt lat="9.877278" lon="-83.584942"><ele>1127.647</ele><time>2022-04-30T07:36:10Z</time></trkpt><trkpt lat="9.877216" lon="-83.58491"><ele>1128.011</ele><time>2022-04-30T07:36:17Z</time></trkpt><trkpt lat="9.877205" lon="-83.584904"><ele>1128.209</ele><time>2022-04-30T07:36:18Z</time></trkpt><trkpt lat="9.877181" lon="-83.584893"><ele>1128.465</ele><time>2022-04-30T07:36:20Z</time></trkpt><trkpt lat="9.877151" lon="-83.584847"><ele>1128.424</ele><time>2022-04-30T07:36:24Z</time></trkpt><trkpt lat="9.87711" lon="-83.584782"><ele>1129.023</ele><time>2022-04-30T07:36:30Z</time></trkpt><trkpt lat="9.877094" lon="-83.584772"><ele>1129.284</ele><time>2022-04-30T07:36:32Z</time></trkpt><trkpt lat="9.877089" lon="-83.584768"><ele>1129.292</ele><time>2022-04-30T07:36:33Z</time></trkpt><trkpt lat="9.877074" lon="-83.584746"><ele>1129.470</ele><time>2022-04-30T07:36:35Z</time></trkpt><trkpt lat="9.877065" lon="-83.584728"><ele>1129.451</ele><time>2022-04-30T07:36:36Z</time></trkpt><trkpt lat="9.877049" lon="-83.584699"><ele>1129.687</ele><time>2022-04-30T07:36:39Z</time></trkpt><trkpt lat="9.877037" lon="-83.58468"><ele>1130.019</ele><time>2022-04-30T07:36:41Z</time></trkpt><trkpt lat="9.877032" lon="-83.584674"><ele>1130.097</ele><time>2022-04-30T07:36:42Z</time></trkpt><trkpt lat="9.877013" lon="-83.584665"><ele>1130.223</ele><time>2022-04-30T07:36:44Z</time></trkpt><trkpt lat="9.876985" lon="-83.584653"><ele>1130.425</ele><time>2022-04-30T07:36:47Z</time></trkpt><trkpt lat="9.876948" lon="-83.584633"><ele>1130.809</ele><time>2022-04-30T07:36:50Z</time></trkpt><trkpt lat="9.87691" lon="-83.584615"><ele>1131.060</ele><time>2022-04-30T07:36:54Z</time></trkpt><trkpt lat="9.876881" lon="-83.584606"><ele>1131.229</ele><time>2022-04-30T07:36:56Z</time></trkpt><trkpt lat="9.876845" lon="-83.584596"><ele>1131.268</ele><time>2022-04-30T07:36:59Z</time></trkpt><trkpt lat="9.876834" lon="-83.584595"><ele>1131.439</ele><time>2022-04-30T07:37:00Z</time></trkpt><trkpt lat="9.876779" lon="-83.584588"><ele>1131.877</ele><time>2022-04-30T07:37:04Z</time></trkpt><trkpt lat="9.876756" lon="-83.584575"><ele>1131.835</ele><time>2022-04-30T07:37:06Z</time></trkpt><trkpt lat="9.876622" lon="-83.584548"><ele>1131.676</ele><time>2022-04-30T07:37:15Z</time></trkpt><trkpt lat="9.876583" lon="-83.584542"><ele>1131.642</ele><time>2022-04-30T07:37:19Z</time></trkpt><trkpt lat="9.876542" lon="-83.584549"><ele>1131.674</ele><time>2022-04-30T07:37:22Z</time></trkpt><trkpt lat="9.876517" lon="-83.584551"><ele>1131.818</ele><time>2022-04-30T07:37:24Z</time></trkpt><trkpt lat="9.876483" lon="-83.584556"><ele>1131.898</ele><time>2022-04-30T07:37:27Z</time></trkpt><trkpt lat="9.876471" lon="-83.584556"><ele>1131.817</ele><time>2022-04-30T07:37:28Z</time></trkpt><trkpt lat="9.876438" lon="-83.584557"><ele>1132.009</ele><time>2022-04-30T07:37:31Z</time></trkpt><trkpt lat="9.876377" lon="-83.584557"><ele>1132.292</ele><time>2022-04-30T07:37:36Z</time></trkpt><trkpt lat="9.876357" lon="-83.584551"><ele>1132.431</ele><time>2022-04-30T07:37:38Z</time></trkpt><trkpt lat="9.87627" lon="-83.584546"><ele>1132.470</ele><time>2022-04-30T07:37:58Z</time></trkpt><trkpt lat="9.876241" lon="-83.58454"><ele>1132.451</ele><time>2022-04-30T07:38:01Z</time></trkpt><trkpt lat="9.87618" lon="-83.584522"><ele>1132.829</ele><time>2022-04-30T07:38:08Z</time></trkpt><trkpt lat="9.876171" lon="-83.584522"><ele>1132.897</ele><time>2022-04-30T07:38:09Z</time></trkpt><trkpt lat="9.87613" lon="-83.584513"><ele>1134.028</ele><time>2022-04-30T07:38:13Z</time></trkpt><trkpt lat="9.876101" lon="-83.584509"><ele>1134.274</ele><time>2022-04-30T07:38:16Z</time></trkpt><trkpt lat="9.876076" lon="-83.584501"><ele>1134.486</ele><time>2022-04-30T07:38:19Z</time></trkpt><trkpt lat="9.876035" lon="-83.584499"><ele>1134.864</ele><time>2022-04-30T07:38:22Z</time></trkpt><trkpt lat="9.876005" lon="-83.584491"><ele>1135.006</ele><time>2022-04-30T07:38:24Z</time></trkpt><trkpt lat="9.875994" lon="-83.584491"><ele>1135.016</ele><time>2022-04-30T07:38:25Z</time></trkpt><trkpt lat="9.875945" lon="-83.584505"><ele>1135.209</ele><time>2022-04-30T07:38:29Z</time></trkpt><trkpt lat="9.875939" lon="-83.584501"><ele>1135.267</ele><time>2022-04-30T07:38:30Z</time></trkpt><trkpt lat="9.875884" lon="-83.584495"><ele>1135.676</ele><time>2022-04-30T07:38:34Z</time></trkpt><trkpt lat="9.87587" lon="-83.584499"><ele>1135.885</ele><time>2022-04-30T07:38:35Z</time></trkpt><trkpt lat="9.875842" lon="-83.584498"><ele>1135.856</ele><time>2022-04-30T07:38:37Z</time></trkpt><trkpt lat="9.875831" lon="-83.584497"><ele>1136.024</ele><time>2022-04-30T07:38:38Z</time></trkpt><trkpt lat="9.87582" lon="-83.584498"><ele>1136.032</ele><time>2022-04-30T07:38:39Z</time></trkpt><trkpt lat="9.875804" lon="-83.584497"><ele>1136.013</ele><time>2022-04-30T07:38:40Z</time></trkpt><trkpt lat="9.875791" lon="-83.584497"><ele>1136.029</ele><time>2022-04-30T07:38:41Z</time></trkpt><trkpt lat="9.875729" lon="-83.584495"><ele>1136.271</ele><time>2022-04-30T07:38:45Z</time></trkpt><trkpt lat="9.875631" lon="-83.584526"><ele>1136.682</ele><time>2022-04-30T07:38:55Z</time></trkpt><trkpt lat="9.875609" lon="-83.584523"><ele>1136.643</ele><time>2022-04-30T07:38:57Z</time></trkpt><trkpt lat="9.875573" lon="-83.58454"><ele>1136.817</ele><time>2022-04-30T07:39:00Z</time></trkpt><trkpt lat="9.875565" lon="-83.584541"><ele>1136.809</ele><time>2022-04-30T07:39:01Z</time></trkpt><trkpt lat="9.875558" lon="-83.584543"><ele>1137.059</ele><time>2022-04-30T07:39:02Z</time></trkpt><trkpt lat="9.875507" lon="-83.584532"><ele>1137.078</ele><time>2022-04-30T07:39:06Z</time></trkpt><trkpt lat="9.87547" lon="-83.584527"><ele>1137.237</ele><time>2022-04-30T07:39:09Z</time></trkpt><trkpt lat="9.875435" lon="-83.584527"><ele>1137.258</ele><time>2022-04-30T07:39:12Z</time></trkpt><trkpt lat="9.8754" lon="-83.584551"><ele>1137.446</ele><time>2022-04-30T07:39:15Z</time></trkpt><trkpt lat="9.875359" lon="-83.58455"><ele>1137.454</ele><time>2022-04-30T07:39:18Z</time></trkpt><trkpt lat="9.875332" lon="-83.58455"><ele>1137.655</ele><time>2022-04-30T07:39:20Z</time></trkpt><trkpt lat="9.87531" lon="-83.584554"><ele>1137.671</ele><time>2022-04-30T07:39:22Z</time></trkpt><trkpt lat="9.875299" lon="-83.584555"><ele>1137.663</ele><time>2022-04-30T07:39:23Z</time></trkpt><trkpt lat="9.875289" lon="-83.584563"><ele>1137.856</ele><time>2022-04-30T07:39:24Z</time></trkpt><trkpt lat="9.875257" lon="-83.584593"><ele>1138.059</ele><time>2022-04-30T07:39:27Z</time></trkpt><trkpt lat="9.875226" lon="-83.58461"><ele>1138.014</ele><time>2022-04-30T07:39:30Z</time></trkpt><trkpt lat="9.875209" lon="-83.584612"><ele>1138.409</ele><time>2022-04-30T07:39:32Z</time></trkpt><trkpt lat="9.875174" lon="-83.584618"><ele>1138.836</ele><time>2022-04-30T07:39:35Z</time></trkpt><trkpt lat="9.875141" lon="-83.584611"><ele>1139.215</ele><time>2022-04-30T07:39:38Z</time></trkpt><trkpt lat="9.875098" lon="-83.584599"><ele>1139.614</ele><time>2022-04-30T07:39:42Z</time></trkpt><trkpt lat="9.875089" lon="-83.584589"><ele>1139.695</ele><time>2022-04-30T07:39:43Z</time></trkpt><trkpt lat="9.875058" lon="-83.58456"><ele>1139.653</ele><time>2022-04-30T07:39:47Z</time></trkpt><trkpt lat="9.87505" lon="-83.584554"><ele>1139.681</ele><time>2022-04-30T07:39:48Z</time></trkpt><trkpt lat="9.875033" lon="-83.584533"><ele>1139.862</ele><time>2022-04-30T07:39:50Z</time></trkpt><trkpt lat="9.874996" lon="-83.584483"><ele>1139.868</ele><time>2022-04-30T07:39:55Z</time></trkpt><trkpt lat="9.874991" lon="-83.584474"><ele>1139.880</ele><time>2022-04-30T07:39:56Z</time></trkpt><trkpt lat="9.874972" lon="-83.58445"><ele>1140.048</ele><time>2022-04-30T07:39:59Z</time></trkpt><trkpt lat="9.874962" lon="-83.584438"><ele>1140.461</ele><time>2022-04-30T07:40:01Z</time></trkpt><trkpt lat="9.87496" lon="-83.584422"><ele>1140.617</ele><time>2022-04-30T07:40:02Z</time></trkpt><trkpt lat="9.874953" lon="-83.58439"><ele>1141.009</ele><time>2022-04-30T07:40:05Z</time></trkpt><trkpt lat="9.87493" lon="-83.584372"><ele>1141.215</ele><time>2022-04-30T07:40:07Z</time></trkpt><trkpt lat="9.874899" lon="-83.584346"><ele>1141.294</ele><time>2022-04-30T07:40:10Z</time></trkpt><trkpt lat="9.87488" lon="-83.584327"><ele>1141.493</ele><time>2022-04-30T07:40:12Z</time></trkpt><trkpt lat="9.874875" lon="-83.584317"><ele>1141.684</ele><time>2022-04-30T07:40:13Z</time></trkpt><trkpt lat="9.874793" lon="-83.5843"><ele>1142.272</ele><time>2022-04-30T07:40:19Z</time></trkpt><trkpt lat="9.874777" lon="-83.58429"><ele>1142.450</ele><time>2022-04-30T07:40:20Z</time></trkpt><trkpt lat="9.87474" lon="-83.584274"><ele>1142.651</ele><time>2022-04-30T07:40:23Z</time></trkpt><trkpt lat="9.874726" lon="-83.584278"><ele>1142.627</ele><time>2022-04-30T07:40:24Z</time></trkpt><trkpt lat="9.874714" lon="-83.584282"><ele>1142.639</ele><time>2022-04-30T07:40:25Z</time></trkpt><trkpt lat="9.874699" lon="-83.584277"><ele>1142.873</ele><time>2022-04-30T07:40:26Z</time></trkpt><trkpt lat="9.874679" lon="-83.584284"><ele>1142.885</ele><time>2022-04-30T07:40:28Z</time></trkpt><trkpt lat="9.874665" lon="-83.584286"><ele>1142.813</ele><time>2022-04-30T07:40:29Z</time></trkpt><trkpt lat="9.874653" lon="-83.584286"><ele>1142.809</ele><time>2022-04-30T07:40:30Z</time></trkpt><trkpt lat="9.8746" lon="-83.584313"><ele>1142.888</ele><time>2022-04-30T07:40:36Z</time></trkpt><trkpt lat="9.874591" lon="-83.584315"><ele>1142.867</ele><time>2022-04-30T07:40:37Z</time></trkpt><trkpt lat="9.874546" lon="-83.584347"><ele>1143.216</ele><time>2022-04-30T07:40:43Z</time></trkpt><trkpt lat="9.874531" lon="-83.584358"><ele>1143.477</ele><time>2022-04-30T07:40:45Z</time></trkpt><trkpt lat="9.87448" lon="-83.584422"><ele>1144.245</ele><time>2022-04-30T07:40:53Z</time></trkpt><trkpt lat="9.874468" lon="-83.584438"><ele>1144.433</ele><time>2022-04-30T07:40:55Z</time></trkpt><trkpt lat="9.87437" lon="-83.584508"><ele>1144.814</ele><time>2022-04-30T07:41:05Z</time></trkpt><trkpt lat="9.874323" lon="-83.584548"><ele>1145.030</ele><time>2022-04-30T07:41:10Z</time></trkpt><trkpt lat="9.874278" lon="-83.584591"><ele>1145.052</ele><time>2022-04-30T07:41:15Z</time></trkpt><trkpt lat="9.874204" lon="-83.584648"><ele>1145.013</ele><time>2022-04-30T07:41:23Z</time></trkpt><trkpt lat="9.874117" lon="-83.584706"><ele>1144.843</ele><time>2022-04-30T07:41:32Z</time></trkpt><trkpt lat="9.874047" lon="-83.584737"><ele>1144.807</ele><time>2022-04-30T07:41:39Z</time></trkpt><trkpt lat="9.874042" lon="-83.584743"><ele>1144.809</ele><time>2022-04-30T07:41:40Z</time></trkpt><trkpt lat="9.874032" lon="-83.584749"><ele>1144.832</ele><time>2022-04-30T07:41:41Z</time></trkpt><trkpt lat="9.874012" lon="-83.584756"><ele>1144.831</ele><time>2022-04-30T07:41:43Z</time></trkpt><trkpt lat="9.873994" lon="-83.584755"><ele>1145.020</ele><time>2022-04-30T07:41:45Z</time></trkpt><trkpt lat="9.873983" lon="-83.584752"><ele>1145.031</ele><time>2022-04-30T07:41:46Z</time></trkpt><trkpt lat="9.873975" lon="-83.584755"><ele>1145.049</ele><time>2022-04-30T07:41:47Z</time></trkpt><trkpt lat="9.873962" lon="-83.584752"><ele>1145.217</ele><time>2022-04-30T07:41:48Z</time></trkpt><trkpt lat="9.87394" lon="-83.584751"><ele>1145.218</ele><time>2022-04-30T07:41:50Z</time></trkpt><trkpt lat="9.873919" lon="-83.584751"><ele>1145.244</ele><time>2022-04-30T07:41:52Z</time></trkpt><trkpt lat="9.873912" lon="-83.584752"><ele>1145.296</ele><time>2022-04-30T07:41:53Z</time></trkpt><trkpt lat="9.873901" lon="-83.584748"><ele>1145.042</ele><time>2022-04-30T07:41:54Z</time></trkpt><trkpt lat="9.873878" lon="-83.584739"><ele>1145.022</ele><time>2022-04-30T07:41:56Z</time></trkpt><trkpt lat="9.873855" lon="-83.584738"><ele>1145.014</ele><time>2022-04-30T07:41:59Z</time></trkpt><trkpt lat="9.873836" lon="-83.584733"><ele>1144.809</ele><time>2022-04-30T07:42:01Z</time></trkpt><trkpt lat="9.873818" lon="-83.584734"><ele>1144.855</ele><time>2022-04-30T07:42:03Z</time></trkpt><trkpt lat="9.873786" lon="-83.584735"><ele>1144.614</ele><time>2022-04-30T07:42:08Z</time></trkpt><trkpt lat="9.873737" lon="-83.58473"><ele>1144.293</ele><time>2022-04-30T07:42:13Z</time></trkpt><trkpt lat="9.873715" lon="-83.584727"><ele>1144.074</ele><time>2022-04-30T07:42:15Z</time></trkpt><trkpt lat="9.873694" lon="-83.584721"><ele>1144.052</ele><time>2022-04-30T07:42:17Z</time></trkpt><trkpt lat="9.873381" lon="-83.584754"><ele>1145.210</ele><time>2022-04-30T07:55:57Z</time></trkpt><trkpt lat="9.873362" lon="-83.584767"><ele>1145.431</ele><time>2022-04-30T07:55:59Z</time></trkpt><trkpt lat="9.873313" lon="-83.584784"><ele>1145.437</ele><time>2022-04-30T07:56:02Z</time></trkpt><trkpt lat="9.873251" lon="-83.584855"><ele>1146.229</ele><time>2022-04-30T07:56:09Z</time></trkpt><trkpt lat="9.873228" lon="-83.584876"><ele>1146.841</ele><time>2022-04-30T07:56:12Z</time></trkpt><trkpt lat="9.873206" lon="-83.584914"><ele>1147.281</ele><time>2022-04-30T07:56:16Z</time></trkpt><trkpt lat="9.873194" lon="-83.584933"><ele>1147.809</ele><time>2022-04-30T07:56:18Z</time></trkpt><trkpt lat="9.873192" lon="-83.584946"><ele>1148.009</ele><time>2022-04-30T07:56:19Z</time></trkpt><trkpt lat="9.873189" lon="-83.58497"><ele>1148.615</ele><time>2022-04-30T07:56:21Z</time></trkpt><trkpt lat="9.873173" lon="-83.584989"><ele>1148.844</ele><time>2022-04-30T07:56:23Z</time></trkpt><trkpt lat="9.873164" lon="-83.584995"><ele>1149.013</ele><time>2022-04-30T07:56:24Z</time></trkpt><trkpt lat="9.873147" lon="-83.585032"><ele>1149.474</ele><time>2022-04-30T07:56:28Z</time></trkpt><trkpt lat="9.873139" lon="-83.585039"><ele>1149.482</ele><time>2022-04-30T07:56:29Z</time></trkpt><trkpt lat="9.873137" lon="-83.58505"><ele>1149.820</ele><time>2022-04-30T07:56:30Z</time></trkpt><trkpt lat="9.873131" lon="-83.585087"><ele>1150.261</ele><time>2022-04-30T07:56:33Z</time></trkpt><trkpt lat="9.87311" lon="-83.585102"><ele>1150.677</ele><time>2022-04-30T07:56:35Z</time></trkpt><trkpt lat="9.873106" lon="-83.585112"><ele>1150.819</ele><time>2022-04-30T07:56:36Z</time></trkpt><trkpt lat="9.873091" lon="-83.585151"><ele>1151.427</ele><time>2022-04-30T07:56:40Z</time></trkpt><trkpt lat="9.873084" lon="-83.585158"><ele>1151.668</ele><time>2022-04-30T07:56:41Z</time></trkpt><trkpt lat="9.873074" lon="-83.585169"><ele>1151.814</ele><time>2022-04-30T07:56:43Z</time></trkpt><trkpt lat="9.873059" lon="-83.5852"><ele>1152.409</ele><time>2022-04-30T07:56:46Z</time></trkpt><trkpt lat="9.873057" lon="-83.585209"><ele>1152.473</ele><time>2022-04-30T07:56:47Z</time></trkpt><trkpt lat="9.873048" lon="-83.585221"><ele>1152.612</ele><time>2022-04-30T07:56:49Z</time></trkpt><trkpt lat="9.873033" lon="-83.585247"><ele>1152.691</ele><time>2022-04-30T07:56:52Z</time></trkpt><trkpt lat="9.873025" lon="-83.585261"><ele>1152.612</ele><time>2022-04-30T07:56:54Z</time></trkpt><trkpt lat="9.873013" lon="-83.585276"><ele>1152.890</ele><time>2022-04-30T07:56:56Z</time></trkpt><trkpt lat="9.873011" lon="-83.585301"><ele>1153.448</ele><time>2022-04-30T07:56:58Z</time></trkpt><trkpt lat="9.873013" lon="-83.585328"><ele>1154.049</ele><time>2022-04-30T07:57:00Z</time></trkpt><trkpt lat="9.872999" lon="-83.585363"><ele>1155.015</ele><time>2022-04-30T07:57:04Z</time></trkpt><trkpt lat="9.872995" lon="-83.585371"><ele>1155.247</ele><time>2022-04-30T07:57:05Z</time></trkpt><trkpt lat="9.872994" lon="-83.585379"><ele>1155.441</ele><time>2022-04-30T07:57:06Z</time></trkpt><trkpt lat="9.872989" lon="-83.58539"><ele>1155.681</ele><time>2022-04-30T07:57:07Z</time></trkpt><trkpt lat="9.872979" lon="-83.585398"><ele>1155.609</ele><time>2022-04-30T07:57:08Z</time></trkpt><trkpt lat="9.872968" lon="-83.585403"><ele>1155.609</ele><time>2022-04-30T07:57:09Z</time></trkpt><trkpt lat="9.872955" lon="-83.585415"><ele>1155.885</ele><time>2022-04-30T07:57:11Z</time></trkpt><trkpt lat="9.872939" lon="-83.585437"><ele>1156.234</ele><time>2022-04-30T07:57:14Z</time></trkpt><trkpt lat="9.872931" lon="-83.585442"><ele>1156.283</ele><time>2022-04-30T07:57:15Z</time></trkpt><trkpt lat="9.872926" lon="-83.585446"><ele>1156.274</ele><time>2022-04-30T07:57:16Z</time></trkpt><trkpt lat="9.872895" lon="-83.585464"><ele>1156.612</ele><time>2022-04-30T07:57:19Z</time></trkpt><trkpt lat="9.872884" lon="-83.585469"><ele>1157.080</ele><time>2022-04-30T07:57:20Z</time></trkpt><trkpt lat="9.872875" lon="-83.585472"><ele>1157.041</ele><time>2022-04-30T07:57:21Z</time></trkpt><trkpt lat="9.872854" lon="-83.585474"><ele>1157.057</ele><time>2022-04-30T07:57:23Z</time></trkpt><trkpt lat="9.872842" lon="-83.585473"><ele>1157.299</ele><time>2022-04-30T07:57:24Z</time></trkpt><trkpt lat="9.872825" lon="-83.585484"><ele>1157.499</ele><time>2022-04-30T07:57:26Z</time></trkpt><trkpt lat="9.872815" lon="-83.585486"><ele>1157.407</ele><time>2022-04-30T07:57:27Z</time></trkpt><trkpt lat="9.872804" lon="-83.585485"><ele>1157.427</ele><time>2022-04-30T07:57:29Z</time></trkpt><trkpt lat="9.872776" lon="-83.585475"><ele>1157.609</ele><time>2022-04-30T07:57:32Z</time></trkpt><trkpt lat="9.872749" lon="-83.585471"><ele>1157.670</ele><time>2022-04-30T07:57:34Z</time></trkpt><trkpt lat="9.872739" lon="-83.585471"><ele>1157.669</ele><time>2022-04-30T07:57:35Z</time></trkpt><trkpt lat="9.872735" lon="-83.585467"><ele>1157.888</ele><time>2022-04-30T07:57:36Z</time></trkpt><trkpt lat="9.872732" lon="-83.585464"><ele>1157.849</ele><time>2022-04-30T07:57:37Z</time></trkpt><trkpt lat="9.872726" lon="-83.585459"><ele>1158.097</ele><time>2022-04-30T07:57:38Z</time></trkpt><trkpt lat="9.872684" lon="-83.585453"><ele>1158.215</ele><time>2022-04-30T07:57:41Z</time></trkpt><trkpt lat="9.872677" lon="-83.585448"><ele>1158.266</ele><time>2022-04-30T07:57:42Z</time></trkpt><trkpt lat="9.872673" lon="-83.585434"><ele>1158.472</ele><time>2022-04-30T07:57:44Z</time></trkpt><trkpt lat="9.87266" lon="-83.585432"><ele>1158.424</ele><time>2022-04-30T07:57:45Z</time></trkpt><trkpt lat="9.872643" lon="-83.585422"><ele>1158.411</ele><time>2022-04-30T07:57:47Z</time></trkpt><trkpt lat="9.872637" lon="-83.585418"><ele>1158.621</ele><time>2022-04-30T07:57:48Z</time></trkpt><trkpt lat="9.87263" lon="-83.585414"><ele>1158.803</ele><time>2022-04-30T07:57:49Z</time></trkpt><trkpt lat="9.872616" lon="-83.585409"><ele>1159.009</ele><time>2022-04-30T07:57:50Z</time></trkpt><trkpt lat="9.872605" lon="-83.585408"><ele>1159.062</ele><time>2022-04-30T07:57:51Z</time></trkpt><trkpt lat="9.872577" lon="-83.5854"><ele>1159.281</ele><time>2022-04-30T07:57:53Z</time></trkpt><trkpt lat="9.872575" lon="-83.585396"><ele>1159.280</ele><time>2022-04-30T07:57:54Z</time></trkpt><trkpt lat="9.872569" lon="-83.585379"><ele>1159.461</ele><time>2022-04-30T07:57:56Z</time></trkpt><trkpt lat="9.87256" lon="-83.585376"><ele>1159.469</ele><time>2022-04-30T07:57:57Z</time></trkpt><trkpt lat="9.872549" lon="-83.58537"><ele>1159.497</ele><time>2022-04-30T07:57:58Z</time></trkpt><trkpt lat="9.872542" lon="-83.585366"><ele>1159.488</ele><time>2022-04-30T07:57:59Z</time></trkpt><trkpt lat="9.872535" lon="-83.585352"><ele>1160.044</ele><time>2022-04-30T07:58:01Z</time></trkpt><trkpt lat="9.872487" lon="-83.585333"><ele>1160.246</ele><time>2022-04-30T07:58:05Z</time></trkpt><trkpt lat="9.872473" lon="-83.585322"><ele>1160.464</ele><time>2022-04-30T07:58:07Z</time></trkpt><trkpt lat="9.872448" lon="-83.585315"><ele>1160.406</ele><time>2022-04-30T07:58:09Z</time></trkpt><trkpt lat="9.872416" lon="-83.585312"><ele>1161.016</ele><time>2022-04-30T07:58:12Z</time></trkpt><trkpt lat="9.872387" lon="-83.585304"><ele>1161.409</ele><time>2022-04-30T07:58:15Z</time></trkpt><trkpt lat="9.872367" lon="-83.585313"><ele>1161.697</ele><time>2022-04-30T07:58:18Z</time></trkpt><trkpt lat="9.87235" lon="-83.585314"><ele>1161.846</ele><time>2022-04-30T07:58:20Z</time></trkpt><trkpt lat="9.872337" lon="-83.58531"><ele>1162.095</ele><time>2022-04-30T07:58:23Z</time></trkpt><trkpt lat="9.872318" lon="-83.585314"><ele>1162.056</ele><time>2022-04-30T07:58:25Z</time></trkpt><trkpt lat="9.872262" lon="-83.585309"><ele>1162.234</ele><time>2022-04-30T07:58:29Z</time></trkpt><trkpt lat="9.872251" lon="-83.585306"><ele>1162.242</ele><time>2022-04-30T07:58:30Z</time></trkpt><trkpt lat="9.872199" lon="-83.585324"><ele>1162.673</ele><time>2022-04-30T07:58:34Z</time></trkpt><trkpt lat="9.872186" lon="-83.585339"><ele>1162.839</ele><time>2022-04-30T07:58:36Z</time></trkpt><trkpt lat="9.872177" lon="-83.585347"><ele>1163.011</ele><time>2022-04-30T07:58:37Z</time></trkpt><trkpt lat="9.872151" lon="-83.585361"><ele>1163.093</ele><time>2022-04-30T07:58:39Z</time></trkpt><trkpt lat="9.872112" lon="-83.585373"><ele>1163.465</ele><time>2022-04-30T07:58:41Z</time></trkpt><trkpt lat="9.872094" lon="-83.585376"><ele>1163.621</ele><time>2022-04-30T07:58:42Z</time></trkpt><trkpt lat="9.872074" lon="-83.585379"><ele>1163.809</ele><time>2022-04-30T07:58:44Z</time></trkpt><trkpt lat="9.872064" lon="-83.585386"><ele>1164.080</ele><time>2022-04-30T07:58:45Z</time></trkpt><trkpt lat="9.872047" lon="-83.585388"><ele>1164.249</ele><time>2022-04-30T07:58:46Z</time></trkpt><trkpt lat="9.872033" lon="-83.585395"><ele>1164.438</ele><time>2022-04-30T07:58:47Z</time></trkpt><trkpt lat="9.872005" lon="-83.585407"><ele>1164.669</ele><time>2022-04-30T07:58:49Z</time></trkpt><trkpt lat="9.871974" lon="-83.585413"><ele>1165.037</ele><time>2022-04-30T07:58:52Z</time></trkpt><trkpt lat="9.871944" lon="-83.585426"><ele>1165.485</ele><time>2022-04-30T07:58:55Z</time></trkpt><trkpt lat="9.871927" lon="-83.585437"><ele>1165.636</ele><time>2022-04-30T07:58:57Z</time></trkpt><trkpt lat="9.871886" lon="-83.585462"><ele>1166.212</ele><time>2022-04-30T07:59:02Z</time></trkpt><trkpt lat="9.871867" lon="-83.585471"><ele>1166.664</ele><time>2022-04-30T07:59:04Z</time></trkpt><trkpt lat="9.871817" lon="-83.585515"><ele>1167.249</ele><time>2022-04-30T07:59:10Z</time></trkpt><trkpt lat="9.871803" lon="-83.585526"><ele>1167.202</ele><time>2022-04-30T07:59:12Z</time></trkpt><trkpt lat="9.871796" lon="-83.58553"><ele>1167.222</ele><time>2022-04-30T07:59:13Z</time></trkpt><trkpt lat="9.871747" lon="-83.58555"><ele>1168.009</ele><time>2022-04-30T07:59:17Z</time></trkpt><trkpt lat="9.87174" lon="-83.585556"><ele>1168.055</ele><time>2022-04-30T07:59:18Z</time></trkpt><trkpt lat="9.871731" lon="-83.58556"><ele>1168.214</ele><time>2022-04-30T07:59:19Z</time></trkpt><trkpt lat="9.871693" lon="-83.58558"><ele>1168.413</ele><time>2022-04-30T07:59:22Z</time></trkpt><trkpt lat="9.871653" lon="-83.585604"><ele>1168.884</ele><time>2022-04-30T07:59:27Z</time></trkpt><trkpt lat="9.871629" lon="-83.585613"><ele>1169.222</ele><time>2022-04-30T07:59:29Z</time></trkpt><trkpt lat="9.871619" lon="-83.585616"><ele>1169.430</ele><time>2022-04-30T07:59:30Z</time></trkpt><trkpt lat="9.871584" lon="-83.585623"><ele>1169.671</ele><time>2022-04-30T07:59:34Z</time></trkpt><trkpt lat="9.871517" lon="-83.585645"><ele>1169.827</ele><time>2022-04-30T08:00:24Z</time></trkpt><trkpt lat="9.871498" lon="-83.585641"><ele>1169.869</ele><time>2022-04-30T08:00:25Z</time></trkpt><trkpt lat="9.87141" lon="-83.585639"><ele>1170.472</ele><time>2022-04-30T08:00:30Z</time></trkpt><trkpt lat="9.871388" lon="-83.585597"><ele>1171.013</ele><time>2022-04-30T08:00:35Z</time></trkpt><trkpt lat="9.871375" lon="-83.585588"><ele>1171.014</ele><time>2022-04-30T08:00:36Z</time></trkpt><trkpt lat="9.871341" lon="-83.585571"><ele>1171.009</ele><time>2022-04-30T08:00:38Z</time></trkpt><trkpt lat="9.871304" lon="-83.585553"><ele>1171.248</ele><time>2022-04-30T08:00:40Z</time></trkpt><trkpt lat="9.87125" lon="-83.585537"><ele>1171.687</ele><time>2022-04-30T08:00:44Z</time></trkpt><trkpt lat="9.871205" lon="-83.585511"><ele>1171.836</ele><time>2022-04-30T08:00:48Z</time></trkpt><trkpt lat="9.8712" lon="-83.585507"><ele>1171.837</ele><time>2022-04-30T08:00:49Z</time></trkpt><trkpt lat="9.871199" lon="-83.585502"><ele>1172.075</ele><time>2022-04-30T08:00:50Z</time></trkpt><trkpt lat="9.871181" lon="-83.585482"><ele>1172.423</ele><time>2022-04-30T08:00:53Z</time></trkpt><trkpt lat="9.871174" lon="-83.58548"><ele>1172.674</ele><time>2022-04-30T08:00:54Z</time></trkpt><trkpt lat="9.871135" lon="-83.585464"><ele>1173.240</ele><time>2022-04-30T08:00:57Z</time></trkpt><trkpt lat="9.871083" lon="-83.585455"><ele>1173.432</ele><time>2022-04-30T08:01:00Z</time></trkpt><trkpt lat="9.871005" lon="-83.585463"><ele>1174.084</ele><time>2022-04-30T08:01:05Z</time></trkpt><trkpt lat="9.870972" lon="-83.585467"><ele>1174.007</ele><time>2022-04-30T08:01:07Z</time></trkpt><trkpt lat="9.870942" lon="-83.585472"><ele>1174.417</ele><time>2022-04-30T08:01:09Z</time></trkpt><trkpt lat="9.870921" lon="-83.58547"><ele>1174.609</ele><time>2022-04-30T08:01:11Z</time></trkpt><trkpt lat="9.870885" lon="-83.585458"><ele>1175.289</ele><time>2022-04-30T08:01:15Z</time></trkpt><trkpt lat="9.87085" lon="-83.585439"><ele>1175.838</ele><time>2022-04-30T08:01:18Z</time></trkpt><trkpt lat="9.870843" lon="-83.585423"><ele>1176.047</ele><time>2022-04-30T08:01:19Z</time></trkpt><trkpt lat="9.870831" lon="-83.585405"><ele>1176.288</ele><time>2022-04-30T08:01:21Z</time></trkpt><trkpt lat="9.870831" lon="-83.5854"><ele>1176.446</ele><time>2022-04-30T08:01:22Z</time></trkpt><trkpt lat="9.870821" lon="-83.58539"><ele>1176.644</ele><time>2022-04-30T08:01:24Z</time></trkpt><trkpt lat="9.870784" lon="-83.585374"><ele>1177.065</ele><time>2022-04-30T08:01:26Z</time></trkpt><trkpt lat="9.870769" lon="-83.585361"><ele>1177.051</ele><time>2022-04-30T08:01:27Z</time></trkpt><trkpt lat="9.870742" lon="-83.585349"><ele>1177.213</ele><time>2022-04-30T08:01:30Z</time></trkpt><trkpt lat="9.870703" lon="-83.585338"><ele>1177.467</ele><time>2022-04-30T08:01:33Z</time></trkpt><trkpt lat="9.870664" lon="-83.585322"><ele>1178.481</ele><time>2022-04-30T08:01:36Z</time></trkpt><trkpt lat="9.870653" lon="-83.585315"><ele>1178.619</ele><time>2022-04-30T08:01:38Z</time></trkpt><trkpt lat="9.870629" lon="-83.585308"><ele>1179.009</ele><time>2022-04-30T08:01:40Z</time></trkpt><trkpt lat="9.870595" lon="-83.585289"><ele>1179.457</ele><time>2022-04-30T08:01:43Z</time></trkpt><trkpt lat="9.870587" lon="-83.585286"><ele>1179.646</ele><time>2022-04-30T08:01:44Z</time></trkpt><trkpt lat="9.870566" lon="-83.585275"><ele>1180.025</ele><time>2022-04-30T08:01:46Z</time></trkpt><trkpt lat="9.870544" lon="-83.585264"><ele>1180.486</ele><time>2022-04-30T08:01:48Z</time></trkpt><trkpt lat="9.870532" lon="-83.585259"><ele>1180.854</ele><time>2022-04-30T08:01:49Z</time></trkpt><trkpt lat="9.870524" lon="-83.585254"><ele>1180.872</ele><time>2022-04-30T08:01:50Z</time></trkpt><trkpt lat="9.870511" lon="-83.58525"><ele>1181.063</ele><time>2022-04-30T08:01:51Z</time></trkpt><trkpt lat="9.870493" lon="-83.585246"><ele>1181.089</ele><time>2022-04-30T08:01:52Z</time></trkpt><trkpt lat="9.870473" lon="-83.58524"><ele>1181.231</ele><time>2022-04-30T08:01:53Z</time></trkpt><trkpt lat="9.870429" lon="-83.585233"><ele>1181.624</ele><time>2022-04-30T08:01:56Z</time></trkpt><trkpt lat="9.870398" lon="-83.585235"><ele>1181.604</ele><time>2022-04-30T08:01:59Z</time></trkpt><trkpt lat="9.870384" lon="-83.585236"><ele>1182.014</ele><time>2022-04-30T08:02:00Z</time></trkpt><trkpt lat="9.870343" lon="-83.58525"><ele>1182.609</ele><time>2022-04-30T08:02:03Z</time></trkpt><trkpt lat="9.870305" lon="-83.585269"><ele>1183.253</ele><time>2022-04-30T08:02:05Z</time></trkpt><trkpt lat="9.870299" lon="-83.585289"><ele>1183.252</ele><time>2022-04-30T08:02:07Z</time></trkpt><trkpt lat="9.870286" lon="-83.585304"><ele>1183.461</ele><time>2022-04-30T08:02:08Z</time></trkpt><trkpt lat="9.870255" lon="-83.585339"><ele>1184.062</ele><time>2022-04-30T08:02:11Z</time></trkpt><trkpt lat="9.870249" lon="-83.585345"><ele>1184.080</ele><time>2022-04-30T08:02:12Z</time></trkpt><trkpt lat="9.870214" lon="-83.585363"><ele>1184.458</ele><time>2022-04-30T08:02:14Z</time></trkpt><trkpt lat="9.870201" lon="-83.585451"><ele>1185.099</ele><time>2022-04-30T08:02:18Z</time></trkpt><trkpt lat="9.870201" lon="-83.585472"><ele>1185.275</ele><time>2022-04-30T08:02:19Z</time></trkpt><trkpt lat="9.870218" lon="-83.585507"><ele>1185.257</ele><time>2022-04-30T08:02:22Z</time></trkpt><trkpt lat="9.870224" lon="-83.585522"><ele>1185.421</ele><time>2022-04-30T08:02:23Z</time></trkpt><trkpt lat="9.870234" lon="-83.585562"><ele>1186.241</ele><time>2022-04-30T08:02:26Z</time></trkpt><trkpt lat="9.870222" lon="-83.585568"><ele>1186.205</ele><time>2022-04-30T08:02:27Z</time></trkpt><trkpt lat="9.870216" lon="-83.585585"><ele>1186.409</ele><time>2022-04-30T08:02:28Z</time></trkpt><trkpt lat="9.870213" lon="-83.585649"><ele>1186.683</ele><time>2022-04-30T08:02:33Z</time></trkpt><trkpt lat="9.870222" lon="-83.585671"><ele>1186.872</ele><time>2022-04-30T08:02:35Z</time></trkpt><trkpt lat="9.870233" lon="-83.585696"><ele>1187.261</ele><time>2022-04-30T08:02:37Z</time></trkpt><trkpt lat="9.870242" lon="-83.585719"><ele>1187.682</ele><time>2022-04-30T08:02:40Z</time></trkpt><trkpt lat="9.870244" lon="-83.58573"><ele>1188.030</ele><time>2022-04-30T08:02:41Z</time></trkpt><trkpt lat="9.870258" lon="-83.585788"><ele>1188.278</ele><time>2022-04-30T08:02:45Z</time></trkpt><trkpt lat="9.870248" lon="-83.585791"><ele>1188.429</ele><time>2022-04-30T08:02:46Z</time></trkpt><trkpt lat="9.870243" lon="-83.585799"><ele>1188.675</ele><time>2022-04-30T08:02:47Z</time></trkpt><trkpt lat="9.870266" lon="-83.585844"><ele>1189.057</ele><time>2022-04-30T08:02:50Z</time></trkpt><trkpt lat="9.870277" lon="-83.585887"><ele>1189.452</ele><time>2022-04-30T08:02:53Z</time></trkpt><trkpt lat="9.870273" lon="-83.585898"><ele>1189.453</ele><time>2022-04-30T08:02:54Z</time></trkpt><trkpt lat="9.870275" lon="-83.585917"><ele>1189.808</ele><time>2022-04-30T08:02:55Z</time></trkpt><trkpt lat="9.87027" lon="-83.585948"><ele>1189.809</ele><time>2022-04-30T08:02:57Z</time></trkpt><trkpt lat="9.870253" lon="-83.585979"><ele>1190.216</ele><time>2022-04-30T08:03:00Z</time></trkpt><trkpt lat="9.870248" lon="-83.585988"><ele>1190.425</ele><time>2022-04-30T08:03:01Z</time></trkpt><trkpt lat="9.870243" lon="-83.586016"><ele>1190.844</ele><time>2022-04-30T08:03:03Z</time></trkpt><trkpt lat="9.870241" lon="-83.586031"><ele>1191.075</ele><time>2022-04-30T08:03:04Z</time></trkpt><trkpt lat="9.870234" lon="-83.586055"><ele>1191.413</ele><time>2022-04-30T08:03:06Z</time></trkpt><trkpt lat="9.870235" lon="-83.586065"><ele>1191.411</ele><time>2022-04-30T08:03:07Z</time></trkpt><trkpt lat="9.870217" lon="-83.586102"><ele>1191.632</ele><time>2022-04-30T08:03:10Z</time></trkpt><trkpt lat="9.870198" lon="-83.586121"><ele>1191.828</ele><time>2022-04-30T08:03:12Z</time></trkpt><trkpt lat="9.870187" lon="-83.586152"><ele>1192.420</ele><time>2022-04-30T08:03:16Z</time></trkpt><trkpt lat="9.87018" lon="-83.58617"><ele>1192.638</ele><time>2022-04-30T08:03:18Z</time></trkpt><trkpt lat="9.870166" lon="-83.586217"><ele>1192.870</ele><time>2022-04-30T08:03:21Z</time></trkpt><trkpt lat="9.870161" lon="-83.586238"><ele>1193.217</ele><time>2022-04-30T08:03:23Z</time></trkpt><trkpt lat="9.870151" lon="-83.586255"><ele>1193.209</ele><time>2022-04-30T08:03:25Z</time></trkpt><trkpt lat="9.870137" lon="-83.586274"><ele>1193.244</ele><time>2022-04-30T08:03:27Z</time></trkpt><trkpt lat="9.870134" lon="-83.586297"><ele>1193.613</ele><time>2022-04-30T08:03:30Z</time></trkpt><trkpt lat="9.870135" lon="-83.586357"><ele>1193.842</ele><time>2022-04-30T08:03:33Z</time></trkpt><trkpt lat="9.870157" lon="-83.58641"><ele>1194.073</ele><time>2022-04-30T08:03:36Z</time></trkpt><trkpt lat="9.870179" lon="-83.586468"><ele>1194.041</ele><time>2022-04-30T08:03:40Z</time></trkpt><trkpt lat="9.870176" lon="-83.58649"><ele>1193.879</ele><time>2022-04-30T08:03:43Z</time></trkpt><trkpt lat="9.870177" lon="-83.586557"><ele>1193.460</ele><time>2022-04-30T08:03:47Z</time></trkpt><trkpt lat="9.870182" lon="-83.58659"><ele>1193.226</ele><time>2022-04-30T08:03:49Z</time></trkpt><trkpt lat="9.870175" lon="-83.586606"><ele>1193.298</ele><time>2022-04-30T08:03:51Z</time></trkpt><trkpt lat="9.870177" lon="-83.586617"><ele>1193.255</ele><time>2022-04-30T08:03:53Z</time></trkpt><trkpt lat="9.870175" lon="-83.586649"><ele>1193.207</ele><time>2022-04-30T08:03:54Z</time></trkpt><trkpt lat="9.870157" lon="-83.586732"><ele>1193.417</ele><time>2022-04-30T08:03:59Z</time></trkpt><trkpt lat="9.870143" lon="-83.586787"><ele>1193.609</ele><time>2022-04-30T08:04:02Z</time></trkpt><trkpt lat="9.870141" lon="-83.586851"><ele>1193.636</ele><time>2022-04-30T08:04:05Z</time></trkpt><trkpt lat="9.870157" lon="-83.586892"><ele>1193.695</ele><time>2022-04-30T08:04:07Z</time></trkpt><trkpt lat="9.870168" lon="-83.586931"><ele>1193.614</ele><time>2022-04-30T08:04:09Z</time></trkpt><trkpt lat="9.870164" lon="-83.586965"><ele>1193.645</ele><time>2022-04-30T08:04:12Z</time></trkpt><trkpt lat="9.870139" lon="-83.587004"><ele>1193.423</ele><time>2022-04-30T08:04:16Z</time></trkpt><trkpt lat="9.870131" lon="-83.587013"><ele>1193.431</ele><time>2022-04-30T08:04:18Z</time></trkpt><trkpt lat="9.870109" lon="-83.587045"><ele>1193.482</ele><time>2022-04-30T08:04:20Z</time></trkpt><trkpt lat="9.870082" lon="-83.58709"><ele>1193.428</ele><time>2022-04-30T08:04:24Z</time></trkpt><trkpt lat="9.870071" lon="-83.587116"><ele>1193.260</ele><time>2022-04-30T08:04:26Z</time></trkpt><trkpt lat="9.870053" lon="-83.587146"><ele>1193.269</ele><time>2022-04-30T08:04:31Z</time></trkpt><trkpt lat="9.870035" lon="-83.587157"><ele>1193.404</ele><time>2022-04-30T08:04:33Z</time></trkpt><trkpt lat="9.86996" lon="-83.587234"><ele>1193.624</ele><time>2022-04-30T08:04:40Z</time></trkpt><trkpt lat="9.869945" lon="-83.587256"><ele>1193.809</ele><time>2022-04-30T08:04:42Z</time></trkpt><trkpt lat="9.869952" lon="-83.5873"><ele>1194.017</ele><time>2022-04-30T08:04:45Z</time></trkpt><trkpt lat="9.869949" lon="-83.58731"><ele>1194.096</ele><time>2022-04-30T08:04:46Z</time></trkpt><trkpt lat="9.869923" lon="-83.587323"><ele>1194.065</ele><time>2022-04-30T08:04:49Z</time></trkpt><trkpt lat="9.869923" lon="-83.587323"><ele>1194.016</ele><time>2022-04-30T08:04:50Z</time></trkpt><trkpt lat="9.86991" lon="-83.587332"><ele>1194.014</ele><time>2022-04-30T08:04:51Z</time></trkpt><trkpt lat="9.869885" lon="-83.587397"><ele>1194.042</ele><time>2022-04-30T08:04:55Z</time></trkpt><trkpt lat="9.869887" lon="-83.587548"><ele>1193.873</ele><time>2022-04-30T08:05:03Z</time></trkpt><trkpt lat="9.869901" lon="-83.587616"><ele>1193.619</ele><time>2022-04-30T08:05:09Z</time></trkpt><trkpt lat="9.869898" lon="-83.587625"><ele>1193.411</ele><time>2022-04-30T08:05:10Z</time></trkpt><trkpt lat="9.869903" lon="-83.587648"><ele>1193.432</ele><time>2022-04-30T08:05:12Z</time></trkpt><trkpt lat="9.869902" lon="-83.587705"><ele>1193.492</ele><time>2022-04-30T08:05:16Z</time></trkpt><trkpt lat="9.869908" lon="-83.587745"><ele>1193.211</ele><time>2022-04-30T08:05:19Z</time></trkpt><trkpt lat="9.869917" lon="-83.587805"><ele>1193.209</ele><time>2022-04-30T08:05:22Z</time></trkpt><trkpt lat="9.869917" lon="-83.587818"><ele>1193.224</ele><time>2022-04-30T08:05:23Z</time></trkpt><trkpt lat="9.869913" lon="-83.587855"><ele>1193.233</ele><time>2022-04-30T08:05:26Z</time></trkpt><trkpt lat="9.869915" lon="-83.58787"><ele>1193.232</ele><time>2022-04-30T08:05:27Z</time></trkpt><trkpt lat="9.869919" lon="-83.587945"><ele>1193.213</ele><time>2022-04-30T08:05:33Z</time></trkpt><trkpt lat="9.869918" lon="-83.587954"><ele>1193.271</ele><time>2022-04-30T08:05:35Z</time></trkpt><trkpt lat="9.869918" lon="-83.587954"><ele>1193.269</ele><time>2022-04-30T08:05:36Z</time></trkpt><trkpt lat="9.869911" lon="-83.588028"><ele>1193.440</ele><time>2022-04-30T08:05:41Z</time></trkpt><trkpt lat="9.869906" lon="-83.58803"><ele>1193.226</ele><time>2022-04-30T08:05:42Z</time></trkpt><trkpt lat="9.869891" lon="-83.588097"><ele>1193.628</ele><time>2022-04-30T08:05:48Z</time></trkpt><trkpt lat="9.869862" lon="-83.588163"><ele>1194.474</ele><time>2022-04-30T08:05:55Z</time></trkpt><trkpt lat="9.869855" lon="-83.588185"><ele>1194.856</ele><time>2022-04-30T08:05:57Z</time></trkpt><trkpt lat="9.869847" lon="-83.588207"><ele>1195.021</ele><time>2022-04-30T08:06:00Z</time></trkpt><trkpt lat="9.869844" lon="-83.588229"><ele>1195.209</ele><time>2022-04-30T08:06:02Z</time></trkpt><trkpt lat="9.869837" lon="-83.588242"><ele>1195.418</ele><time>2022-04-30T08:06:04Z</time></trkpt><trkpt lat="9.869825" lon="-83.588295"><ele>1196.037</ele><time>2022-04-30T08:06:08Z</time></trkpt><trkpt lat="9.869794" lon="-83.588324"><ele>1196.636</ele><time>2022-04-30T08:06:11Z</time></trkpt><trkpt lat="9.869739" lon="-83.588384"><ele>1197.477</ele><time>2022-04-30T08:06:19Z</time></trkpt><trkpt lat="9.869727" lon="-83.588401"><ele>1197.685</ele><time>2022-04-30T08:06:21Z</time></trkpt><trkpt lat="9.86966" lon="-83.588445"><ele>1198.433</ele><time>2022-04-30T08:06:27Z</time></trkpt><trkpt lat="9.86964" lon="-83.588455"><ele>1198.614</ele><time>2022-04-30T08:06:29Z</time></trkpt><trkpt lat="9.869591" lon="-83.588457"><ele>1199.240</ele><time>2022-04-30T08:06:34Z</time></trkpt><trkpt lat="9.869566" lon="-83.588459"><ele>1199.842</ele><time>2022-04-30T08:06:36Z</time></trkpt><trkpt lat="9.869499" lon="-83.58847"><ele>1201.051</ele><time>2022-04-30T08:06:42Z</time></trkpt><trkpt lat="9.869481" lon="-83.588473"><ele>1201.201</ele><time>2022-04-30T08:06:44Z</time></trkpt><trkpt lat="9.869453" lon="-83.588478"><ele>1202.011</ele><time>2022-04-30T08:06:47Z</time></trkpt><trkpt lat="9.86942" lon="-83.588481"><ele>1202.409</ele><time>2022-04-30T08:06:51Z</time></trkpt><trkpt lat="9.869367" lon="-83.588481"><ele>1203.076</ele><time>2022-04-30T08:06:55Z</time></trkpt><trkpt lat="9.869349" lon="-83.588484"><ele>1203.665</ele><time>2022-04-30T08:06:57Z</time></trkpt><trkpt lat="9.869337" lon="-83.588485"><ele>1203.634</ele><time>2022-04-30T08:06:58Z</time></trkpt><trkpt lat="9.869311" lon="-83.588485"><ele>1204.275</ele><time>2022-04-30T08:07:00Z</time></trkpt><trkpt lat="9.869258" lon="-83.58848"><ele>1205.013</ele><time>2022-04-30T08:07:05Z</time></trkpt><trkpt lat="9.86925" lon="-83.588482"><ele>1205.261</ele><time>2022-04-30T08:07:06Z</time></trkpt><trkpt lat="9.8692" lon="-83.588483"><ele>1205.662</ele><time>2022-04-30T08:07:10Z</time></trkpt><trkpt lat="9.869183" lon="-83.588485"><ele>1206.058</ele><time>2022-04-30T08:07:12Z</time></trkpt><trkpt lat="9.86917" lon="-83.588479"><ele>1206.240</ele><time>2022-04-30T08:07:13Z</time></trkpt><trkpt lat="9.869156" lon="-83.588479"><ele>1206.418</ele><time>2022-04-30T08:07:14Z</time></trkpt><trkpt lat="9.869132" lon="-83.588483"><ele>1206.898</ele><time>2022-04-30T08:07:16Z</time></trkpt><trkpt lat="9.869108" lon="-83.588488"><ele>1207.017</ele><time>2022-04-30T08:07:18Z</time></trkpt><trkpt lat="9.869052" lon="-83.588505"><ele>1207.409</ele><time>2022-04-30T08:07:22Z</time></trkpt><trkpt lat="9.869007" lon="-83.588518"><ele>1207.642</ele><time>2022-04-30T08:07:25Z</time></trkpt><trkpt lat="9.868918" lon="-83.588541"><ele>1208.061</ele><time>2022-04-30T08:07:31Z</time></trkpt><trkpt lat="9.868899" lon="-83.588568"><ele>1208.060</ele><time>2022-04-30T08:07:33Z</time></trkpt><trkpt lat="9.868887" lon="-83.588579"><ele>1208.021</ele><time>2022-04-30T08:07:35Z</time></trkpt><trkpt lat="9.86881" lon="-83.588662"><ele>1207.879</ele><time>2022-04-30T08:07:42Z</time></trkpt><trkpt lat="9.868767" lon="-83.588737"><ele>1208.057</ele><time>2022-04-30T08:07:48Z</time></trkpt><trkpt lat="9.868758" lon="-83.588759"><ele>1208.048</ele><time>2022-04-30T08:07:49Z</time></trkpt><trkpt lat="9.868737" lon="-83.588814"><ele>1208.474</ele><time>2022-04-30T08:07:53Z</time></trkpt><trkpt lat="9.868721" lon="-83.588849"><ele>1208.496</ele><time>2022-04-30T08:07:56Z</time></trkpt><trkpt lat="9.868688" lon="-83.588892"><ele>1208.477</ele><time>2022-04-30T08:07:59Z</time></trkpt><trkpt lat="9.868673" lon="-83.588927"><ele>1208.461</ele><time>2022-04-30T08:08:02Z</time></trkpt><trkpt lat="9.868674" lon="-83.58894"><ele>1208.427</ele><time>2022-04-30T08:08:05Z</time></trkpt><trkpt lat="9.868619" lon="-83.589015"><ele>1208.409</ele><time>2022-04-30T08:08:11Z</time></trkpt><trkpt lat="9.868557" lon="-83.589104"><ele>1208.228</ele><time>2022-04-30T08:08:17Z</time></trkpt><trkpt lat="9.868522" lon="-83.589177"><ele>1208.057</ele><time>2022-04-30T08:08:23Z</time></trkpt><trkpt lat="9.868485" lon="-83.58928"><ele>1207.666</ele><time>2022-04-30T08:08:31Z</time></trkpt><trkpt lat="9.868457" lon="-83.589417"><ele>1207.257</ele><time>2022-04-30T08:08:38Z</time></trkpt><trkpt lat="9.868475" lon="-83.589483"><ele>1206.825</ele><time>2022-04-30T08:08:43Z</time></trkpt><trkpt lat="9.868475" lon="-83.589504"><ele>1206.623</ele><time>2022-04-30T08:08:45Z</time></trkpt><trkpt lat="9.868477" lon="-83.589532"><ele>1206.414</ele><time>2022-04-30T08:08:47Z</time></trkpt><trkpt lat="9.868498" lon="-83.589608"><ele>1206.250</ele><time>2022-04-30T08:08:52Z</time></trkpt><trkpt lat="9.86852" lon="-83.589707"><ele>1205.282</ele><time>2022-04-30T08:10:06Z</time></trkpt><trkpt lat="9.868544" lon="-83.58981"><ele>1205.091</ele><time>2022-04-30T08:10:12Z</time></trkpt><trkpt lat="9.868558" lon="-83.589841"><ele>1204.681</ele><time>2022-04-30T08:10:17Z</time></trkpt><trkpt lat="9.868574" lon="-83.589898"><ele>1204.419</ele><time>2022-04-30T08:10:23Z</time></trkpt><trkpt lat="9.868582" lon="-83.589913"><ele>1204.409</ele><time>2022-04-30T08:10:24Z</time></trkpt><trkpt lat="9.868591" lon="-83.589934"><ele>1204.260</ele><time>2022-04-30T08:10:26Z</time></trkpt><trkpt lat="9.868594" lon="-83.589965"><ele>1204.039</ele><time>2022-04-30T08:10:28Z</time></trkpt><trkpt lat="9.868597" lon="-83.589973"><ele>1203.688</ele><time>2022-04-30T08:10:30Z</time></trkpt><trkpt lat="9.868603" lon="-83.589998"><ele>1203.459</ele><time>2022-04-30T08:10:33Z</time></trkpt><trkpt lat="9.86861" lon="-83.590022"><ele>1203.227</ele><time>2022-04-30T08:10:35Z</time></trkpt><trkpt lat="9.86863" lon="-83.590087"><ele>1203.095</ele><time>2022-04-30T08:10:40Z</time></trkpt><trkpt lat="9.868638" lon="-83.590129"><ele>1202.836</ele><time>2022-04-30T08:10:44Z</time></trkpt><trkpt lat="9.868638" lon="-83.590145"><ele>1202.662</ele><time>2022-04-30T08:10:45Z</time></trkpt><trkpt lat="9.868643" lon="-83.590172"><ele>1202.494</ele><time>2022-04-30T08:10:49Z</time></trkpt><trkpt lat="9.868639" lon="-83.590229"><ele>1202.093</ele><time>2022-04-30T08:10:54Z</time></trkpt><trkpt lat="9.868633" lon="-83.590282"><ele>1201.665</ele><time>2022-04-30T08:11:00Z</time></trkpt><trkpt lat="9.868629" lon="-83.590297"><ele>1201.621</ele><time>2022-04-30T08:11:01Z</time></trkpt><trkpt lat="9.868624" lon="-83.590328"><ele>1201.209</ele><time>2022-04-30T08:11:05Z</time></trkpt><trkpt lat="9.868624" lon="-83.590383"><ele>1200.660</ele><time>2022-04-30T08:11:11Z</time></trkpt><trkpt lat="9.868625" lon="-83.590393"><ele>1200.489</ele><time>2022-04-30T08:11:12Z</time></trkpt><trkpt lat="9.868613" lon="-83.590455"><ele>1200.068</ele><time>2022-04-30T08:11:18Z</time></trkpt><trkpt lat="9.868603" lon="-83.590494"><ele>1199.669</ele><time>2022-04-30T08:11:24Z</time></trkpt><trkpt lat="9.8686" lon="-83.590503"><ele>1199.647</ele><time>2022-04-30T08:11:25Z</time></trkpt><trkpt lat="9.868597" lon="-83.590525"><ele>1199.425</ele><time>2022-04-30T08:11:27Z</time></trkpt><trkpt lat="9.868589" lon="-83.590575"><ele>1199.246</ele><time>2022-04-30T08:11:30Z</time></trkpt><trkpt lat="9.86859" lon="-83.590606"><ele>1199.032</ele><time>2022-04-30T08:11:34Z</time></trkpt><trkpt lat="9.868593" lon="-83.590618"><ele>1199.074</ele><time>2022-04-30T08:11:35Z</time></trkpt><trkpt lat="9.868591" lon="-83.590666"><ele>1199.051</ele><time>2022-04-30T08:11:40Z</time></trkpt><trkpt lat="9.86859" lon="-83.590686"><ele>1198.601</ele><time>2022-04-30T08:11:42Z</time></trkpt><trkpt lat="9.868585" lon="-83.590732"><ele>1198.211</ele><time>2022-04-30T08:11:46Z</time></trkpt><trkpt lat="9.868583" lon="-83.590742"><ele>1198.209</ele><time>2022-04-30T08:11:47Z</time></trkpt><trkpt lat="9.868594" lon="-83.590811"><ele>1197.676</ele><time>2022-04-30T08:11:52Z</time></trkpt><trkpt lat="9.868614" lon="-83.590868"><ele>1197.235</ele><time>2022-04-30T08:11:58Z</time></trkpt><trkpt lat="9.86862" lon="-83.590892"><ele>1197.094</ele><time>2022-04-30T08:12:01Z</time></trkpt><trkpt lat="9.868626" lon="-83.590911"><ele>1197.025</ele><time>2022-04-30T08:12:03Z</time></trkpt><trkpt lat="9.868632" lon="-83.590921"><ele>1197.043</ele><time>2022-04-30T08:12:04Z</time></trkpt><trkpt lat="9.868656" lon="-83.590981"><ele>1196.881</ele><time>2022-04-30T08:12:08Z</time></trkpt><trkpt lat="9.868659" lon="-83.591001"><ele>1196.842</ele><time>2022-04-30T08:12:11Z</time></trkpt><trkpt lat="9.86866" lon="-83.591022"><ele>1196.618</ele><time>2022-04-30T08:12:13Z</time></trkpt><trkpt lat="9.868672" lon="-83.591098"><ele>1196.430</ele><time>2022-04-30T08:12:18Z</time></trkpt><trkpt lat="9.868668" lon="-83.591113"><ele>1196.462</ele><time>2022-04-30T08:12:23Z</time></trkpt><trkpt lat="9.868677" lon="-83.591161"><ele>1196.283</ele><time>2022-04-30T08:12:47Z</time></trkpt><trkpt lat="9.868671" lon="-83.591202"><ele>1196.211</ele><time>2022-04-30T08:12:49Z</time></trkpt><trkpt lat="9.868659" lon="-83.591277"><ele>1196.409</ele><time>2022-04-30T08:12:53Z</time></trkpt><trkpt lat="9.868659" lon="-83.591295"><ele>1196.427</ele><time>2022-04-30T08:12:55Z</time></trkpt><trkpt lat="9.868662" lon="-83.59131"><ele>1196.666</ele><time>2022-04-30T08:12:57Z</time></trkpt><trkpt lat="9.868633" lon="-83.591373"><ele>1196.645</ele><time>2022-04-30T08:13:03Z</time></trkpt><trkpt lat="9.868629" lon="-83.59141"><ele>1196.466</ele><time>2022-04-30T08:13:06Z</time></trkpt><trkpt lat="9.868627" lon="-83.591431"><ele>1196.494</ele><time>2022-04-30T08:13:08Z</time></trkpt><trkpt lat="9.86862" lon="-83.591443"><ele>1196.412</ele><time>2022-04-30T08:13:09Z</time></trkpt><trkpt lat="9.868582" lon="-83.591515"><ele>1195.853</ele><time>2022-04-30T08:13:16Z</time></trkpt><trkpt lat="9.868575" lon="-83.591527"><ele>1195.449</ele><time>2022-04-30T08:13:17Z</time></trkpt><trkpt lat="9.868557" lon="-83.591594"><ele>1194.661</ele><time>2022-04-30T08:13:22Z</time></trkpt><trkpt lat="9.86855" lon="-83.591599"><ele>1194.693</ele><time>2022-04-30T08:13:23Z</time></trkpt><trkpt lat="9.868544" lon="-83.591607"><ele>1194.465</ele><time>2022-04-30T08:13:24Z</time></trkpt><trkpt lat="9.868534" lon="-83.59163"><ele>1194.021</ele><time>2022-04-30T08:13:26Z</time></trkpt><trkpt lat="9.868508" lon="-83.59167"><ele>1193.809</ele><time>2022-04-30T08:13:30Z</time></trkpt><trkpt lat="9.868505" lon="-83.591682"><ele>1193.480</ele><time>2022-04-30T08:13:31Z</time></trkpt><trkpt lat="9.8685" lon="-83.591694"><ele>1193.229</ele><time>2022-04-30T08:13:32Z</time></trkpt><trkpt lat="9.868475" lon="-83.591739"><ele>1192.448</ele><time>2022-04-30T08:13:37Z</time></trkpt><trkpt lat="9.868468" lon="-83.591747"><ele>1192.269</ele><time>2022-04-30T08:13:38Z</time></trkpt><trkpt lat="9.868465" lon="-83.591755"><ele>1192.067</ele><time>2022-04-30T08:13:39Z</time></trkpt><trkpt lat="9.868456" lon="-83.591796"><ele>1191.495</ele><time>2022-04-30T08:13:42Z</time></trkpt><trkpt lat="9.868448" lon="-83.591822"><ele>1191.216</ele><time>2022-04-30T08:13:44Z</time></trkpt><trkpt lat="9.868433" lon="-83.59184"><ele>1190.442</ele><time>2022-04-30T08:13:47Z</time></trkpt><trkpt lat="9.868427" lon="-83.591849"><ele>1190.444</ele><time>2022-04-30T08:13:48Z</time></trkpt><trkpt lat="9.86842" lon="-83.59189"><ele>1190.016</ele><time>2022-04-30T08:13:51Z</time></trkpt><trkpt lat="9.868417" lon="-83.591901"><ele>1189.876</ele><time>2022-04-30T08:13:52Z</time></trkpt><trkpt lat="9.868413" lon="-83.591913"><ele>1189.613</ele><time>2022-04-30T08:13:53Z</time></trkpt><trkpt lat="9.868391" lon="-83.591956"><ele>1189.009</ele><time>2022-04-30T08:13:58Z</time></trkpt><trkpt lat="9.868387" lon="-83.591963"><ele>1188.892</ele><time>2022-04-30T08:13:59Z</time></trkpt><trkpt lat="9.868383" lon="-83.591986"><ele>1188.621</ele><time>2022-04-30T08:14:01Z</time></trkpt><trkpt lat="9.868376" lon="-83.592025"><ele>1188.220</ele><time>2022-04-30T08:14:04Z</time></trkpt><trkpt lat="9.868368" lon="-83.592055"><ele>1187.891</ele><time>2022-04-30T08:14:06Z</time></trkpt><trkpt lat="9.868363" lon="-83.592072"><ele>1187.659</ele><time>2022-04-30T08:14:07Z</time></trkpt><trkpt lat="9.868354" lon="-83.592088"><ele>1187.647</ele><time>2022-04-30T08:14:08Z</time></trkpt><trkpt lat="9.868338" lon="-83.592125"><ele>1186.828</ele><time>2022-04-30T08:14:11Z</time></trkpt><trkpt lat="9.868331" lon="-83.592148"><ele>1186.414</ele><time>2022-04-30T08:14:14Z</time></trkpt><trkpt lat="9.868325" lon="-83.592154"><ele>1186.226</ele><time>2022-04-30T08:14:15Z</time></trkpt><trkpt lat="9.868317" lon="-83.592189"><ele>1185.842</ele><time>2022-04-30T08:14:18Z</time></trkpt><trkpt lat="9.868316" lon="-83.592201"><ele>1185.822</ele><time>2022-04-30T08:14:19Z</time></trkpt><trkpt lat="9.868306" lon="-83.592231"><ele>1185.414</ele><time>2022-04-30T08:14:21Z</time></trkpt><trkpt lat="9.868289" lon="-83.592276"><ele>1185.009</ele><time>2022-04-30T08:14:25Z</time></trkpt><trkpt lat="9.868285" lon="-83.592282"><ele>1184.875</ele><time>2022-04-30T08:14:26Z</time></trkpt><trkpt lat="9.86828" lon="-83.592291"><ele>1184.624</ele><time>2022-04-30T08:14:27Z</time></trkpt><trkpt lat="9.868265" lon="-83.592313"><ele>1184.633</ele><time>2022-04-30T08:14:29Z</time></trkpt><trkpt lat="9.868254" lon="-83.592351"><ele>1184.264</ele><time>2022-04-30T08:14:32Z</time></trkpt><trkpt lat="9.868232" lon="-83.592383"><ele>1183.852</ele><time>2022-04-30T08:14:34Z</time></trkpt><trkpt lat="9.868225" lon="-83.592419"><ele>1183.450</ele><time>2022-04-30T08:14:36Z</time></trkpt><trkpt lat="9.868215" lon="-83.592446"><ele>1182.871</ele><time>2022-04-30T08:14:40Z</time></trkpt><trkpt lat="9.86819" lon="-83.592504"><ele>1182.057</ele><time>2022-04-30T08:14:45Z</time></trkpt><trkpt lat="9.868179" lon="-83.592517"><ele>1182.069</ele><time>2022-04-30T08:14:46Z</time></trkpt><trkpt lat="9.868172" lon="-83.592535"><ele>1181.675</ele><time>2022-04-30T08:14:48Z</time></trkpt><trkpt lat="9.868155" lon="-83.592577"><ele>1181.228</ele><time>2022-04-30T08:14:52Z</time></trkpt><trkpt lat="9.868134" lon="-83.592634"><ele>1180.820</ele><time>2022-04-30T08:14:56Z</time></trkpt><trkpt lat="9.868124" lon="-83.592651"><ele>1180.809</ele><time>2022-04-30T08:14:57Z</time></trkpt><trkpt lat="9.868123" lon="-83.592668"><ele>1180.628</ele><time>2022-04-30T08:14:58Z</time></trkpt><trkpt lat="9.868115" lon="-83.592692"><ele>1180.027</ele><time>2022-04-30T08:15:02Z</time></trkpt><trkpt lat="9.868112" lon="-83.592714"><ele>1179.896</ele><time>2022-04-30T08:15:04Z</time></trkpt><trkpt lat="9.868112" lon="-83.592737"><ele>1179.667</ele><time>2022-04-30T08:15:06Z</time></trkpt><trkpt lat="9.868108" lon="-83.592758"><ele>1179.445</ele><time>2022-04-30T08:15:07Z</time></trkpt><trkpt lat="9.868112" lon="-83.592799"><ele>1178.823</ele><time>2022-04-30T08:15:11Z</time></trkpt><trkpt lat="9.868107" lon="-83.592819"><ele>1178.614</ele><time>2022-04-30T08:15:13Z</time></trkpt><trkpt lat="9.868109" lon="-83.592828"><ele>1178.660</ele><time>2022-04-30T08:15:14Z</time></trkpt><trkpt lat="9.868113" lon="-83.592854"><ele>1178.672</ele><time>2022-04-30T08:15:16Z</time></trkpt><trkpt lat="9.868116" lon="-83.59287"><ele>1178.498</ele><time>2022-04-30T08:15:17Z</time></trkpt><trkpt lat="9.868119" lon="-83.592883"><ele>1178.415</ele><time>2022-04-30T08:15:19Z</time></trkpt><trkpt lat="9.868119" lon="-83.592912"><ele>1178.226</ele><time>2022-04-30T08:15:22Z</time></trkpt><trkpt lat="9.868117" lon="-83.592951"><ele>1178.209</ele><time>2022-04-30T08:15:26Z</time></trkpt><trkpt lat="9.868127" lon="-83.593037"><ele>1177.810</ele><time>2022-04-30T08:15:32Z</time></trkpt><trkpt lat="9.868128" lon="-83.593045"><ele>1177.649</ele><time>2022-04-30T08:15:33Z</time></trkpt><trkpt lat="9.868132" lon="-83.593083"><ele>1177.468</ele><time>2022-04-30T08:15:37Z</time></trkpt><trkpt lat="9.868136" lon="-83.593164"><ele>1176.849</ele><time>2022-04-30T08:15:44Z</time></trkpt><trkpt lat="9.868144" lon="-83.593188"><ele>1176.677</ele><time>2022-04-30T08:15:46Z</time></trkpt><trkpt lat="9.868147" lon="-83.593241"><ele>1176.495</ele><time>2022-04-30T08:15:50Z</time></trkpt><trkpt lat="9.868144" lon="-83.593259"><ele>1176.456</ele><time>2022-04-30T08:15:52Z</time></trkpt><trkpt lat="9.86815" lon="-83.593278"><ele>1176.072</ele><time>2022-04-30T08:15:54Z</time></trkpt><trkpt lat="9.86816" lon="-83.593312"><ele>1176.054</ele><time>2022-04-30T08:15:56Z</time></trkpt><trkpt lat="9.86817" lon="-83.593349"><ele>1175.624</ele><time>2022-04-30T08:16:00Z</time></trkpt><trkpt lat="9.868174" lon="-83.593371"><ele>1175.404</ele><time>2022-04-30T08:16:02Z</time></trkpt><trkpt lat="9.868223" lon="-83.593434"><ele>1175.014</ele><time>2022-04-30T08:16:08Z</time></trkpt><trkpt lat="9.868223" lon="-83.593441"><ele>1175.009</ele><time>2022-04-30T08:16:09Z</time></trkpt><trkpt lat="9.86824" lon="-83.593474"><ele>1174.663</ele><time>2022-04-30T08:16:13Z</time></trkpt><trkpt lat="9.868271" lon="-83.593502"><ele>1174.292</ele><time>2022-04-30T08:16:16Z</time></trkpt><trkpt lat="9.868282" lon="-83.593525"><ele>1173.871</ele><time>2022-04-30T08:16:19Z</time></trkpt><trkpt lat="9.868291" lon="-83.593534"><ele>1173.832</ele><time>2022-04-30T08:16:20Z</time></trkpt><trkpt lat="9.868317" lon="-83.593556"><ele>1173.690</ele><time>2022-04-30T08:16:26Z</time></trkpt><trkpt lat="9.868339" lon="-83.593591"><ele>1173.238</ele><time>2022-04-30T08:16:30Z</time></trkpt><trkpt lat="9.868364" lon="-83.593642"><ele>1172.849</ele><time>2022-04-30T08:16:36Z</time></trkpt><trkpt lat="9.868406" lon="-83.593703"><ele>1172.445</ele><time>2022-04-30T08:16:42Z</time></trkpt><trkpt lat="9.868412" lon="-83.593714"><ele>1172.267</ele><time>2022-04-30T08:16:43Z</time></trkpt><trkpt lat="9.86843" lon="-83.593756"><ele>1172.047</ele><time>2022-04-30T08:16:47Z</time></trkpt><trkpt lat="9.868446" lon="-83.593786"><ele>1171.629</ele><time>2022-04-30T08:16:50Z</time></trkpt><trkpt lat="9.868449" lon="-83.593797"><ele>1171.421</ele><time>2022-04-30T08:16:51Z</time></trkpt><trkpt lat="9.86847" lon="-83.59383"><ele>1170.809</ele><time>2022-04-30T08:16:56Z</time></trkpt><trkpt lat="9.868482" lon="-83.593853"><ele>1170.675</ele><time>2022-04-30T08:16:58Z</time></trkpt><trkpt lat="9.868509" lon="-83.593888"><ele>1170.234</ele><time>2022-04-30T08:17:01Z</time></trkpt><trkpt lat="9.868521" lon="-83.593896"><ele>1170.093</ele><time>2022-04-30T08:17:02Z</time></trkpt><trkpt lat="9.868549" lon="-83.593921"><ele>1169.884</ele><time>2022-04-30T08:17:05Z</time></trkpt><trkpt lat="9.868567" lon="-83.593953"><ele>1169.482</ele><time>2022-04-30T08:17:09Z</time></trkpt><trkpt lat="9.868574" lon="-83.593961"><ele>1169.280</ele><time>2022-04-30T08:17:10Z</time></trkpt><trkpt lat="9.868606" lon="-83.594024"><ele>1168.681</ele><time>2022-04-30T08:17:15Z</time></trkpt><trkpt lat="9.868628" lon="-83.594066"><ele>1168.257</ele><time>2022-04-30T08:17:18Z</time></trkpt><trkpt lat="9.868657" lon="-83.594122"><ele>1167.639</ele><time>2022-04-30T08:17:22Z</time></trkpt><trkpt lat="9.868659" lon="-83.594135"><ele>1167.419</ele><time>2022-04-30T08:17:23Z</time></trkpt><trkpt lat="9.86866" lon="-83.594142"><ele>1167.209</ele><time>2022-04-30T08:17:24Z</time></trkpt><trkpt lat="9.868667" lon="-83.59416"><ele>1167.019</ele><time>2022-04-30T08:17:26Z</time></trkpt><trkpt lat="9.86868" lon="-83.59423"><ele>1166.209</ele><time>2022-04-30T08:17:31Z</time></trkpt><trkpt lat="9.868694" lon="-83.594276"><ele>1165.642</ele><time>2022-04-30T08:17:35Z</time></trkpt><trkpt lat="9.868679" lon="-83.594345"><ele>1165.291</ele><time>2022-04-30T08:17:42Z</time></trkpt><trkpt lat="9.868666" lon="-83.59439"><ele>1165.060</ele><time>2022-04-30T08:17:45Z</time></trkpt><trkpt lat="9.868663" lon="-83.59441"><ele>1164.871</ele><time>2022-04-30T08:17:47Z</time></trkpt><trkpt lat="9.868652" lon="-83.594425"><ele>1164.489</ele><time>2022-04-30T08:17:49Z</time></trkpt><trkpt lat="9.868642" lon="-83.594442"><ele>1164.267</ele><time>2022-04-30T08:17:51Z</time></trkpt><trkpt lat="9.868634" lon="-83.594462"><ele>1164.018</ele><time>2022-04-30T08:17:53Z</time></trkpt><trkpt lat="9.868619" lon="-83.594473"><ele>1164.084</ele><time>2022-04-30T08:17:54Z</time></trkpt><trkpt lat="9.868606" lon="-83.594487"><ele>1163.896</ele><time>2022-04-30T08:17:55Z</time></trkpt><trkpt lat="9.868598" lon="-83.594522"><ele>1163.679</ele><time>2022-04-30T08:17:58Z</time></trkpt><trkpt lat="9.868586" lon="-83.594561"><ele>1163.205</ele><time>2022-04-30T08:18:02Z</time></trkpt><trkpt lat="9.868589" lon="-83.594573"><ele>1163.225</ele><time>2022-04-30T08:18:03Z</time></trkpt><trkpt lat="9.8686" lon="-83.594627"><ele>1162.809</ele><time>2022-04-30T08:18:06Z</time></trkpt><trkpt lat="9.868594" lon="-83.594667"><ele>1162.468</ele><time>2022-04-30T08:18:09Z</time></trkpt><trkpt lat="9.86859" lon="-83.594696"><ele>1162.267</ele><time>2022-04-30T08:18:11Z</time></trkpt><trkpt lat="9.868586" lon="-83.594713"><ele>1162.066</ele><time>2022-04-30T08:18:13Z</time></trkpt><trkpt lat="9.868581" lon="-83.594723"><ele>1161.827</ele><time>2022-04-30T08:18:14Z</time></trkpt><trkpt lat="9.868574" lon="-83.594739"><ele>1161.885</ele><time>2022-04-30T08:18:15Z</time></trkpt><trkpt lat="9.868575" lon="-83.594749"><ele>1161.853</ele><time>2022-04-30T08:18:16Z</time></trkpt><trkpt lat="9.86858" lon="-83.594774"><ele>1161.874</ele><time>2022-04-30T08:18:18Z</time></trkpt><trkpt lat="9.868597" lon="-83.594848"><ele>1161.210</ele><time>2022-04-30T08:18:24Z</time></trkpt><trkpt lat="9.868603" lon="-83.594882"><ele>1160.832</ele><time>2022-04-30T08:18:27Z</time></trkpt><trkpt lat="9.868605" lon="-83.594903"><ele>1160.689</ele><time>2022-04-30T08:18:29Z</time></trkpt><trkpt lat="9.868602" lon="-83.594927"><ele>1160.406</ele><time>2022-04-30T08:18:31Z</time></trkpt><trkpt lat="9.868606" lon="-83.594957"><ele>1159.626</ele><time>2022-04-30T08:18:35Z</time></trkpt><trkpt lat="9.868602" lon="-83.594983"><ele>1159.409</ele><time>2022-04-30T08:18:38Z</time></trkpt><trkpt lat="9.868594" lon="-83.595061"><ele>1158.479</ele><time>2022-04-30T08:18:45Z</time></trkpt><trkpt lat="9.868591" lon="-83.595068"><ele>1158.448</ele><time>2022-04-30T08:18:46Z</time></trkpt><trkpt lat="9.868587" lon="-83.595077"><ele>1158.067</ele><time>2022-04-30T08:18:47Z</time></trkpt><trkpt lat="9.868578" lon="-83.595091"><ele>1158.028</ele><time>2022-04-30T08:18:49Z</time></trkpt><trkpt lat="9.868547" lon="-83.595115"><ele>1157.836</ele><time>2022-04-30T08:18:52Z</time></trkpt><trkpt lat="9.868478" lon="-83.595167"><ele>1157.644</ele><time>2022-04-30T08:19:00Z</time></trkpt><trkpt lat="9.868442" lon="-83.595188"><ele>1157.685</ele><time>2022-04-30T08:19:03Z</time></trkpt><trkpt lat="9.868397" lon="-83.595205"><ele>1157.611</ele><time>2022-04-30T08:19:07Z</time></trkpt><trkpt lat="9.868388" lon="-83.595207"><ele>1157.843</ele><time>2022-04-30T08:19:08Z</time></trkpt><trkpt lat="9.868348" lon="-83.595224"><ele>1157.888</ele><time>2022-04-30T08:19:12Z</time></trkpt><trkpt lat="9.868334" lon="-83.595227"><ele>1157.824</ele><time>2022-04-30T08:19:13Z</time></trkpt><trkpt lat="9.868285" lon="-83.595251"><ele>1157.826</ele><time>2022-04-30T08:19:18Z</time></trkpt><trkpt lat="9.868275" lon="-83.595257"><ele>1157.809</ele><time>2022-04-30T08:19:19Z</time></trkpt><trkpt lat="9.868255" lon="-83.595267"><ele>1157.659</ele><time>2022-04-30T08:19:21Z</time></trkpt><trkpt lat="9.868244" lon="-83.595281"><ele>1157.628</ele><time>2022-04-30T08:19:23Z</time></trkpt><trkpt lat="9.868225" lon="-83.595312"><ele>1157.617</ele><time>2022-04-30T08:19:26Z</time></trkpt><trkpt lat="9.868183" lon="-83.595355"><ele>1157.498</ele><time>2022-04-30T08:19:30Z</time></trkpt><trkpt lat="9.868176" lon="-83.595376"><ele>1157.466</ele><time>2022-04-30T08:19:31Z</time></trkpt><trkpt lat="9.868156" lon="-83.59541"><ele>1157.274</ele><time>2022-04-30T08:19:34Z</time></trkpt><trkpt lat="9.868134" lon="-83.595431"><ele>1157.075</ele><time>2022-04-30T08:19:37Z</time></trkpt><trkpt lat="9.868114" lon="-83.595449"><ele>1156.831</ele><time>2022-04-30T08:19:39Z</time></trkpt><trkpt lat="9.868069" lon="-83.59549"><ele>1156.623</ele><time>2022-04-30T08:19:43Z</time></trkpt><trkpt lat="9.868045" lon="-83.595522"><ele>1156.474</ele><time>2022-04-30T08:19:45Z</time></trkpt><trkpt lat="9.86801" lon="-83.595582"><ele>1156.456</ele><time>2022-04-30T08:19:49Z</time></trkpt><trkpt lat="9.867978" lon="-83.595628"><ele>1156.221</ele><time>2022-04-30T08:19:53Z</time></trkpt><trkpt lat="9.867969" lon="-83.595658"><ele>1156.009</ele><time>2022-04-30T08:19:56Z</time></trkpt><trkpt lat="9.867956" lon="-83.595682"><ele>1155.428</ele><time>2022-04-30T08:19:58Z</time></trkpt><trkpt lat="9.867939" lon="-83.595727"><ele>1155.277</ele><time>2022-04-30T08:20:02Z</time></trkpt><trkpt lat="9.867933" lon="-83.59579"><ele>1155.076</ele><time>2022-04-30T08:20:07Z</time></trkpt><trkpt lat="9.867925" lon="-83.595807"><ele>1154.887</ele><time>2022-04-30T08:20:09Z</time></trkpt><trkpt lat="9.867909" lon="-83.595881"><ele>1154.425</ele><time>2022-04-30T08:20:14Z</time></trkpt><trkpt lat="9.867904" lon="-83.595896"><ele>1154.493</ele><time>2022-04-30T08:20:15Z</time></trkpt><trkpt lat="9.867901" lon="-83.595913"><ele>1154.414</ele><time>2022-04-30T08:20:16Z</time></trkpt><trkpt lat="9.86791" lon="-83.595953"><ele>1154.280</ele><time>2022-04-30T08:20:18Z</time></trkpt><trkpt lat="9.867927" lon="-83.596011"><ele>1153.832</ele><time>2022-04-30T08:20:22Z</time></trkpt><trkpt lat="9.867932" lon="-83.596032"><ele>1153.634</ele><time>2022-04-30T08:20:24Z</time></trkpt><trkpt lat="9.867937" lon="-83.596075"><ele>1153.455</ele><time>2022-04-30T08:20:27Z</time></trkpt><trkpt lat="9.867977" lon="-83.596151"><ele>1153.010</ele><time>2022-04-30T08:20:32Z</time></trkpt><trkpt lat="9.867996" lon="-83.596171"><ele>1153.009</ele><time>2022-04-30T08:20:33Z</time></trkpt><trkpt lat="9.868006" lon="-83.596196"><ele>1152.654</ele><time>2022-04-30T08:20:37Z</time></trkpt><trkpt lat="9.868022" lon="-83.596204"><ele>1152.213</ele><time>2022-04-30T08:20:41Z</time></trkpt><trkpt lat="9.868024" lon="-83.596204"><ele>1152.252</ele><time>2022-04-30T08:20:42Z</time></trkpt><trkpt lat="9.868047" lon="-83.596263"><ele>1151.863</ele><time>2022-04-30T08:21:08Z</time></trkpt><trkpt lat="9.868063" lon="-83.596286"><ele>1151.861</ele><time>2022-04-30T08:21:12Z</time></trkpt><trkpt lat="9.868075" lon="-83.596312"><ele>1151.849</ele><time>2022-04-30T08:21:14Z</time></trkpt><trkpt lat="9.868095" lon="-83.596325"><ele>1151.480</ele><time>2022-04-30T08:21:16Z</time></trkpt><trkpt lat="9.868104" lon="-83.596337"><ele>1151.246</ele><time>2022-04-30T08:21:17Z</time></trkpt><trkpt lat="9.868112" lon="-83.59635"><ele>1151.238</ele><time>2022-04-30T08:21:18Z</time></trkpt><trkpt lat="9.868187" lon="-83.596425"><ele>1150.467</ele><time>2022-04-30T08:21:24Z</time></trkpt><trkpt lat="9.868198" lon="-83.596441"><ele>1150.281</ele><time>2022-04-30T08:21:27Z</time></trkpt><trkpt lat="9.868206" lon="-83.596443"><ele>1150.019</ele><time>2022-04-30T08:21:28Z</time></trkpt><trkpt lat="9.868227" lon="-83.596476"><ele>1149.809</ele><time>2022-04-30T08:21:31Z</time></trkpt><trkpt lat="9.86825" lon="-83.5965"><ele>1149.627</ele><time>2022-04-30T08:21:33Z</time></trkpt><trkpt lat="9.868259" lon="-83.596513"><ele>1149.626</ele><time>2022-04-30T08:21:34Z</time></trkpt><trkpt lat="9.86828" lon="-83.596533"><ele>1149.435</ele><time>2022-04-30T08:21:36Z</time></trkpt><trkpt lat="9.868302" lon="-83.596561"><ele>1149.286</ele><time>2022-04-30T08:21:38Z</time></trkpt><trkpt lat="9.868324" lon="-83.596585"><ele>1149.054</ele><time>2022-04-30T08:21:40Z</time></trkpt><trkpt lat="9.868384" lon="-83.596644"><ele>1148.452</ele><time>2022-04-30T08:21:47Z</time></trkpt><trkpt lat="9.868395" lon="-83.596658"><ele>1148.423</ele><time>2022-04-30T08:21:49Z</time></trkpt><trkpt lat="9.868429" lon="-83.59669"><ele>1148.099</ele><time>2022-04-30T08:21:53Z</time></trkpt><trkpt lat="9.868478" lon="-83.596766"><ele>1147.641</ele><time>2022-04-30T08:21:59Z</time></trkpt><trkpt lat="9.868484" lon="-83.596779"><ele>1147.661</ele><time>2022-04-30T08:22:00Z</time></trkpt><trkpt lat="9.868577" lon="-83.596873"><ele>1147.021</ele><time>2022-04-30T08:22:07Z</time></trkpt><trkpt lat="9.868589" lon="-83.596884"><ele>1147.013</ele><time>2022-04-30T08:22:08Z</time></trkpt><trkpt lat="9.868608" lon="-83.596899"><ele>1146.809</ele><time>2022-04-30T08:22:09Z</time></trkpt><trkpt lat="9.868631" lon="-83.596925"><ele>1146.877</ele><time>2022-04-30T08:22:11Z</time></trkpt><trkpt lat="9.868692" lon="-83.596993"><ele>1146.286</ele><time>2022-04-30T08:22:18Z</time></trkpt><trkpt lat="9.868731" lon="-83.597043"><ele>1145.845</ele><time>2022-04-30T08:22:24Z</time></trkpt><trkpt lat="9.868764" lon="-83.597087"><ele>1145.886</ele><time>2022-04-30T08:22:28Z</time></trkpt><trkpt lat="9.868774" lon="-83.597102"><ele>1145.844</ele><time>2022-04-30T08:22:29Z</time></trkpt><trkpt lat="9.868846" lon="-83.597214"><ele>1145.452</ele><time>2022-04-30T08:22:37Z</time></trkpt><trkpt lat="9.868879" lon="-83.597274"><ele>1145.273</ele><time>2022-04-30T08:22:41Z</time></trkpt><trkpt lat="9.868895" lon="-83.5973"><ele>1144.839</ele><time>2022-04-30T08:22:43Z</time></trkpt><trkpt lat="9.86892" lon="-83.597326"><ele>1144.831</ele><time>2022-04-30T08:22:46Z</time></trkpt><trkpt lat="9.86895" lon="-83.597361"><ele>1144.491</ele><time>2022-04-30T08:22:50Z</time></trkpt><trkpt lat="9.868961" lon="-83.597383"><ele>1144.481</ele><time>2022-04-30T08:22:52Z</time></trkpt><trkpt lat="9.868993" lon="-83.597421"><ele>1144.019</ele><time>2022-04-30T08:22:57Z</time></trkpt><trkpt lat="9.869009" lon="-83.597439"><ele>1143.809</ele><time>2022-04-30T08:22:59Z</time></trkpt><trkpt lat="9.869019" lon="-83.597457"><ele>1143.480</ele><time>2022-04-30T08:23:01Z</time></trkpt><trkpt lat="9.869036" lon="-83.59747"><ele>1143.429</ele><time>2022-04-30T08:23:03Z</time></trkpt><trkpt lat="9.869051" lon="-83.597485"><ele>1143.268</ele><time>2022-04-30T08:23:05Z</time></trkpt><trkpt lat="9.869071" lon="-83.597513"><ele>1143.089</ele><time>2022-04-30T08:23:08Z</time></trkpt><trkpt lat="9.869088" lon="-83.597535"><ele>1142.467</ele><time>2022-04-30T08:23:11Z</time></trkpt><trkpt lat="9.869113" lon="-83.597572"><ele>1142.035</ele><time>2022-04-30T08:23:15Z</time></trkpt><trkpt lat="9.869119" lon="-83.597588"><ele>1141.866</ele><time>2022-04-30T08:23:17Z</time></trkpt><trkpt lat="9.86914" lon="-83.597606"><ele>1141.452</ele><time>2022-04-30T08:23:20Z</time></trkpt><trkpt lat="9.869146" lon="-83.597628"><ele>1141.424</ele><time>2022-04-30T08:23:22Z</time></trkpt><trkpt lat="9.869161" lon="-83.59766"><ele>1141.035</ele><time>2022-04-30T08:23:25Z</time></trkpt><trkpt lat="9.869171" lon="-83.597717"><ele>1140.486</ele><time>2022-04-30T08:23:31Z</time></trkpt><trkpt lat="9.869172" lon="-83.597721"><ele>1140.214</ele><time>2022-04-30T08:23:32Z</time></trkpt><trkpt lat="9.869173" lon="-83.597728"><ele>1140.209</ele><time>2022-04-30T08:23:33Z</time></trkpt><trkpt lat="9.869175" lon="-83.597768"><ele>1139.654</ele><time>2022-04-30T08:23:38Z</time></trkpt><trkpt lat="9.869172" lon="-83.597785"><ele>1139.493</ele><time>2022-04-30T08:23:40Z</time></trkpt><trkpt lat="9.869171" lon="-83.597808"><ele>1139.282</ele><time>2022-04-30T08:23:42Z</time></trkpt><trkpt lat="9.869165" lon="-83.597843"><ele>1138.883</ele><time>2022-04-30T08:23:47Z</time></trkpt><trkpt lat="9.869173" lon="-83.597852"><ele>1138.491</ele><time>2022-04-30T08:23:50Z</time></trkpt><trkpt lat="9.869177" lon="-83.597873"><ele>1138.089</ele><time>2022-04-30T08:23:53Z</time></trkpt><trkpt lat="9.869167" lon="-83.597932"><ele>1137.660</ele><time>2022-04-30T08:24:02Z</time></trkpt><trkpt lat="9.869151" lon="-83.597951"><ele>1137.246</ele><time>2022-04-30T08:24:05Z</time></trkpt><trkpt lat="9.869142" lon="-83.597966"><ele>1137.288</ele><time>2022-04-30T08:24:07Z</time></trkpt><trkpt lat="9.869143" lon="-83.597993"><ele>1136.418</ele><time>2022-04-30T08:24:13Z</time></trkpt><trkpt lat="9.869145" lon="-83.598004"><ele>1136.298</ele><time>2022-04-30T08:24:15Z</time></trkpt><trkpt lat="9.869156" lon="-83.598038"><ele>1135.217</ele><time>2022-04-30T08:24:22Z</time></trkpt><trkpt lat="9.869145" lon="-83.598088"><ele>1134.409</ele><time>2022-04-30T08:24:32Z</time></trkpt><trkpt lat="9.869137" lon="-83.598105"><ele>1134.032</ele><time>2022-04-30T08:24:37Z</time></trkpt><trkpt lat="9.86914" lon="-83.598151"><ele>1133.291</ele><time>2022-04-30T08:24:47Z</time></trkpt><trkpt lat="9.869134" lon="-83.598168"><ele>1132.880</ele><time>2022-04-30T08:24:51Z</time></trkpt><trkpt lat="9.869117" lon="-83.598215"><ele>1131.211</ele><time>2022-04-30T08:27:45Z</time></trkpt><trkpt lat="9.86915" lon="-83.598231"><ele>1132.059</ele><time>2022-04-30T08:27:49Z</time></trkpt><trkpt lat="9.869197" lon="-83.598305"><ele>1131.087</ele><time>2022-04-30T08:28:00Z</time></trkpt><trkpt lat="9.869199" lon="-83.59831"><ele>1130.888</ele><time>2022-04-30T08:28:01Z</time></trkpt><trkpt lat="9.869217" lon="-83.598347"><ele>1130.234</ele><time>2022-04-30T08:28:06Z</time></trkpt><trkpt lat="9.869225" lon="-83.598375"><ele>1129.666</ele><time>2022-04-30T08:28:09Z</time></trkpt><trkpt lat="9.869233" lon="-83.598404"><ele>1129.013</ele><time>2022-04-30T08:28:13Z</time></trkpt><trkpt lat="9.869257" lon="-83.598429"><ele>1128.643</ele><time>2022-04-30T08:28:17Z</time></trkpt><trkpt lat="9.869276" lon="-83.598447"><ele>1128.007</ele><time>2022-04-30T08:28:21Z</time></trkpt><trkpt lat="9.869299" lon="-83.598466"><ele>1127.609</ele><time>2022-04-30T08:28:24Z</time></trkpt><trkpt lat="9.869341" lon="-83.598484"><ele>1127.082</ele><time>2022-04-30T08:28:29Z</time></trkpt><trkpt lat="9.869354" lon="-83.598489"><ele>1126.671</ele><time>2022-04-30T08:28:31Z</time></trkpt><trkpt lat="9.869391" lon="-83.598524"><ele>1126.020</ele><time>2022-04-30T08:28:36Z</time></trkpt><trkpt lat="9.869419" lon="-83.598537"><ele>1125.481</ele><time>2022-04-30T08:28:39Z</time></trkpt><trkpt lat="9.869438" lon="-83.598544"><ele>1125.059</ele><time>2022-04-30T08:28:42Z</time></trkpt><trkpt lat="9.869465" lon="-83.598545"><ele>1124.827</ele><time>2022-04-30T08:28:44Z</time></trkpt><trkpt lat="9.869511" lon="-83.598563"><ele>1124.668</ele><time>2022-04-30T08:28:46Z</time></trkpt><trkpt lat="9.869518" lon="-83.598562"><ele>1124.694</ele><time>2022-04-30T08:28:47Z</time></trkpt><trkpt lat="9.869525" lon="-83.598568"><ele>1124.266</ele><time>2022-04-30T08:28:48Z</time></trkpt><trkpt lat="9.869548" lon="-83.59857"><ele>1124.062</ele><time>2022-04-30T08:28:50Z</time></trkpt><trkpt lat="9.869575" lon="-83.598581"><ele>1123.883</ele><time>2022-04-30T08:28:52Z</time></trkpt><trkpt lat="9.869598" lon="-83.598583"><ele>1123.211</ele><time>2022-04-30T08:28:55Z</time></trkpt><trkpt lat="9.869627" lon="-83.598572"><ele>1122.209</ele><time>2022-04-30T08:29:01Z</time></trkpt><trkpt lat="9.869661" lon="-83.598571"><ele>1121.637</ele><time>2022-04-30T08:29:08Z</time></trkpt><trkpt lat="9.869661" lon="-83.598558"><ele>1121.256</ele><time>2022-04-30T08:29:14Z</time></trkpt><trkpt lat="9.869661" lon="-83.598558"><ele>1121.225</ele><time>2022-04-30T08:29:15Z</time></trkpt><trkpt lat="9.869707" lon="-83.59857"><ele>1120.696</ele><time>2022-04-30T08:29:29Z</time></trkpt><trkpt lat="9.869758" lon="-83.598588"><ele>1120.464</ele><time>2022-04-30T08:29:34Z</time></trkpt><trkpt lat="9.869793" lon="-83.598609"><ele>1120.222</ele><time>2022-04-30T08:29:37Z</time></trkpt><trkpt lat="9.86984" lon="-83.598609"><ele>1118.843</ele><time>2022-04-30T08:29:51Z</time></trkpt><trkpt lat="9.869867" lon="-83.598629"><ele>1118.229</ele><time>2022-04-30T08:29:58Z</time></trkpt><trkpt lat="9.869895" lon="-83.598641"><ele>1117.691</ele><time>2022-04-30T08:30:04Z</time></trkpt><trkpt lat="9.869949" lon="-83.598651"><ele>1117.214</ele><time>2022-04-30T08:30:11Z</time></trkpt><trkpt lat="9.869993" lon="-83.598655"><ele>1116.454</ele><time>2022-04-30T08:30:20Z</time></trkpt><trkpt lat="9.870017" lon="-83.598661"><ele>1116.209</ele><time>2022-04-30T08:30:24Z</time></trkpt><trkpt lat="9.870051" lon="-83.598668"><ele>1115.809</ele><time>2022-04-30T08:30:30Z</time></trkpt><trkpt lat="9.870056" lon="-83.598665"><ele>1115.482</ele><time>2022-04-30T08:30:38Z</time></trkpt><trkpt lat="9.870052" lon="-83.598666"><ele>1115.271</ele><time>2022-04-30T08:30:44Z</time></trkpt><trkpt lat="9.870052" lon="-83.598666"><ele>1115.230</ele><time>2022-04-30T08:30:47Z</time></trkpt><trkpt lat="9.870101" lon="-83.598666"><ele>1115.031</ele><time>2022-04-30T08:31:13Z</time></trkpt><trkpt lat="9.870136" lon="-83.598676"><ele>1114.259</ele><time>2022-04-30T08:31:38Z</time></trkpt><trkpt lat="9.870158" lon="-83.598664"><ele>1114.027</ele><time>2022-04-30T08:32:07Z</time></trkpt><trkpt lat="9.870226" lon="-83.59868"><ele>1113.698</ele><time>2022-04-30T08:32:12Z</time></trkpt><trkpt lat="9.870278" lon="-83.598693"><ele>1113.274</ele><time>2022-04-30T08:32:17Z</time></trkpt><trkpt lat="9.870339" lon="-83.598697"><ele>1112.436</ele><time>2022-04-30T08:32:25Z</time></trkpt><trkpt lat="9.870367" lon="-83.5987"><ele>1112.263</ele><time>2022-04-30T08:32:28Z</time></trkpt><trkpt lat="9.870385" lon="-83.5987"><ele>1111.844</ele><time>2022-04-30T08:32:30Z</time></trkpt><trkpt lat="9.870439" lon="-83.598726"><ele>1111.218</ele><time>2022-04-30T08:32:36Z</time></trkpt><trkpt lat="9.870449" lon="-83.598731"><ele>1111.209</ele><time>2022-04-30T08:32:37Z</time></trkpt><trkpt lat="9.870486" lon="-83.59877"><ele>1110.457</ele><time>2022-04-30T08:32:43Z</time></trkpt><trkpt lat="9.870487" lon="-83.59876"><ele>1110.266</ele><time>2022-04-30T08:32:48Z</time></trkpt><trkpt lat="9.870488" lon="-83.598759"><ele>1110.055</ele><time>2022-04-30T08:32:54Z</time></trkpt><trkpt lat="9.870488" lon="-83.598756"><ele>1110.096</ele><time>2022-04-30T08:32:55Z</time></trkpt><trkpt lat="9.870499" lon="-83.598756"><ele>1109.864</ele><time>2022-04-30T08:33:09Z</time></trkpt><trkpt lat="9.870537" lon="-83.598775"><ele>1109.442</ele><time>2022-04-30T08:33:16Z</time></trkpt><trkpt lat="9.870554" lon="-83.598787"><ele>1109.213</ele><time>2022-04-30T08:33:18Z</time></trkpt><trkpt lat="9.87059" lon="-83.598801"><ele>1109.029</ele><time>2022-04-30T08:33:23Z</time></trkpt><trkpt lat="9.870595" lon="-83.598803"><ele>1108.861</ele><time>2022-04-30T08:33:24Z</time></trkpt><trkpt lat="9.870613" lon="-83.598807"><ele>1108.629</ele><time>2022-04-30T08:33:28Z</time></trkpt><trkpt lat="9.870642" lon="-83.598817"><ele>1108.000</ele><time>2022-04-30T08:33:33Z</time></trkpt><trkpt lat="9.87065" lon="-83.598825"><ele>1107.820</ele><time>2022-04-30T08:33:35Z</time></trkpt><trkpt lat="9.870659" lon="-83.598842"><ele>1107.409</ele><time>2022-04-30T08:33:39Z</time></trkpt><trkpt lat="9.870662" lon="-83.598849"><ele>1107.463</ele><time>2022-04-30T08:33:40Z</time></trkpt><trkpt lat="9.870687" lon="-83.598861"><ele>1106.812</ele><time>2022-04-30T08:33:45Z</time></trkpt><trkpt lat="9.870707" lon="-83.598873"><ele>1106.431</ele><time>2022-04-30T08:33:50Z</time></trkpt><trkpt lat="9.870727" lon="-83.5989"><ele>1105.892</ele><time>2022-04-30T08:33:55Z</time></trkpt><trkpt lat="9.870731" lon="-83.598902"><ele>1105.690</ele><time>2022-04-30T08:33:56Z</time></trkpt><trkpt lat="9.870761" lon="-83.598915"><ele>1105.218</ele><time>2022-04-30T08:34:01Z</time></trkpt><trkpt lat="9.870777" lon="-83.598936"><ele>1104.899</ele><time>2022-04-30T08:34:05Z</time></trkpt><trkpt lat="9.870797" lon="-83.598954"><ele>1104.625</ele><time>2022-04-30T08:34:08Z</time></trkpt><trkpt lat="9.870814" lon="-83.59896"><ele>1104.237</ele><time>2022-04-30T08:34:12Z</time></trkpt><trkpt lat="9.870837" lon="-83.598975"><ele>1103.633</ele><time>2022-04-30T08:34:17Z</time></trkpt><trkpt lat="9.870859" lon="-83.598991"><ele>1103.623</ele><time>2022-04-30T08:34:20Z</time></trkpt><trkpt lat="9.870876" lon="-83.599005"><ele>1103.215</ele><time>2022-04-30T08:34:22Z</time></trkpt><trkpt lat="9.870898" lon="-83.599037"><ele>1102.809</ele><time>2022-04-30T08:34:26Z</time></trkpt><trkpt lat="9.870914" lon="-83.599039"><ele>1102.674</ele><time>2022-04-30T08:34:28Z</time></trkpt><trkpt lat="9.870924" lon="-83.599044"><ele>1102.443</ele><time>2022-04-30T08:34:30Z</time></trkpt><trkpt lat="9.870943" lon="-83.599058"><ele>1101.872</ele><time>2022-04-30T08:34:33Z</time></trkpt><trkpt lat="9.870969" lon="-83.599105"><ele>1101.643</ele><time>2022-04-30T08:34:38Z</time></trkpt><trkpt lat="9.870974" lon="-83.599109"><ele>1101.421</ele><time>2022-04-30T08:34:39Z</time></trkpt><trkpt lat="9.87098" lon="-83.599112"><ele>1101.239</ele><time>2022-04-30T08:34:40Z</time></trkpt><trkpt lat="9.870995" lon="-83.59912"><ele>1101.220</ele><time>2022-04-30T08:34:42Z</time></trkpt><trkpt lat="9.871028" lon="-83.599154"><ele>1100.886</ele><time>2022-04-30T08:34:47Z</time></trkpt><trkpt lat="9.871047" lon="-83.59918"><ele>1100.698</ele><time>2022-04-30T08:34:50Z</time></trkpt><trkpt lat="9.871059" lon="-83.599196"><ele>1100.431</ele><time>2022-04-30T08:34:52Z</time></trkpt><trkpt lat="9.871075" lon="-83.599217"><ele>1100.261</ele><time>2022-04-30T08:34:54Z</time></trkpt><trkpt lat="9.871099" lon="-83.59925"><ele>1099.807</ele><time>2022-04-30T08:34:58Z</time></trkpt><trkpt lat="9.871103" lon="-83.599254"><ele>1099.809</ele><time>2022-04-30T08:34:59Z</time></trkpt><trkpt lat="9.871108" lon="-83.599263"><ele>1099.644</ele><time>2022-04-30T08:35:01Z</time></trkpt><trkpt lat="9.871143" lon="-83.599295"><ele>1099.233</ele><time>2022-04-30T08:35:05Z</time></trkpt><trkpt lat="9.871156" lon="-83.599302"><ele>1098.642</ele><time>2022-04-30T08:35:07Z</time></trkpt><trkpt lat="9.871169" lon="-83.599308"><ele>1098.673</ele><time>2022-04-30T08:35:08Z</time></trkpt><trkpt lat="9.871196" lon="-83.599314"><ele>1098.261</ele><time>2022-04-30T08:35:12Z</time></trkpt><trkpt lat="9.871201" lon="-83.59932"><ele>1098.079</ele><time>2022-04-30T08:35:13Z</time></trkpt><trkpt lat="9.871209" lon="-83.599331"><ele>1098.020</ele><time>2022-04-30T08:35:14Z</time></trkpt><trkpt lat="9.871246" lon="-83.599361"><ele>1097.846</ele><time>2022-04-30T08:35:17Z</time></trkpt><trkpt lat="9.87127" lon="-83.599352"><ele>1097.838</ele><time>2022-04-30T08:35:20Z</time></trkpt><trkpt lat="9.871278" lon="-83.599352"><ele>1097.637</ele><time>2022-04-30T08:35:21Z</time></trkpt><trkpt lat="9.871289" lon="-83.599352"><ele>1097.649</ele><time>2022-04-30T08:35:22Z</time></trkpt><trkpt lat="9.871319" lon="-83.599345"><ele>1097.013</ele><time>2022-04-30T08:41:10Z</time></trkpt><trkpt lat="9.871347" lon="-83.59932"><ele>1096.809</ele><time>2022-04-30T08:41:13Z</time></trkpt><trkpt lat="9.871408" lon="-83.599283"><ele>1096.834</ele><time>2022-04-30T08:41:19Z</time></trkpt><trkpt lat="9.871417" lon="-83.599276"><ele>1096.883</ele><time>2022-04-30T08:41:21Z</time></trkpt><trkpt lat="9.871437" lon="-83.599243"><ele>1096.842</ele><time>2022-04-30T08:41:24Z</time></trkpt><trkpt lat="9.871445" lon="-83.599235"><ele>1096.683</ele><time>2022-04-30T08:41:26Z</time></trkpt><trkpt lat="9.871467" lon="-83.599215"><ele>1096.441</ele><time>2022-04-30T08:41:29Z</time></trkpt><trkpt lat="9.871476" lon="-83.599206"><ele>1096.429</ele><time>2022-04-30T08:41:30Z</time></trkpt><trkpt lat="9.871481" lon="-83.599202"><ele>1096.290</ele><time>2022-04-30T08:41:31Z</time></trkpt><trkpt lat="9.871501" lon="-83.599185"><ele>1096.056</ele><time>2022-04-30T08:41:34Z</time></trkpt><trkpt lat="9.871512" lon="-83.599178"><ele>1096.038</ele><time>2022-04-30T08:41:35Z</time></trkpt><trkpt lat="9.871545" lon="-83.599155"><ele>1095.848</ele><time>2022-04-30T08:41:38Z</time></trkpt><trkpt lat="9.87155" lon="-83.599153"><ele>1095.861</ele><time>2022-04-30T08:41:39Z</time></trkpt><trkpt lat="9.871615" lon="-83.599162"><ele>1095.817</ele><time>2022-04-30T08:41:43Z</time></trkpt><trkpt lat="9.871636" lon="-83.599171"><ele>1095.609</ele><time>2022-04-30T08:41:44Z</time></trkpt><trkpt lat="9.871651" lon="-83.599167"><ele>1095.625</ele><time>2022-04-30T08:41:48Z</time></trkpt><trkpt lat="9.871657" lon="-83.599182"><ele>1095.464</ele><time>2022-04-30T08:41:49Z</time></trkpt><trkpt lat="9.87167" lon="-83.599197"><ele>1095.413</ele><time>2022-04-30T08:41:51Z</time></trkpt><trkpt lat="9.8717" lon="-83.599221"><ele>1095.494</ele><time>2022-04-30T08:41:53Z</time></trkpt><trkpt lat="9.871721" lon="-83.599234"><ele>1095.042</ele><time>2022-04-30T08:41:55Z</time></trkpt><trkpt lat="9.871739" lon="-83.599262"><ele>1094.840</ele><time>2022-04-30T08:41:59Z</time></trkpt><trkpt lat="9.871744" lon="-83.599279"><ele>1094.821</ele><time>2022-04-30T08:42:00Z</time></trkpt><trkpt lat="9.871757" lon="-83.599302"><ele>1094.647</ele><time>2022-04-30T08:42:02Z</time></trkpt><trkpt lat="9.871764" lon="-83.599325"><ele>1094.469</ele><time>2022-04-30T08:42:04Z</time></trkpt><trkpt lat="9.871765" lon="-83.599364"><ele>1094.211</ele><time>2022-04-30T08:42:08Z</time></trkpt><trkpt lat="9.871773" lon="-83.599392"><ele>1094.021</ele><time>2022-04-30T08:42:10Z</time></trkpt><trkpt lat="9.871775" lon="-83.599432"><ele>1094.003</ele><time>2022-04-30T08:42:12Z</time></trkpt><trkpt lat="9.871769" lon="-83.599452"><ele>1094.009</ele><time>2022-04-30T08:42:13Z</time></trkpt><trkpt lat="9.871757" lon="-83.599487"><ele>1093.812</ele><time>2022-04-30T08:42:15Z</time></trkpt><trkpt lat="9.871754" lon="-83.599509"><ele>1093.611</ele><time>2022-04-30T08:42:16Z</time></trkpt><trkpt lat="9.871772" lon="-83.599558"><ele>1093.040</ele><time>2022-04-30T08:42:21Z</time></trkpt><trkpt lat="9.871868" lon="-83.599516"><ele>1092.841</ele><time>2022-04-30T08:42:25Z</time></trkpt><trkpt lat="9.871906" lon="-83.599547"><ele>1092.479</ele><time>2022-04-30T08:42:29Z</time></trkpt><trkpt lat="9.871928" lon="-83.599553"><ele>1092.287</ele><time>2022-04-30T08:42:31Z</time></trkpt><trkpt lat="9.871955" lon="-83.599547"><ele>1092.028</ele><time>2022-04-30T08:42:33Z</time></trkpt><trkpt lat="9.871978" lon="-83.599551"><ele>1091.644</ele><time>2022-04-30T08:42:35Z</time></trkpt><trkpt lat="9.871998" lon="-83.599553"><ele>1091.466</ele><time>2022-04-30T08:42:37Z</time></trkpt><trkpt lat="9.872021" lon="-83.599584"><ele>1091.021</ele><time>2022-04-30T08:42:39Z</time></trkpt><trkpt lat="9.872056" lon="-83.599603"><ele>1090.641</ele><time>2022-04-30T08:42:42Z</time></trkpt><trkpt lat="9.87207" lon="-83.599616"><ele>1090.405</ele><time>2022-04-30T08:42:43Z</time></trkpt><trkpt lat="9.872109" lon="-83.599629"><ele>1090.209</ele><time>2022-04-30T08:42:46Z</time></trkpt><trkpt lat="9.872119" lon="-83.599632"><ele>1090.053</ele><time>2022-04-30T08:42:47Z</time></trkpt><trkpt lat="9.87218" lon="-83.599637"><ele>1089.432</ele><time>2022-04-30T08:42:51Z</time></trkpt><trkpt lat="9.872188" lon="-83.599635"><ele>1089.221</ele><time>2022-04-30T08:42:52Z</time></trkpt><trkpt lat="9.872211" lon="-83.599677"><ele>1088.482</ele><time>2022-04-30T08:42:56Z</time></trkpt><trkpt lat="9.872222" lon="-83.599707"><ele>1088.030</ele><time>2022-04-30T08:42:58Z</time></trkpt><trkpt lat="9.872226" lon="-83.599725"><ele>1087.828</ele><time>2022-04-30T08:42:59Z</time></trkpt><trkpt lat="9.872239" lon="-83.599739"><ele>1087.489</ele><time>2022-04-30T08:43:01Z</time></trkpt><trkpt lat="9.872248" lon="-83.599741"><ele>1087.235</ele><time>2022-04-30T08:43:02Z</time></trkpt><trkpt lat="9.872259" lon="-83.59975"><ele>1087.027</ele><time>2022-04-30T08:43:03Z</time></trkpt><trkpt lat="9.872284" lon="-83.59979"><ele>1086.265</ele><time>2022-04-30T08:43:06Z</time></trkpt><trkpt lat="9.872334" lon="-83.599858"><ele>1085.268</ele><time>2022-04-30T08:43:10Z</time></trkpt><trkpt lat="9.872356" lon="-83.599882"><ele>1085.014</ele><time>2022-04-30T08:43:12Z</time></trkpt><trkpt lat="9.872367" lon="-83.599884"><ele>1084.609</ele><time>2022-04-30T08:43:13Z</time></trkpt><trkpt lat="9.872391" lon="-83.599871"><ele>1084.057</ele><time>2022-04-30T08:43:16Z</time></trkpt><trkpt lat="9.872402" lon="-83.599866"><ele>1083.886</ele><time>2022-04-30T08:43:17Z</time></trkpt><trkpt lat="9.872426" lon="-83.599869"><ele>1083.635</ele><time>2022-04-30T08:43:19Z</time></trkpt><trkpt lat="9.872466" lon="-83.599853"><ele>1083.226</ele><time>2022-04-30T08:43:21Z</time></trkpt><trkpt lat="9.872508" lon="-83.599819"><ele>1083.064</ele><time>2022-04-30T08:43:23Z</time></trkpt><trkpt lat="9.872525" lon="-83.599802"><ele>1082.862</ele><time>2022-04-30T08:43:24Z</time></trkpt><trkpt lat="9.872525" lon="-83.599822"><ele>1081.013</ele><time>2022-04-30T08:45:34Z</time></trkpt><trkpt lat="9.872528" lon="-83.599831"><ele>1080.889</ele><time>2022-04-30T08:45:35Z</time></trkpt><trkpt lat="9.872528" lon="-83.599873"><ele>1081.061</ele><time>2022-04-30T08:45:37Z</time></trkpt><trkpt lat="9.872571" lon="-83.599947"><ele>1080.877</ele><time>2022-04-30T08:45:41Z</time></trkpt><trkpt lat="9.872589" lon="-83.599955"><ele>1080.861</ele><time>2022-04-30T08:45:42Z</time></trkpt><trkpt lat="9.872614" lon="-83.59996"><ele>1080.827</ele><time>2022-04-30T08:45:44Z</time></trkpt><trkpt lat="9.872641" lon="-83.599972"><ele>1080.809</ele><time>2022-04-30T08:45:46Z</time></trkpt><trkpt lat="9.872662" lon="-83.599987"><ele>1080.438</ele><time>2022-04-30T08:45:48Z</time></trkpt><trkpt lat="9.872675" lon="-83.600004"><ele>1080.297</ele><time>2022-04-30T08:45:50Z</time></trkpt><trkpt lat="9.87269" lon="-83.600024"><ele>1079.836</ele><time>2022-04-30T08:45:52Z</time></trkpt><trkpt lat="9.872729" lon="-83.600056"><ele>1079.037</ele><time>2022-04-30T08:45:56Z</time></trkpt><trkpt lat="9.872745" lon="-83.600065"><ele>1078.465</ele><time>2022-04-30T08:45:58Z</time></trkpt><trkpt lat="9.872752" lon="-83.600086"><ele>1078.083</ele><time>2022-04-30T08:46:00Z</time></trkpt><trkpt lat="9.872758" lon="-83.600096"><ele>1077.834</ele><time>2022-04-30T08:46:01Z</time></trkpt><trkpt lat="9.872766" lon="-83.600105"><ele>1077.830</ele><time>2022-04-30T08:46:02Z</time></trkpt><trkpt lat="9.872795" lon="-83.600129"><ele>1077.412</ele><time>2022-04-30T08:46:05Z</time></trkpt><trkpt lat="9.872807" lon="-83.600194"><ele>1076.617</ele><time>2022-04-30T08:46:11Z</time></trkpt><trkpt lat="9.872822" lon="-83.600228"><ele>1076.287</ele><time>2022-04-30T08:46:13Z</time></trkpt><trkpt lat="9.872838" lon="-83.600237"><ele>1076.015</ele><time>2022-04-30T08:46:15Z</time></trkpt><trkpt lat="9.87285" lon="-83.600243"><ele>1075.609</ele><time>2022-04-30T08:46:17Z</time></trkpt><trkpt lat="9.872855" lon="-83.600247"><ele>1075.622</ele><time>2022-04-30T08:46:18Z</time></trkpt><trkpt lat="9.872856" lon="-83.600254"><ele>1075.441</ele><time>2022-04-30T08:46:19Z</time></trkpt><trkpt lat="9.872863" lon="-83.600262"><ele>1075.460</ele><time>2022-04-30T08:46:20Z</time></trkpt><trkpt lat="9.872869" lon="-83.600274"><ele>1075.281</ele><time>2022-04-30T08:46:21Z</time></trkpt><trkpt lat="9.872874" lon="-83.600286"><ele>1075.079</ele><time>2022-04-30T08:46:22Z</time></trkpt><trkpt lat="9.872914" lon="-83.600324"><ele>1074.417</ele><time>2022-04-30T08:46:26Z</time></trkpt><trkpt lat="9.872951" lon="-83.600396"><ele>1073.868</ele><time>2022-04-30T08:46:31Z</time></trkpt><trkpt lat="9.872957" lon="-83.600427"><ele>1073.414</ele><time>2022-04-30T08:46:33Z</time></trkpt><trkpt lat="9.872963" lon="-83.600493"><ele>1072.496</ele><time>2022-04-30T08:46:37Z</time></trkpt><trkpt lat="9.87297" lon="-83.600507"><ele>1072.227</ele><time>2022-04-30T08:46:38Z</time></trkpt><trkpt lat="9.872972" lon="-83.60052"><ele>1072.068</ele><time>2022-04-30T08:46:39Z</time></trkpt><trkpt lat="9.872967" lon="-83.600565"><ele>1070.814</ele><time>2022-04-30T08:46:42Z</time></trkpt><trkpt lat="9.872953" lon="-83.600607"><ele>1070.209</ele><time>2022-04-30T08:46:45Z</time></trkpt><trkpt lat="9.872952" lon="-83.600618"><ele>1069.823</ele><time>2022-04-30T08:46:46Z</time></trkpt><trkpt lat="9.872934" lon="-83.600649"><ele>1069.212</ele><time>2022-04-30T08:46:49Z</time></trkpt><trkpt lat="9.872913" lon="-83.600667"><ele>1068.641</ele><time>2022-04-30T08:46:51Z</time></trkpt><trkpt lat="9.872876" lon="-83.600716"><ele>1067.682</ele><time>2022-04-30T08:46:55Z</time></trkpt><trkpt lat="9.872866" lon="-83.600729"><ele>1067.290</ele><time>2022-04-30T08:46:56Z</time></trkpt><trkpt lat="9.872851" lon="-83.600746"><ele>1066.698</ele><time>2022-04-30T08:46:58Z</time></trkpt><trkpt lat="9.872835" lon="-83.60077"><ele>1066.239</ele><time>2022-04-30T08:47:00Z</time></trkpt><trkpt lat="9.872826" lon="-83.600783"><ele>1066.075</ele><time>2022-04-30T08:47:01Z</time></trkpt><trkpt lat="9.872791" lon="-83.600829"><ele>1065.427</ele><time>2022-04-30T08:47:05Z</time></trkpt><trkpt lat="9.872762" lon="-83.600886"><ele>1064.253</ele><time>2022-04-30T08:47:10Z</time></trkpt><trkpt lat="9.872759" lon="-83.600905"><ele>1064.404</ele><time>2022-04-30T08:47:11Z</time></trkpt><trkpt lat="9.872743" lon="-83.600952"><ele>1063.814</ele><time>2022-04-30T08:47:14Z</time></trkpt><trkpt lat="9.872736" lon="-83.600984"><ele>1063.409</ele><time>2022-04-30T08:47:16Z</time></trkpt><trkpt lat="9.872741" lon="-83.601037"><ele>1062.676</ele><time>2022-04-30T08:47:20Z</time></trkpt><trkpt lat="9.872743" lon="-83.601068"><ele>1062.465</ele><time>2022-04-30T08:47:22Z</time></trkpt><trkpt lat="9.872755" lon="-83.601131"><ele>1061.464</ele><time>2022-04-30T08:47:26Z</time></trkpt><trkpt lat="9.872758" lon="-83.601147"><ele>1061.295</ele><time>2022-04-30T08:47:27Z</time></trkpt><trkpt lat="9.872801" lon="-83.60127"><ele>1060.023</ele><time>2022-04-30T08:47:35Z</time></trkpt><trkpt lat="9.872808" lon="-83.601287"><ele>1059.881</ele><time>2022-04-30T08:47:36Z</time></trkpt><trkpt lat="9.872838" lon="-83.60135"><ele>1059.222</ele><time>2022-04-30T08:47:40Z</time></trkpt><trkpt lat="9.872844" lon="-83.60136"><ele>1059.058</ele><time>2022-04-30T08:47:41Z</time></trkpt><trkpt lat="9.87285" lon="-83.601376"><ele>1058.850</ele><time>2022-04-30T08:47:42Z</time></trkpt><trkpt lat="9.872858" lon="-83.601385"><ele>1058.696</ele><time>2022-04-30T08:47:43Z</time></trkpt><trkpt lat="9.872866" lon="-83.601397"><ele>1058.231</ele><time>2022-04-30T08:47:44Z</time></trkpt><trkpt lat="9.872872" lon="-83.601413"><ele>1058.224</ele><time>2022-04-30T08:47:45Z</time></trkpt><trkpt lat="9.872887" lon="-83.601451"><ele>1057.809</ele><time>2022-04-30T08:47:47Z</time></trkpt><trkpt lat="9.872906" lon="-83.601476"><ele>1057.650</ele><time>2022-04-30T08:47:49Z</time></trkpt><trkpt lat="9.872932" lon="-83.601526"><ele>1056.839</ele><time>2022-04-30T08:47:53Z</time></trkpt><trkpt lat="9.872943" lon="-83.601552"><ele>1056.658</ele><time>2022-04-30T08:47:55Z</time></trkpt><trkpt lat="9.872957" lon="-83.601651"><ele>1055.859</ele><time>2022-04-30T08:48:01Z</time></trkpt><trkpt lat="9.872956" lon="-83.601663"><ele>1055.677</ele><time>2022-04-30T08:48:02Z</time></trkpt><trkpt lat="9.872943" lon="-83.601712"><ele>1054.465</ele><time>2022-04-30T08:48:06Z</time></trkpt><trkpt lat="9.872917" lon="-83.60175"><ele>1054.236</ele><time>2022-04-30T08:48:09Z</time></trkpt><trkpt lat="9.872897" lon="-83.601758"><ele>1053.472</ele><time>2022-04-30T08:48:11Z</time></trkpt><trkpt lat="9.872872" lon="-83.601758"><ele>1053.084</ele><time>2022-04-30T08:48:13Z</time></trkpt><trkpt lat="9.872843" lon="-83.60175"><ele>1052.689</ele><time>2022-04-30T08:48:15Z</time></trkpt><trkpt lat="9.872823" lon="-83.601741"><ele>1052.606</ele><time>2022-04-30T08:48:16Z</time></trkpt><trkpt lat="9.872811" lon="-83.601737"><ele>1052.426</ele><time>2022-04-30T08:48:17Z</time></trkpt><trkpt lat="9.872802" lon="-83.601733"><ele>1052.009</ele><time>2022-04-30T08:48:18Z</time></trkpt><trkpt lat="9.872777" lon="-83.60172"><ele>1051.439</ele><time>2022-04-30T08:48:20Z</time></trkpt><trkpt lat="9.872756" lon="-83.6017"><ele>1050.838</ele><time>2022-04-30T08:48:22Z</time></trkpt><trkpt lat="9.87273" lon="-83.60167"><ele>1050.067</ele><time>2022-04-30T08:48:25Z</time></trkpt><trkpt lat="9.872683" lon="-83.601626"><ele>1049.638</ele><time>2022-04-30T08:48:28Z</time></trkpt><trkpt lat="9.872647" lon="-83.601597"><ele>1049.036</ele><time>2022-04-30T08:48:31Z</time></trkpt><trkpt lat="9.872639" lon="-83.60159"><ele>1049.094</ele><time>2022-04-30T08:48:32Z</time></trkpt><trkpt lat="9.872612" lon="-83.601566"><ele>1048.685</ele><time>2022-04-30T08:48:35Z</time></trkpt><trkpt lat="9.872599" lon="-83.601549"><ele>1048.021</ele><time>2022-04-30T08:48:37Z</time></trkpt><trkpt lat="9.87259" lon="-83.601542"><ele>1047.813</ele><time>2022-04-30T08:48:38Z</time></trkpt><trkpt lat="9.872548" lon="-83.601528"><ele>1047.036</ele><time>2022-04-30T08:48:41Z</time></trkpt><trkpt lat="9.87254" lon="-83.601524"><ele>1047.017</ele><time>2022-04-30T08:48:42Z</time></trkpt><trkpt lat="9.872496" lon="-83.601491"><ele>1046.418</ele><time>2022-04-30T08:48:46Z</time></trkpt><trkpt lat="9.87248" lon="-83.601484"><ele>1046.209</ele><time>2022-04-30T08:48:47Z</time></trkpt><trkpt lat="9.872465" lon="-83.601476"><ele>1046.044</ele><time>2022-04-30T08:48:48Z</time></trkpt><trkpt lat="9.872426" lon="-83.601452"><ele>1045.623</ele><time>2022-04-30T08:48:51Z</time></trkpt><trkpt lat="9.872404" lon="-83.601432"><ele>1045.292</ele><time>2022-04-30T08:48:53Z</time></trkpt><trkpt lat="9.872393" lon="-83.601422"><ele>1045.053</ele><time>2022-04-30T08:48:54Z</time></trkpt><trkpt lat="9.872362" lon="-83.601392"><ele>1044.281</ele><time>2022-04-30T08:48:57Z</time></trkpt><trkpt lat="9.872343" lon="-83.60137"><ele>1043.649</ele><time>2022-04-30T08:48:59Z</time></trkpt><trkpt lat="9.872305" lon="-83.601333"><ele>1043.230</ele><time>2022-04-30T08:49:02Z</time></trkpt><trkpt lat="9.872262" lon="-83.601304"><ele>1042.856</ele><time>2022-04-30T08:49:05Z</time></trkpt><trkpt lat="9.872249" lon="-83.601294"><ele>1042.888</ele><time>2022-04-30T08:49:06Z</time></trkpt><trkpt lat="9.872229" lon="-83.601273"><ele>1042.458</ele><time>2022-04-30T08:49:08Z</time></trkpt><trkpt lat="9.87222" lon="-83.601263"><ele>1042.452</ele><time>2022-04-30T08:49:09Z</time></trkpt><trkpt lat="9.872214" lon="-83.601256"><ele>1042.017</ele><time>2022-04-30T08:49:10Z</time></trkpt><trkpt lat="9.872173" lon="-83.601219"><ele>1041.609</ele><time>2022-04-30T08:49:13Z</time></trkpt><trkpt lat="9.87216" lon="-83.601207"><ele>1041.466</ele><time>2022-04-30T08:49:14Z</time></trkpt><trkpt lat="9.872149" lon="-83.601196"><ele>1041.295</ele><time>2022-04-30T08:49:15Z</time></trkpt><trkpt lat="9.872086" lon="-83.601158"><ele>1040.454</ele><time>2022-04-30T08:49:19Z</time></trkpt><trkpt lat="9.872058" lon="-83.601146"><ele>1040.055</ele><time>2022-04-30T08:49:21Z</time></trkpt><trkpt lat="9.872002" lon="-83.601131"><ele>1039.863</ele><time>2022-04-30T08:49:24Z</time></trkpt><trkpt lat="9.871951" lon="-83.601138"><ele>1039.041</ele><time>2022-04-30T08:49:28Z</time></trkpt><trkpt lat="9.871889" lon="-83.601154"><ele>1038.052</ele><time>2022-04-30T08:49:32Z</time></trkpt><trkpt lat="9.871863" lon="-83.601165"><ele>1037.468</ele><time>2022-04-30T08:49:34Z</time></trkpt><trkpt lat="9.871829" lon="-83.601181"><ele>1037.080</ele><time>2022-04-30T08:49:37Z</time></trkpt><trkpt lat="9.871779" lon="-83.601224"><ele>1036.086</ele><time>2022-04-30T08:49:41Z</time></trkpt><trkpt lat="9.871759" lon="-83.601243"><ele>1035.660</ele><time>2022-04-30T08:49:43Z</time></trkpt><trkpt lat="9.871739" lon="-83.601267"><ele>1035.226</ele><time>2022-04-30T08:49:45Z</time></trkpt><trkpt lat="9.871723" lon="-83.601282"><ele>1035.009</ele><time>2022-04-30T08:49:46Z</time></trkpt><trkpt lat="9.871707" lon="-83.601293"><ele>1034.849</ele><time>2022-04-30T08:49:47Z</time></trkpt><trkpt lat="9.871698" lon="-83.601304"><ele>1034.668</ele><time>2022-04-30T08:49:48Z</time></trkpt><trkpt lat="9.871658" lon="-83.601366"><ele>1033.427</ele><time>2022-04-30T08:49:53Z</time></trkpt><trkpt lat="9.871634" lon="-83.601402"><ele>1032.448</ele><time>2022-04-30T08:49:56Z</time></trkpt><trkpt lat="9.871554" lon="-83.6015"><ele>1031.626</ele><time>2022-04-30T08:50:04Z</time></trkpt><trkpt lat="9.871544" lon="-83.60151"><ele>1031.644</ele><time>2022-04-30T08:50:05Z</time></trkpt><trkpt lat="9.871474" lon="-83.601582"><ele>1031.075</ele><time>2022-04-30T08:50:11Z</time></trkpt><trkpt lat="9.871425" lon="-83.601622"><ele>1030.641</ele><time>2022-04-30T08:50:15Z</time></trkpt><trkpt lat="9.871417" lon="-83.601636"><ele>1030.453</ele><time>2022-04-30T08:50:16Z</time></trkpt><trkpt lat="9.871405" lon="-83.601653"><ele>1030.289</ele><time>2022-04-30T08:50:18Z</time></trkpt><trkpt lat="9.871374" lon="-83.601699"><ele>1030.006</ele><time>2022-04-30T08:50:22Z</time></trkpt><trkpt lat="9.871365" lon="-83.601711"><ele>1029.826</ele><time>2022-04-30T08:50:23Z</time></trkpt><trkpt lat="9.87133" lon="-83.601742"><ele>1029.409</ele><time>2022-04-30T08:50:27Z</time></trkpt><trkpt lat="9.871322" lon="-83.601749"><ele>1029.219</ele><time>2022-04-30T08:50:28Z</time></trkpt><trkpt lat="9.871305" lon="-83.601782"><ele>1029.038</ele><time>2022-04-30T08:50:31Z</time></trkpt><trkpt lat="9.871278" lon="-83.601804"><ele>1028.847</ele><time>2022-04-30T08:50:33Z</time></trkpt><trkpt lat="9.871215" lon="-83.601887"><ele>1028.248</ele><time>2022-04-30T08:50:40Z</time></trkpt><trkpt lat="9.871204" lon="-83.601895"><ele>1028.246</ele><time>2022-04-30T08:50:41Z</time></trkpt><trkpt lat="9.871179" lon="-83.601925"><ele>1027.894</ele><time>2022-04-30T08:50:44Z</time></trkpt><trkpt lat="9.871136" lon="-83.601971"><ele>1027.045</ele><time>2022-04-30T08:50:48Z</time></trkpt><trkpt lat="9.871119" lon="-83.601997"><ele>1026.831</ele><time>2022-04-30T08:50:50Z</time></trkpt><trkpt lat="9.871102" lon="-83.602076"><ele>1026.063</ele><time>2022-04-30T08:50:55Z</time></trkpt><trkpt lat="9.871083" lon="-83.602148"><ele>1025.681</ele><time>2022-04-30T08:50:58Z</time></trkpt><trkpt lat="9.871082" lon="-83.602184"><ele>1025.461</ele><time>2022-04-30T08:51:00Z</time></trkpt><trkpt lat="9.871089" lon="-83.602228"><ele>1025.217</ele><time>2022-04-30T08:51:03Z</time></trkpt><trkpt lat="9.871092" lon="-83.602238"><ele>1025.009</ele><time>2022-04-30T08:51:04Z</time></trkpt><trkpt lat="9.871102" lon="-83.602292"><ele>1024.469</ele><time>2022-04-30T08:51:08Z</time></trkpt><trkpt lat="9.871102" lon="-83.602335"><ele>1024.088</ele><time>2022-04-30T08:51:10Z</time></trkpt><trkpt lat="9.871107" lon="-83.602358"><ele>1024.027</ele><time>2022-04-30T08:51:11Z</time></trkpt><trkpt lat="9.871118" lon="-83.602411"><ele>1023.428</ele><time>2022-04-30T08:51:14Z</time></trkpt><trkpt lat="9.871129" lon="-83.602426"><ele>1023.026</ele><time>2022-04-30T08:51:15Z</time></trkpt><trkpt lat="9.871134" lon="-83.60244"><ele>1022.854</ele><time>2022-04-30T08:51:16Z</time></trkpt><trkpt lat="9.87115" lon="-83.602479"><ele>1022.265</ele><time>2022-04-30T08:51:19Z</time></trkpt><trkpt lat="9.871149" lon="-83.602499"><ele>1021.831</ele><time>2022-04-30T08:51:21Z</time></trkpt><trkpt lat="9.871148" lon="-83.60251"><ele>1021.643</ele><time>2022-04-30T08:51:22Z</time></trkpt><trkpt lat="9.871145" lon="-83.602522"><ele>1021.647</ele><time>2022-04-30T08:51:23Z</time></trkpt><trkpt lat="9.871124" lon="-83.602579"><ele>1020.629</ele><time>2022-04-30T08:51:27Z</time></trkpt><trkpt lat="9.871091" lon="-83.602633"><ele>1020.221</ele><time>2022-04-30T08:51:31Z</time></trkpt><trkpt lat="9.871072" lon="-83.602649"><ele>1019.809</ele><time>2022-04-30T08:51:33Z</time></trkpt><trkpt lat="9.87105" lon="-83.602658"><ele>1019.625</ele><time>2022-04-30T08:51:35Z</time></trkpt><trkpt lat="9.871036" lon="-83.602662"><ele>1019.414</ele><time>2022-04-30T08:51:36Z</time></trkpt><trkpt lat="9.87099" lon="-83.60268"><ele>1018.853</ele><time>2022-04-30T08:51:39Z</time></trkpt><trkpt lat="9.870925" lon="-83.602684"><ele>1018.064</ele><time>2022-04-30T08:51:43Z</time></trkpt><trkpt lat="9.870867" lon="-83.602677"><ele>1017.652</ele><time>2022-04-30T08:51:47Z</time></trkpt><trkpt lat="9.87085" lon="-83.60268"><ele>1017.280</ele><time>2022-04-30T08:51:48Z</time></trkpt><trkpt lat="9.870779" lon="-83.602679"><ele>1016.431</ele><time>2022-04-30T08:51:52Z</time></trkpt><trkpt lat="9.870737" lon="-83.602689"><ele>1016.057</ele><time>2022-04-30T08:51:55Z</time></trkpt><trkpt lat="9.870664" lon="-83.602698"><ele>1015.639</ele><time>2022-04-30T08:51:59Z</time></trkpt><trkpt lat="9.870637" lon="-83.602705"><ele>1015.466</ele><time>2022-04-30T08:52:01Z</time></trkpt><trkpt lat="9.870597" lon="-83.60274"><ele>1015.029</ele><time>2022-04-30T08:52:05Z</time></trkpt><trkpt lat="9.870553" lon="-83.602765"><ele>1014.821</ele><time>2022-04-30T08:52:08Z</time></trkpt><trkpt lat="9.87052" lon="-83.602798"><ele>1014.609</ele><time>2022-04-30T08:52:11Z</time></trkpt><trkpt lat="9.870486" lon="-83.60283"><ele>1014.457</ele><time>2022-04-30T08:52:14Z</time></trkpt><trkpt lat="9.870478" lon="-83.60284"><ele>1014.466</ele><time>2022-04-30T08:52:15Z</time></trkpt><trkpt lat="9.870442" lon="-83.602877"><ele>1014.265</ele><time>2022-04-30T08:52:18Z</time></trkpt><trkpt lat="9.870378" lon="-83.602943"><ele>1014.036</ele><time>2022-04-30T08:52:24Z</time></trkpt><trkpt lat="9.870312" lon="-83.603023"><ele>1013.644</ele><time>2022-04-30T08:52:32Z</time></trkpt><trkpt lat="9.87027" lon="-83.603064"><ele>1013.692</ele><time>2022-04-30T08:52:36Z</time></trkpt><trkpt lat="9.870215" lon="-83.603122"><ele>1013.653</ele><time>2022-04-30T08:52:41Z</time></trkpt><trkpt lat="9.870119" lon="-83.603216"><ele>1013.429</ele><time>2022-04-30T08:52:49Z</time></trkpt><trkpt lat="9.870056" lon="-83.603267"><ele>1013.251</ele><time>2022-04-30T08:52:54Z</time></trkpt><trkpt lat="9.870002" lon="-83.603306"><ele>1013.478</ele><time>2022-04-30T08:52:59Z</time></trkpt><trkpt lat="9.86994" lon="-83.603343"><ele>1013.433</ele><time>2022-04-30T08:53:04Z</time></trkpt><trkpt lat="9.869925" lon="-83.603353"><ele>1013.426</ele><time>2022-04-30T08:53:05Z</time></trkpt><trkpt lat="9.869916" lon="-83.603358"><ele>1013.409</ele><time>2022-04-30T08:53:06Z</time></trkpt><trkpt lat="9.869832" lon="-83.603431"><ele>1013.418</ele><time>2022-04-30T08:53:14Z</time></trkpt><trkpt lat="9.869764" lon="-83.603485"><ele>1013.467</ele><time>2022-04-30T08:53:21Z</time></trkpt><trkpt lat="9.869664" lon="-83.603585"><ele>1013.696</ele><time>2022-04-30T08:53:30Z</time></trkpt><trkpt lat="9.869566" lon="-83.603696"><ele>1014.217</ele><time>2022-04-30T08:53:39Z</time></trkpt><trkpt lat="9.869533" lon="-83.603761"><ele>1014.455</ele><time>2022-04-30T08:53:43Z</time></trkpt><trkpt lat="9.869486" lon="-83.60382"><ele>1014.483</ele><time>2022-04-30T08:53:47Z</time></trkpt><trkpt lat="9.869448" lon="-83.603888"><ele>1014.674</ele><time>2022-04-30T08:53:52Z</time></trkpt><trkpt lat="9.869418" lon="-83.603961"><ele>1014.670</ele><time>2022-04-30T08:53:57Z</time></trkpt><trkpt lat="9.869382" lon="-83.604068"><ele>1014.622</ele><time>2022-04-30T08:54:04Z</time></trkpt><trkpt lat="9.869376" lon="-83.604081"><ele>1014.679</ele><time>2022-04-30T08:54:05Z</time></trkpt><trkpt lat="9.869372" lon="-83.604094"><ele>1014.605</ele><time>2022-04-30T08:54:06Z</time></trkpt><trkpt lat="9.869358" lon="-83.604168"><ele>1014.625</ele><time>2022-04-30T08:54:11Z</time></trkpt><trkpt lat="9.869358" lon="-83.604186"><ele>1014.609</ele><time>2022-04-30T08:54:12Z</time></trkpt><trkpt lat="9.869393" lon="-83.604299"><ele>1014.478</ele><time>2022-04-30T08:54:19Z</time></trkpt><trkpt lat="9.869483" lon="-83.604405"><ele>1013.657</ele><time>2022-04-30T08:54:28Z</time></trkpt><trkpt lat="9.86953" lon="-83.604443"><ele>1013.236</ele><time>2022-04-30T08:54:32Z</time></trkpt><trkpt lat="9.869543" lon="-83.604458"><ele>1013.277</ele><time>2022-04-30T08:54:34Z</time></trkpt><trkpt lat="9.869547" lon="-83.604466"><ele>1013.285</ele><time>2022-04-30T08:54:35Z</time></trkpt><trkpt lat="9.86958" lon="-83.604482"><ele>1013.253</ele><time>2022-04-30T08:54:38Z</time></trkpt><trkpt lat="9.869611" lon="-83.604506"><ele>1013.044</ele><time>2022-04-30T08:54:42Z</time></trkpt><trkpt lat="9.869644" lon="-83.604539"><ele>1012.470</ele><time>2022-04-30T08:54:48Z</time></trkpt><trkpt lat="9.869646" lon="-83.604543"><ele>1012.222</ele><time>2022-04-30T08:54:49Z</time></trkpt><trkpt lat="9.869682" lon="-83.604574"><ele>1012.049</ele><time>2022-04-30T08:54:55Z</time></trkpt><trkpt lat="9.869725" lon="-83.604616"><ele>1011.602</ele><time>2022-04-30T08:55:00Z</time></trkpt><trkpt lat="9.869733" lon="-83.604624"><ele>1011.622</ele><time>2022-04-30T08:55:01Z</time></trkpt><trkpt lat="9.869795" lon="-83.604668"><ele>1010.809</ele><time>2022-04-30T08:55:08Z</time></trkpt><trkpt lat="9.869811" lon="-83.604688"><ele>1010.615</ele><time>2022-04-30T08:55:11Z</time></trkpt><trkpt lat="9.869837" lon="-83.604711"><ele>1010.624</ele><time>2022-04-30T08:55:14Z</time></trkpt><trkpt lat="9.869843" lon="-83.604717"><ele>1010.643</ele><time>2022-04-30T08:55:15Z</time></trkpt><trkpt lat="9.869865" lon="-83.604734"><ele>1010.454</ele><time>2022-04-30T08:55:18Z</time></trkpt><trkpt lat="9.869891" lon="-83.604759"><ele>1010.212</ele><time>2022-04-30T08:55:21Z</time></trkpt><trkpt lat="9.869907" lon="-83.604766"><ele>1010.240</ele><time>2022-04-30T08:55:22Z</time></trkpt><trkpt lat="9.869928" lon="-83.604773"><ele>1009.871</ele><time>2022-04-30T08:55:24Z</time></trkpt><trkpt lat="9.869938" lon="-83.604783"><ele>1009.627</ele><time>2022-04-30T08:55:26Z</time></trkpt><trkpt lat="9.869955" lon="-83.604797"><ele>1009.429</ele><time>2022-04-30T08:55:28Z</time></trkpt><trkpt lat="9.87" lon="-83.604826"><ele>1008.632</ele><time>2022-04-30T08:55:34Z</time></trkpt><trkpt lat="9.870005" lon="-83.604831"><ele>1008.692</ele><time>2022-04-30T08:55:35Z</time></trkpt><trkpt lat="9.870028" lon="-83.604847"><ele>1008.211</ele><time>2022-04-30T08:55:38Z</time></trkpt><trkpt lat="9.870072" lon="-83.604893"><ele>1007.809</ele><time>2022-04-30T08:55:44Z</time></trkpt><trkpt lat="9.870095" lon="-83.604911"><ele>1007.664</ele><time>2022-04-30T08:55:47Z</time></trkpt><trkpt lat="9.870152" lon="-83.60495"><ele>1006.883</ele><time>2022-04-30T08:55:54Z</time></trkpt><trkpt lat="9.870159" lon="-83.604954"><ele>1006.672</ele><time>2022-04-30T08:55:55Z</time></trkpt><trkpt lat="9.870216" lon="-83.605007"><ele>1005.623</ele><time>2022-04-30T08:56:02Z</time></trkpt><trkpt lat="9.870228" lon="-83.605012"><ele>1005.621</ele><time>2022-04-30T08:56:03Z</time></trkpt><trkpt lat="9.870271" lon="-83.605058"><ele>1005.229</ele><time>2022-04-30T08:56:09Z</time></trkpt><trkpt lat="9.870311" lon="-83.60511"><ele>1004.610</ele><time>2022-04-30T08:56:15Z</time></trkpt><trkpt lat="9.870314" lon="-83.605118"><ele>1004.416</ele><time>2022-04-30T08:56:16Z</time></trkpt><trkpt lat="9.870321" lon="-83.605132"><ele>1004.248</ele><time>2022-04-30T08:56:18Z</time></trkpt><trkpt lat="9.870332" lon="-83.605166"><ele>1004.064</ele><time>2022-04-30T08:56:22Z</time></trkpt><trkpt lat="9.870338" lon="-83.605183"><ele>1003.806</ele><time>2022-04-30T08:56:24Z</time></trkpt><trkpt lat="9.870339" lon="-83.605189"><ele>1003.616</ele><time>2022-04-30T08:56:25Z</time></trkpt><trkpt lat="9.87035" lon="-83.60521"><ele>1003.209</ele><time>2022-04-30T08:56:28Z</time></trkpt><trkpt lat="9.870352" lon="-83.605232"><ele>1003.047</ele><time>2022-04-30T08:56:31Z</time></trkpt><trkpt lat="9.870352" lon="-83.605239"><ele>1002.876</ele><time>2022-04-30T08:56:32Z</time></trkpt><trkpt lat="9.870345" lon="-83.605254"><ele>1002.645</ele><time>2022-04-30T08:56:34Z</time></trkpt><trkpt lat="9.870331" lon="-83.605288"><ele>1002.276</ele><time>2022-04-30T08:56:39Z</time></trkpt><trkpt lat="9.870323" lon="-83.605299"><ele>1001.674</ele><time>2022-04-30T08:56:41Z</time></trkpt><trkpt lat="9.87032" lon="-83.605311"><ele>1001.482</ele><time>2022-04-30T08:56:42Z</time></trkpt><trkpt lat="9.870306" lon="-83.605333"><ele>1000.843</ele><time>2022-04-30T08:56:46Z</time></trkpt><trkpt lat="9.870287" lon="-83.605357"><ele>1000.659</ele><time>2022-04-30T08:56:50Z</time></trkpt><trkpt lat="9.870279" lon="-83.605365"><ele>1000.481</ele><time>2022-04-30T08:56:52Z</time></trkpt><trkpt lat="9.870242" lon="-83.605426"><ele>999.449</ele><time>2022-04-30T08:56:59Z</time></trkpt><trkpt lat="9.870238" lon="-83.605432"><ele>999.402</ele><time>2022-04-30T08:57:00Z</time></trkpt><trkpt lat="9.870194" lon="-83.605478"><ele>998.822</ele><time>2022-04-30T08:57:06Z</time></trkpt><trkpt lat="9.870185" lon="-83.605507"><ele>998.409</ele><time>2022-04-30T08:57:09Z</time></trkpt><trkpt lat="9.870162" lon="-83.605553"><ele>998.085</ele><time>2022-04-30T08:57:14Z</time></trkpt><trkpt lat="9.870145" lon="-83.6056"><ele>997.624</ele><time>2022-04-30T08:57:18Z</time></trkpt><trkpt lat="9.87014" lon="-83.605614"><ele>997.423</ele><time>2022-04-30T08:57:19Z</time></trkpt><trkpt lat="9.870143" lon="-83.605669"><ele>996.854</ele><time>2022-04-30T08:57:24Z</time></trkpt><trkpt lat="9.870136" lon="-83.605723"><ele>996.422</ele><time>2022-04-30T08:57:28Z</time></trkpt><trkpt lat="9.870126" lon="-83.605758"><ele>996.210</ele><time>2022-04-30T08:57:31Z</time></trkpt><trkpt lat="9.870123" lon="-83.605878"><ele>995.441</ele><time>2022-04-30T08:57:38Z</time></trkpt><trkpt lat="9.87007" lon="-83.605936"><ele>995.077</ele><time>2022-04-30T08:57:45Z</time></trkpt><trkpt lat="9.870061" lon="-83.605975"><ele>994.429</ele><time>2022-04-30T08:57:50Z</time></trkpt><trkpt lat="9.870062" lon="-83.605999"><ele>994.097</ele><time>2022-04-30T08:57:52Z</time></trkpt><trkpt lat="9.870054" lon="-83.606075"><ele>993.223</ele><time>2022-04-30T08:57:59Z</time></trkpt><trkpt lat="9.870052" lon="-83.606085"><ele>993.225</ele><time>2022-04-30T08:58:00Z</time></trkpt><trkpt lat="9.870054" lon="-83.606105"><ele>992.809</ele><time>2022-04-30T08:58:02Z</time></trkpt><trkpt lat="9.870054" lon="-83.606128"><ele>992.880</ele><time>2022-04-30T08:58:04Z</time></trkpt><trkpt lat="9.870047" lon="-83.60615"><ele>992.879</ele><time>2022-04-30T08:58:06Z</time></trkpt><trkpt lat="9.870023" lon="-83.606166"><ele>992.488</ele><time>2022-04-30T08:58:08Z</time></trkpt><trkpt lat="9.870012" lon="-83.606202"><ele>992.269</ele><time>2022-04-30T08:58:12Z</time></trkpt><trkpt lat="9.870008" lon="-83.606262"><ele>991.297</ele><time>2022-04-30T08:58:17Z</time></trkpt><trkpt lat="9.870008" lon="-83.606272"><ele>991.235</ele><time>2022-04-30T08:58:18Z</time></trkpt><trkpt lat="9.870003" lon="-83.606301"><ele>990.636</ele><time>2022-04-30T08:58:21Z</time></trkpt><trkpt lat="9.870003" lon="-83.606342"><ele>990.462</ele><time>2022-04-30T08:58:24Z</time></trkpt><trkpt lat="9.870001" lon="-83.606354"><ele>990.284</ele><time>2022-04-30T08:58:25Z</time></trkpt><trkpt lat="9.869976" lon="-83.60642"><ele>989.853</ele><time>2022-04-30T08:58:31Z</time></trkpt><trkpt lat="9.869983" lon="-83.606457"><ele>989.404</ele><time>2022-04-30T08:58:34Z</time></trkpt><trkpt lat="9.869988" lon="-83.606475"><ele>989.214</ele><time>2022-04-30T08:58:35Z</time></trkpt><trkpt lat="9.869971" lon="-83.606516"><ele>989.009</ele><time>2022-04-30T08:58:38Z</time></trkpt><trkpt lat="9.869971" lon="-83.606548"><ele>989.056</ele><time>2022-04-30T08:58:40Z</time></trkpt><trkpt lat="9.869971" lon="-83.606621"><ele>988.885</ele><time>2022-04-30T08:58:44Z</time></trkpt><trkpt lat="9.869979" lon="-83.606629"><ele>988.664</ele><time>2022-04-30T08:58:45Z</time></trkpt><trkpt lat="9.869974" lon="-83.606673"><ele>988.455</ele><time>2022-04-30T08:58:49Z</time></trkpt><trkpt lat="9.869975" lon="-83.606682"><ele>988.473</ele><time>2022-04-30T08:58:50Z</time></trkpt><trkpt lat="9.86998" lon="-83.606701"><ele>988.471</ele><time>2022-04-30T08:58:52Z</time></trkpt><trkpt lat="9.870002" lon="-83.606732"><ele>988.022</ele><time>2022-04-30T08:58:56Z</time></trkpt><trkpt lat="9.870007" lon="-83.606741"><ele>987.898</ele><time>2022-04-30T08:58:57Z</time></trkpt><trkpt lat="9.870014" lon="-83.606745"><ele>987.870</ele><time>2022-04-30T08:58:58Z</time></trkpt><trkpt lat="9.870021" lon="-83.606754"><ele>987.896</ele><time>2022-04-30T08:58:59Z</time></trkpt><trkpt lat="9.87005" lon="-83.606823"><ele>987.431</ele><time>2022-04-30T08:59:05Z</time></trkpt><trkpt lat="9.87007" lon="-83.60685"><ele>987.224</ele><time>2022-04-30T08:59:07Z</time></trkpt><trkpt lat="9.870125" lon="-83.606931"><ele>986.809</ele><time>2022-04-30T08:59:16Z</time></trkpt><trkpt lat="9.870173" lon="-83.606999"><ele>986.410</ele><time>2022-04-30T08:59:23Z</time></trkpt><trkpt lat="9.870178" lon="-83.607007"><ele>986.499</ele><time>2022-04-30T08:59:24Z</time></trkpt><trkpt lat="9.870243" lon="-83.607072"><ele>985.838</ele><time>2022-04-30T08:59:32Z</time></trkpt><trkpt lat="9.870262" lon="-83.607087"><ele>985.849</ele><time>2022-04-30T08:59:34Z</time></trkpt><trkpt lat="9.870293" lon="-83.607128"><ele>985.467</ele><time>2022-04-30T08:59:39Z</time></trkpt><trkpt lat="9.870308" lon="-83.607138"><ele>985.445</ele><time>2022-04-30T08:59:40Z</time></trkpt><trkpt lat="9.870333" lon="-83.607151"><ele>985.226</ele><time>2022-04-30T08:59:42Z</time></trkpt><trkpt lat="9.870385" lon="-83.607177"><ele>985.022</ele><time>2022-04-30T08:59:47Z</time></trkpt><trkpt lat="9.870424" lon="-83.607194"><ele>985.024</ele><time>2022-04-30T08:59:50Z</time></trkpt><trkpt lat="9.870466" lon="-83.607204"><ele>985.036</ele><time>2022-04-30T08:59:54Z</time></trkpt><trkpt lat="9.870509" lon="-83.60722"><ele>984.617</ele><time>2022-04-30T08:59:58Z</time></trkpt><trkpt lat="9.870519" lon="-83.607222"><ele>984.618</ele><time>2022-04-30T08:59:59Z</time></trkpt><trkpt lat="9.870544" lon="-83.60723"><ele>984.409</ele><time>2022-04-30T09:00:02Z</time></trkpt><trkpt lat="9.870562" lon="-83.607236"><ele>984.264</ele><time>2022-04-30T09:00:04Z</time></trkpt><trkpt lat="9.870599" lon="-83.60725"><ele>983.863</ele><time>2022-04-30T09:00:09Z</time></trkpt><trkpt lat="9.870609" lon="-83.607259"><ele>983.622</ele><time>2022-04-30T09:00:10Z</time></trkpt><trkpt lat="9.870616" lon="-83.607269"><ele>983.663</ele><time>2022-04-30T09:00:11Z</time></trkpt><trkpt lat="9.870646" lon="-83.607292"><ele>983.211</ele><time>2022-04-30T09:00:15Z</time></trkpt><trkpt lat="9.870683" lon="-83.607332"><ele>983.069</ele><time>2022-04-30T09:00:22Z</time></trkpt><trkpt lat="9.870688" lon="-83.607349"><ele>982.610</ele><time>2022-04-30T09:00:25Z</time></trkpt><trkpt lat="9.87069" lon="-83.607378"><ele>982.056</ele><time>2022-04-30T09:00:29Z</time></trkpt><trkpt lat="9.870679" lon="-83.607409"><ele>981.438</ele><time>2022-04-30T09:00:35Z</time></trkpt><trkpt lat="9.870673" lon="-83.607411"><ele>981.236</ele><time>2022-04-30T09:00:36Z</time></trkpt><trkpt lat="9.87067" lon="-83.607412"><ele>981.217</ele><time>2022-04-30T09:00:37Z</time></trkpt><trkpt lat="9.870634" lon="-83.60743"><ele>980.218</ele><time>2022-04-30T09:00:43Z</time></trkpt><trkpt lat="9.870599" lon="-83.607431"><ele>979.809</ele><time>2022-04-30T09:00:47Z</time></trkpt><trkpt lat="9.870569" lon="-83.60743"><ele>979.424</ele><time>2022-04-30T09:00:50Z</time></trkpt><trkpt lat="9.870545" lon="-83.607421"><ele>979.213</ele><time>2022-04-30T09:00:53Z</time></trkpt><trkpt lat="9.870504" lon="-83.607419"><ele>978.672</ele><time>2022-04-30T09:00:57Z</time></trkpt><trkpt lat="9.87049" lon="-83.607414"><ele>978.413</ele><time>2022-04-30T09:00:59Z</time></trkpt><trkpt lat="9.870421" lon="-83.607396"><ele>978.041</ele><time>2022-04-30T09:01:06Z</time></trkpt><trkpt lat="9.870393" lon="-83.607391"><ele>977.879</ele><time>2022-04-30T09:01:09Z</time></trkpt><trkpt lat="9.870377" lon="-83.60739"><ele>977.890</ele><time>2022-04-30T09:01:10Z</time></trkpt><trkpt lat="9.870366" lon="-83.607386"><ele>977.856</ele><time>2022-04-30T09:01:11Z</time></trkpt><trkpt lat="9.870351" lon="-83.607379"><ele>977.698</ele><time>2022-04-30T09:01:12Z</time></trkpt><trkpt lat="9.870297" lon="-83.607365"><ele>977.458</ele><time>2022-04-30T09:01:17Z</time></trkpt><trkpt lat="9.87028" lon="-83.60736"><ele>977.452</ele><time>2022-04-30T09:01:19Z</time></trkpt><trkpt lat="9.870243" lon="-83.607351"><ele>977.417</ele><time>2022-04-30T09:01:23Z</time></trkpt><trkpt lat="9.87023" lon="-83.607352"><ele>977.409</ele><time>2022-04-30T09:01:24Z</time></trkpt><trkpt lat="9.870223" lon="-83.607355"><ele>977.426</ele><time>2022-04-30T09:01:25Z</time></trkpt><trkpt lat="9.870217" lon="-83.607355"><ele>977.215</ele><time>2022-04-30T09:01:26Z</time></trkpt><trkpt lat="9.870169" lon="-83.607354"><ele>976.684</ele><time>2022-04-30T09:01:33Z</time></trkpt><trkpt lat="9.87016" lon="-83.607354"><ele>976.455</ele><time>2022-04-30T09:01:34Z</time></trkpt><trkpt lat="9.870098" lon="-83.607337"><ele>975.853</ele><time>2022-04-30T09:01:41Z</time></trkpt><trkpt lat="9.870067" lon="-83.607334"><ele>975.411</ele><time>2022-04-30T09:01:44Z</time></trkpt><trkpt lat="9.870014" lon="-83.607347"><ele>975.052</ele><time>2022-04-30T09:01:49Z</time></trkpt><trkpt lat="9.869969" lon="-83.607332"><ele>974.468</ele><time>2022-04-30T09:01:54Z</time></trkpt><trkpt lat="9.869956" lon="-83.607336"><ele>974.480</ele><time>2022-04-30T09:01:56Z</time></trkpt><trkpt lat="9.869928" lon="-83.607341"><ele>974.059</ele><time>2022-04-30T09:01:59Z</time></trkpt><trkpt lat="9.869899" lon="-83.607343"><ele>973.603</ele><time>2022-04-30T09:02:02Z</time></trkpt><trkpt lat="9.869883" lon="-83.607349"><ele>973.623</ele><time>2022-04-30T09:02:03Z</time></trkpt><trkpt lat="9.869871" lon="-83.607358"><ele>973.409</ele><time>2022-04-30T09:02:04Z</time></trkpt><trkpt lat="9.869828" lon="-83.607388"><ele>972.876</ele><time>2022-04-30T09:02:09Z</time></trkpt><trkpt lat="9.869801" lon="-83.607396"><ele>972.485</ele><time>2022-04-30T09:02:12Z</time></trkpt><trkpt lat="9.869768" lon="-83.607428"><ele>972.044</ele><time>2022-04-30T09:02:16Z</time></trkpt><trkpt lat="9.869725" lon="-83.60747"><ele>971.495</ele><time>2022-04-30T09:02:22Z</time></trkpt><trkpt lat="9.86972" lon="-83.607479"><ele>971.423</ele><time>2022-04-30T09:02:23Z</time></trkpt><trkpt lat="9.869714" lon="-83.607489"><ele>971.491</ele><time>2022-04-30T09:02:24Z</time></trkpt><trkpt lat="9.869702" lon="-83.607517"><ele>971.272</ele><time>2022-04-30T09:02:26Z</time></trkpt><trkpt lat="9.869676" lon="-83.607575"><ele>970.868</ele><time>2022-04-30T09:02:32Z</time></trkpt><trkpt lat="9.869669" lon="-83.607581"><ele>970.830</ele><time>2022-04-30T09:02:33Z</time></trkpt><trkpt lat="9.869664" lon="-83.607603"><ele>970.694</ele><time>2022-04-30T09:02:35Z</time></trkpt><trkpt lat="9.869652" lon="-83.607626"><ele>970.457</ele><time>2022-04-30T09:02:38Z</time></trkpt><trkpt lat="9.869633" lon="-83.607649"><ele>970.022</ele><time>2022-04-30T09:02:41Z</time></trkpt><trkpt lat="9.869601" lon="-83.607712"><ele>969.409</ele><time>2022-04-30T09:02:48Z</time></trkpt><trkpt lat="9.869597" lon="-83.607718"><ele>969.440</ele><time>2022-04-30T09:02:49Z</time></trkpt><trkpt lat="9.869591" lon="-83.607727"><ele>969.499</ele><time>2022-04-30T09:02:50Z</time></trkpt><trkpt lat="9.869554" lon="-83.607773"><ele>968.658</ele><time>2022-04-30T09:02:56Z</time></trkpt><trkpt lat="9.869551" lon="-83.607784"><ele>968.219</ele><time>2022-04-30T09:02:57Z</time></trkpt><trkpt lat="9.869545" lon="-83.607791"><ele>968.097</ele><time>2022-04-30T09:02:58Z</time></trkpt><trkpt lat="9.86953" lon="-83.607824"><ele>967.415</ele><time>2022-04-30T09:03:03Z</time></trkpt><trkpt lat="9.869526" lon="-83.607835"><ele>967.076</ele><time>2022-04-30T09:03:04Z</time></trkpt><trkpt lat="9.869485" lon="-83.607874"><ele>966.252</ele><time>2022-04-30T09:03:09Z</time></trkpt><trkpt lat="9.869481" lon="-83.607886"><ele>966.214</ele><time>2022-04-30T09:03:10Z</time></trkpt><trkpt lat="9.869473" lon="-83.607909"><ele>965.897</ele><time>2022-04-30T09:03:12Z</time></trkpt><trkpt lat="9.869466" lon="-83.607916"><ele>965.623</ele><time>2022-04-30T09:03:13Z</time></trkpt><trkpt lat="9.869456" lon="-83.607933"><ele>965.425</ele><time>2022-04-30T09:03:15Z</time></trkpt><trkpt lat="9.869439" lon="-83.607953"><ele>965.209</ele><time>2022-04-30T09:03:17Z</time></trkpt><trkpt lat="9.869431" lon="-83.607964"><ele>965.290</ele><time>2022-04-30T09:03:18Z</time></trkpt><trkpt lat="9.869427" lon="-83.607977"><ele>965.039</ele><time>2022-04-30T09:03:19Z</time></trkpt><trkpt lat="9.869417" lon="-83.607999"><ele>964.848</ele><time>2022-04-30T09:03:21Z</time></trkpt><trkpt lat="9.869379" lon="-83.608048"><ele>964.669</ele><time>2022-04-30T09:03:27Z</time></trkpt><trkpt lat="9.86937" lon="-83.608054"><ele>964.417</ele><time>2022-04-30T09:03:28Z</time></trkpt><trkpt lat="9.869362" lon="-83.608064"><ele>964.235</ele><time>2022-04-30T09:03:29Z</time></trkpt><trkpt lat="9.869323" lon="-83.60813"><ele>964.016</ele><time>2022-04-30T09:03:36Z</time></trkpt><trkpt lat="9.869316" lon="-83.608139"><ele>964.022</ele><time>2022-04-30T09:03:37Z</time></trkpt><trkpt lat="9.869303" lon="-83.608155"><ele>964.014</ele><time>2022-04-30T09:03:39Z</time></trkpt><trkpt lat="9.869298" lon="-83.608161"><ele>963.819</ele><time>2022-04-30T09:03:40Z</time></trkpt><trkpt lat="9.869285" lon="-83.608175"><ele>963.809</ele><time>2022-04-30T09:03:42Z</time></trkpt><trkpt lat="9.869256" lon="-83.608202"><ele>963.419</ele><time>2022-04-30T09:03:46Z</time></trkpt><trkpt lat="9.86923" lon="-83.608244"><ele>962.809</ele><time>2022-04-30T09:03:52Z</time></trkpt><trkpt lat="9.869225" lon="-83.608251"><ele>962.862</ele><time>2022-04-30T09:03:53Z</time></trkpt><trkpt lat="9.869186" lon="-83.608283"><ele>961.821</ele><time>2022-04-30T09:04:01Z</time></trkpt><trkpt lat="9.869127" lon="-83.608327"><ele>961.260</ele><time>2022-04-30T09:04:09Z</time></trkpt><trkpt lat="9.869119" lon="-83.608332"><ele>960.861</ele><time>2022-04-30T09:04:10Z</time></trkpt><trkpt lat="9.869114" lon="-83.608339"><ele>960.629</ele><time>2022-04-30T09:04:11Z</time></trkpt><trkpt lat="9.869093" lon="-83.608359"><ele>959.817</ele><time>2022-04-30T09:04:14Z</time></trkpt><trkpt lat="9.869064" lon="-83.608384"><ele>958.858</ele><time>2022-04-30T09:04:18Z</time></trkpt><trkpt lat="9.869054" lon="-83.608389"><ele>958.454</ele><time>2022-04-30T09:04:19Z</time></trkpt><trkpt lat="9.869016" lon="-83.608411"><ele>957.666</ele><time>2022-04-30T09:04:25Z</time></trkpt><trkpt lat="9.868954" lon="-83.608434"><ele>956.479</ele><time>2022-04-30T09:04:32Z</time></trkpt><trkpt lat="9.868884" lon="-83.608456"><ele>955.605</ele><time>2022-04-30T09:04:38Z</time></trkpt><trkpt lat="9.868871" lon="-83.608459"><ele>955.425</ele><time>2022-04-30T09:04:39Z</time></trkpt><trkpt lat="9.868839" lon="-83.60847"><ele>955.209</ele><time>2022-04-30T09:04:42Z</time></trkpt><trkpt lat="9.868811" lon="-83.608474"><ele>955.098</ele><time>2022-04-30T09:04:45Z</time></trkpt><trkpt lat="9.868801" lon="-83.608475"><ele>954.857</ele><time>2022-04-30T09:04:46Z</time></trkpt><trkpt lat="9.868778" lon="-83.608474"><ele>954.696</ele><time>2022-04-30T09:04:48Z</time></trkpt><trkpt lat="9.86873" lon="-83.60848"><ele>954.627</ele><time>2022-04-30T09:04:52Z</time></trkpt><trkpt lat="9.868719" lon="-83.60848"><ele>954.675</ele><time>2022-04-30T09:04:53Z</time></trkpt><trkpt lat="9.868709" lon="-83.608477"><ele>954.643</ele><time>2022-04-30T09:04:54Z</time></trkpt><trkpt lat="9.868682" lon="-83.608472"><ele>954.664</ele><time>2022-04-30T09:04:57Z</time></trkpt><trkpt lat="9.868583" lon="-83.608471"><ele>954.410</ele><time>2022-04-30T09:05:06Z</time></trkpt><trkpt lat="9.86853" lon="-83.608462"><ele>954.242</ele><time>2022-04-30T09:05:11Z</time></trkpt><trkpt lat="9.86851" lon="-83.60845"><ele>954.232</ele><time>2022-04-30T09:05:14Z</time></trkpt><trkpt lat="9.868428" lon="-83.608435"><ele>953.692</ele><time>2022-04-30T09:05:22Z</time></trkpt><trkpt lat="9.868419" lon="-83.608435"><ele>953.411</ele><time>2022-04-30T09:05:23Z</time></trkpt><trkpt lat="9.86842" lon="-83.608439"><ele>952.809</ele><time>2022-04-30T09:05:27Z</time></trkpt><trkpt lat="9.86841" lon="-83.608442"><ele>952.624</ele><time>2022-04-30T09:05:30Z</time></trkpt><trkpt lat="9.868358" lon="-83.608446"><ele>952.023</ele><time>2022-04-30T09:05:38Z</time></trkpt><trkpt lat="9.868348" lon="-83.608457"><ele>952.022</ele><time>2022-04-30T09:05:41Z</time></trkpt><trkpt lat="9.868345" lon="-83.608459"><ele>951.643</ele><time>2022-04-30T09:05:46Z</time></trkpt><trkpt lat="9.868345" lon="-83.60846"><ele>951.661</ele><time>2022-04-30T09:05:49Z</time></trkpt><trkpt lat="9.868345" lon="-83.608462"><ele>951.689</ele><time>2022-04-30T09:06:02Z</time></trkpt><trkpt lat="9.868345" lon="-83.608462"><ele>951.620</ele><time>2022-04-30T09:06:04Z</time></trkpt><trkpt lat="9.868346" lon="-83.608475"><ele>952.486</ele><time>2022-04-30T09:06:13Z</time></trkpt><trkpt lat="9.868347" lon="-83.608477"><ele>952.418</ele><time>2022-04-30T09:06:22Z</time></trkpt><trkpt lat="9.868347" lon="-83.608478"><ele>952.497</ele><time>2022-04-30T09:06:26Z</time></trkpt><trkpt lat="9.868347" lon="-83.608481"><ele>952.423</ele><time>2022-04-30T09:06:29Z</time></trkpt><trkpt lat="9.868347" lon="-83.608482"><ele>952.225</ele><time>2022-04-30T09:06:37Z</time></trkpt><trkpt lat="9.868346" lon="-83.608482"><ele>952.409</ele><time>2022-04-30T09:06:48Z</time></trkpt><trkpt lat="9.868341" lon="-83.608482"><ele>952.210</ele><time>2022-04-30T09:06:52Z</time></trkpt><trkpt lat="9.86834" lon="-83.608481"><ele>952.049</ele><time>2022-04-30T09:06:59Z</time></trkpt><trkpt lat="9.868312" lon="-83.608493"><ele>952.298</ele><time>2022-04-30T09:11:46Z</time></trkpt><trkpt lat="9.868325" lon="-83.608506"><ele>952.279</ele><time>2022-04-30T09:11:47Z</time></trkpt><trkpt lat="9.868396" lon="-83.608616"><ele>952.097</ele><time>2022-04-30T09:11:54Z</time></trkpt><trkpt lat="9.868422" lon="-83.608664"><ele>951.685</ele><time>2022-04-30T09:11:58Z</time></trkpt><trkpt lat="9.86844" lon="-83.608687"><ele>951.236</ele><time>2022-04-30T09:12:00Z</time></trkpt><trkpt lat="9.86845" lon="-83.608703"><ele>951.082</ele><time>2022-04-30T09:12:01Z</time></trkpt><trkpt lat="9.868483" lon="-83.608739"><ele>949.854</ele><time>2022-04-30T09:12:04Z</time></trkpt><trkpt lat="9.868522" lon="-83.608798"><ele>948.898</ele><time>2022-04-30T09:12:09Z</time></trkpt><trkpt lat="9.868569" lon="-83.608856"><ele>947.615</ele><time>2022-04-30T09:12:14Z</time></trkpt><trkpt lat="9.8686" lon="-83.608883"><ele>947.026</ele><time>2022-04-30T09:12:16Z</time></trkpt><trkpt lat="9.868638" lon="-83.608905"><ele>946.609</ele><time>2022-04-30T09:12:18Z</time></trkpt><trkpt lat="9.868657" lon="-83.608911"><ele>946.420</ele><time>2022-04-30T09:12:19Z</time></trkpt><trkpt lat="9.868709" lon="-83.608929"><ele>946.029</ele><time>2022-04-30T09:12:22Z</time></trkpt><trkpt lat="9.868733" lon="-83.608928"><ele>946.058</ele><time>2022-04-30T09:12:24Z</time></trkpt><trkpt lat="9.868815" lon="-83.608936"><ele>945.859</ele><time>2022-04-30T09:12:30Z</time></trkpt><trkpt lat="9.868839" lon="-83.608936"><ele>946.027</ele><time>2022-04-30T09:12:32Z</time></trkpt><trkpt lat="9.868882" lon="-83.608944"><ele>946.295</ele><time>2022-04-30T09:12:36Z</time></trkpt><trkpt lat="9.868963" lon="-83.60893"><ele>946.016</ele><time>2022-04-30T09:12:43Z</time></trkpt><trkpt lat="9.869054" lon="-83.608914"><ele>946.882</ele><time>2022-04-30T09:12:51Z</time></trkpt><trkpt lat="9.869089" lon="-83.608905"><ele>947.294</ele><time>2022-04-30T09:12:54Z</time></trkpt><trkpt lat="9.869146" lon="-83.608879"><ele>947.422</ele><time>2022-04-30T09:12:59Z</time></trkpt><trkpt lat="9.869185" lon="-83.608858"><ele>947.462</ele><time>2022-04-30T09:13:04Z</time></trkpt><trkpt lat="9.869219" lon="-83.608848"><ele>947.608</ele><time>2022-04-30T09:13:08Z</time></trkpt><trkpt lat="9.86924" lon="-83.608834"><ele>947.809</ele><time>2022-04-30T09:13:11Z</time></trkpt><trkpt lat="9.869283" lon="-83.608821"><ele>948.093</ele><time>2022-04-30T09:13:15Z</time></trkpt><trkpt lat="9.869306" lon="-83.608816"><ele>948.272</ele><time>2022-04-30T09:13:17Z</time></trkpt><trkpt lat="9.869345" lon="-83.608801"><ele>948.661</ele><time>2022-04-30T09:13:20Z</time></trkpt><trkpt lat="9.869368" lon="-83.608796"><ele>948.822</ele><time>2022-04-30T09:13:22Z</time></trkpt><trkpt lat="9.869379" lon="-83.608793"><ele>949.070</ele><time>2022-04-30T09:13:23Z</time></trkpt><trkpt lat="9.869399" lon="-83.608786"><ele>949.048</ele><time>2022-04-30T09:13:25Z</time></trkpt><trkpt lat="9.869441" lon="-83.608775"><ele>948.479</ele><time>2022-04-30T09:13:29Z</time></trkpt><trkpt lat="9.869509" lon="-83.608761"><ele>947.665</ele><time>2022-04-30T09:13:35Z</time></trkpt><trkpt lat="9.869531" lon="-83.608746"><ele>947.667</ele><time>2022-04-30T09:13:37Z</time></trkpt><trkpt lat="9.869556" lon="-83.608736"><ele>948.081</ele><time>2022-04-30T09:13:39Z</time></trkpt><trkpt lat="9.869582" lon="-83.608735"><ele>948.461</ele><time>2022-04-30T09:13:41Z</time></trkpt><trkpt lat="9.869608" lon="-83.608716"><ele>948.017</ele><time>2022-04-30T09:13:43Z</time></trkpt><trkpt lat="9.869661" lon="-83.608694"><ele>947.609</ele><time>2022-04-30T09:13:47Z</time></trkpt><trkpt lat="9.869677" lon="-83.608697"><ele>947.649</ele><time>2022-04-30T09:13:48Z</time></trkpt><trkpt lat="9.869695" lon="-83.608701"><ele>947.458</ele><time>2022-04-30T09:13:49Z</time></trkpt><trkpt lat="9.869766" lon="-83.608701"><ele>946.657</ele><time>2022-04-30T09:13:54Z</time></trkpt><trkpt lat="9.869803" lon="-83.608685"><ele>946.098</ele><time>2022-04-30T09:13:57Z</time></trkpt><trkpt lat="9.869862" lon="-83.608678"><ele>945.476</ele><time>2022-04-30T09:14:01Z</time></trkpt><trkpt lat="9.869881" lon="-83.608681"><ele>945.054</ele><time>2022-04-30T09:14:03Z</time></trkpt><trkpt lat="9.869892" lon="-83.608683"><ele>944.825</ele><time>2022-04-30T09:14:04Z</time></trkpt><trkpt lat="9.869932" lon="-83.608692"><ele>944.271</ele><time>2022-04-30T09:14:07Z</time></trkpt><trkpt lat="9.869974" lon="-83.608712"><ele>943.833</ele><time>2022-04-30T09:14:11Z</time></trkpt><trkpt lat="9.869988" lon="-83.608726"><ele>943.425</ele><time>2022-04-30T09:14:13Z</time></trkpt><trkpt lat="9.869995" lon="-83.608734"><ele>943.226</ele><time>2022-04-30T09:14:14Z</time></trkpt><trkpt lat="9.870016" lon="-83.608744"><ele>942.808</ele><time>2022-04-30T09:14:16Z</time></trkpt><trkpt lat="9.870033" lon="-83.608755"><ele>942.409</ele><time>2022-04-30T09:14:18Z</time></trkpt><trkpt lat="9.87004" lon="-83.608763"><ele>942.253</ele><time>2022-04-30T09:14:19Z</time></trkpt><trkpt lat="9.870047" lon="-83.608776"><ele>942.482</ele><time>2022-04-30T09:14:20Z</time></trkpt><trkpt lat="9.870056" lon="-83.608786"><ele>942.271</ele><time>2022-04-30T09:14:21Z</time></trkpt><trkpt lat="9.870071" lon="-83.608806"><ele>941.812</ele><time>2022-04-30T09:14:23Z</time></trkpt><trkpt lat="9.870081" lon="-83.608811"><ele>941.830</ele><time>2022-04-30T09:14:24Z</time></trkpt><trkpt lat="9.870106" lon="-83.608831"><ele>941.688</ele><time>2022-04-30T09:14:26Z</time></trkpt><trkpt lat="9.870123" lon="-83.608839"><ele>941.499</ele><time>2022-04-30T09:14:27Z</time></trkpt><trkpt lat="9.870139" lon="-83.608845"><ele>941.045</ele><time>2022-04-30T09:14:28Z</time></trkpt><trkpt lat="9.870181" lon="-83.608858"><ele>940.627</ele><time>2022-04-30T09:14:31Z</time></trkpt><trkpt lat="9.870194" lon="-83.608865"><ele>940.416</ele><time>2022-04-30T09:14:32Z</time></trkpt><trkpt lat="9.870207" lon="-83.608868"><ele>940.276</ele><time>2022-04-30T09:14:33Z</time></trkpt><trkpt lat="9.870235" lon="-83.608878"><ele>939.813</ele><time>2022-04-30T09:14:35Z</time></trkpt><trkpt lat="9.870258" lon="-83.608886"><ele>939.409</ele><time>2022-04-30T09:14:37Z</time></trkpt><trkpt lat="9.870307" lon="-83.608907"><ele>938.822</ele><time>2022-04-30T09:14:41Z</time></trkpt><trkpt lat="9.870322" lon="-83.608914"><ele>938.641</ele><time>2022-04-30T09:14:42Z</time></trkpt><trkpt lat="9.8704" lon="-83.608941"><ele>938.410</ele><time>2022-04-30T09:14:47Z</time></trkpt><trkpt lat="9.870417" lon="-83.60894"><ele>938.431</ele><time>2022-04-30T09:14:48Z</time></trkpt><trkpt lat="9.870431" lon="-83.608938"><ele>938.269</ele><time>2022-04-30T09:14:49Z</time></trkpt><trkpt lat="9.870459" lon="-83.608944"><ele>938.287</ele><time>2022-04-30T09:14:51Z</time></trkpt><trkpt lat="9.870476" lon="-83.608954"><ele>938.268</ele><time>2022-04-30T09:14:53Z</time></trkpt><trkpt lat="9.870501" lon="-83.608989"><ele>938.244</ele><time>2022-04-30T09:14:58Z</time></trkpt><trkpt lat="9.870526" lon="-83.609006"><ele>938.226</ele><time>2022-04-30T09:15:00Z</time></trkpt><trkpt lat="9.870548" lon="-83.609021"><ele>938.481</ele><time>2022-04-30T09:15:02Z</time></trkpt><trkpt lat="9.870561" lon="-83.60903"><ele>938.661</ele><time>2022-04-30T09:15:03Z</time></trkpt><trkpt lat="9.870572" lon="-83.609042"><ele>938.617</ele><time>2022-04-30T09:15:04Z</time></trkpt><trkpt lat="9.870584" lon="-83.609054"><ele>938.609</ele><time>2022-04-30T09:15:05Z</time></trkpt><trkpt lat="9.870619" lon="-83.609099"><ele>938.859</ele><time>2022-04-30T09:15:08Z</time></trkpt><trkpt lat="9.870635" lon="-83.60913"><ele>938.828</ele><time>2022-04-30T09:15:11Z</time></trkpt><trkpt lat="9.870666" lon="-83.609166"><ele>939.477</ele><time>2022-04-30T09:15:15Z</time></trkpt><trkpt lat="9.870681" lon="-83.609186"><ele>939.648</ele><time>2022-04-30T09:15:17Z</time></trkpt><trkpt lat="9.870713" lon="-83.609211"><ele>939.866</ele><time>2022-04-30T09:15:19Z</time></trkpt><trkpt lat="9.870742" lon="-83.609223"><ele>939.824</ele><time>2022-04-30T09:15:21Z</time></trkpt><trkpt lat="9.870747" lon="-83.609229"><ele>939.815</ele><time>2022-04-30T09:15:22Z</time></trkpt><trkpt lat="9.87078" lon="-83.609264"><ele>940.291</ele><time>2022-04-30T09:15:27Z</time></trkpt><trkpt lat="9.870784" lon="-83.609274"><ele>940.493</ele><time>2022-04-30T09:15:28Z</time></trkpt><trkpt lat="9.870802" lon="-83.609319"><ele>940.886</ele><time>2022-04-30T09:15:32Z</time></trkpt><trkpt lat="9.870803" lon="-83.609334"><ele>941.060</ele><time>2022-04-30T09:15:34Z</time></trkpt><trkpt lat="9.8708" lon="-83.609349"><ele>941.226</ele><time>2022-04-30T09:15:35Z</time></trkpt><trkpt lat="9.870798" lon="-83.609396"><ele>941.409</ele><time>2022-04-30T09:15:38Z</time></trkpt><trkpt lat="9.870795" lon="-83.609481"><ele>941.839</ele><time>2022-04-30T09:15:45Z</time></trkpt><trkpt lat="9.870783" lon="-83.609511"><ele>942.268</ele><time>2022-04-30T09:15:49Z</time></trkpt><trkpt lat="9.870779" lon="-83.609531"><ele>942.237</ele><time>2022-04-30T09:15:51Z</time></trkpt><trkpt lat="9.870778" lon="-83.609552"><ele>942.258</ele><time>2022-04-30T09:15:53Z</time></trkpt><trkpt lat="9.87076" lon="-83.609589"><ele>942.466</ele><time>2022-04-30T09:15:56Z</time></trkpt><trkpt lat="9.870758" lon="-83.60961"><ele>942.434</ele><time>2022-04-30T09:15:57Z</time></trkpt><trkpt lat="9.870753" lon="-83.609636"><ele>942.845</ele><time>2022-04-30T09:15:59Z</time></trkpt><trkpt lat="9.870746" lon="-83.609668"><ele>943.031</ele><time>2022-04-30T09:16:02Z</time></trkpt><trkpt lat="9.870743" lon="-83.609684"><ele>943.073</ele><time>2022-04-30T09:16:03Z</time></trkpt><trkpt lat="9.87072" lon="-83.609727"><ele>943.698</ele><time>2022-04-30T09:16:07Z</time></trkpt><trkpt lat="9.870716" lon="-83.609753"><ele>943.615</ele><time>2022-04-30T09:16:09Z</time></trkpt><trkpt lat="9.87069" lon="-83.609785"><ele>943.826</ele><time>2022-04-30T09:16:12Z</time></trkpt><trkpt lat="9.870686" lon="-83.609801"><ele>944.009</ele><time>2022-04-30T09:16:13Z</time></trkpt><trkpt lat="9.870678" lon="-83.609874"><ele>944.420</ele><time>2022-04-30T09:16:20Z</time></trkpt><trkpt lat="9.870675" lon="-83.609891"><ele>944.659</ele><time>2022-04-30T09:16:21Z</time></trkpt><trkpt lat="9.870612" lon="-83.609951"><ele>944.858</ele><time>2022-04-30T09:16:26Z</time></trkpt><trkpt lat="9.870586" lon="-83.609976"><ele>945.279</ele><time>2022-04-30T09:16:29Z</time></trkpt><trkpt lat="9.870567" lon="-83.610001"><ele>945.267</ele><time>2022-04-30T09:16:31Z</time></trkpt><trkpt lat="9.87051" lon="-83.610045"><ele>946.025</ele><time>2022-04-30T09:16:36Z</time></trkpt><trkpt lat="9.870443" lon="-83.610135"><ele>947.056</ele><time>2022-04-30T09:16:45Z</time></trkpt><trkpt lat="9.870435" lon="-83.610143"><ele>947.052</ele><time>2022-04-30T09:16:46Z</time></trkpt><trkpt lat="9.870415" lon="-83.610168"><ele>947.054</ele><time>2022-04-30T09:16:48Z</time></trkpt><trkpt lat="9.870404" lon="-83.610192"><ele>947.266</ele><time>2022-04-30T09:16:50Z</time></trkpt><trkpt lat="9.870385" lon="-83.610244"><ele>947.629</ele><time>2022-04-30T09:16:54Z</time></trkpt><trkpt lat="9.870372" lon="-83.610258"><ele>947.821</ele><time>2022-04-30T09:16:56Z</time></trkpt><trkpt lat="9.870355" lon="-83.610292"><ele>948.009</ele><time>2022-04-30T09:16:59Z</time></trkpt><trkpt lat="9.870341" lon="-83.610328"><ele>948.027</ele><time>2022-04-30T09:17:01Z</time></trkpt><trkpt lat="9.870322" lon="-83.610384"><ele>948.236</ele><time>2022-04-30T09:17:04Z</time></trkpt><trkpt lat="9.8703" lon="-83.610459"><ele>948.445</ele><time>2022-04-30T09:17:10Z</time></trkpt><trkpt lat="9.870257" lon="-83.610488"><ele>948.646</ele><time>2022-04-30T09:17:15Z</time></trkpt><trkpt lat="9.87023" lon="-83.610511"><ele>948.614</ele><time>2022-04-30T09:17:17Z</time></trkpt><trkpt lat="9.870207" lon="-83.61052"><ele>948.652</ele><time>2022-04-30T09:17:19Z</time></trkpt><trkpt lat="9.87018" lon="-83.610533"><ele>948.653</ele><time>2022-04-30T09:17:21Z</time></trkpt><trkpt lat="9.870118" lon="-83.610519"><ele>948.449</ele><time>2022-04-30T09:17:25Z</time></trkpt><trkpt lat="9.870021" lon="-83.610517"><ele>947.821</ele><time>2022-04-30T09:17:30Z</time></trkpt><trkpt lat="9.869986" lon="-83.610524"><ele>947.443</ele><time>2022-04-30T09:17:32Z</time></trkpt><trkpt lat="9.869948" lon="-83.61053"><ele>946.864</ele><time>2022-04-30T09:17:36Z</time></trkpt><trkpt lat="9.869943" lon="-83.610532"><ele>946.810</ele><time>2022-04-30T09:17:37Z</time></trkpt><trkpt lat="9.869929" lon="-83.610532"><ele>946.609</ele><time>2022-04-30T09:17:39Z</time></trkpt><trkpt lat="9.869923" lon="-83.610534"><ele>946.455</ele><time>2022-04-30T09:17:40Z</time></trkpt><trkpt lat="9.869913" lon="-83.610533"><ele>946.214</ele><time>2022-04-30T09:17:41Z</time></trkpt><trkpt lat="9.869903" lon="-83.610531"><ele>946.273</ele><time>2022-04-30T09:17:42Z</time></trkpt><trkpt lat="9.869867" lon="-83.610532"><ele>945.884</ele><time>2022-04-30T09:17:46Z</time></trkpt><trkpt lat="9.869848" lon="-83.610537"><ele>945.462</ele><time>2022-04-30T09:17:48Z</time></trkpt><trkpt lat="9.869827" lon="-83.610546"><ele>945.220</ele><time>2022-04-30T09:17:50Z</time></trkpt><trkpt lat="9.86978" lon="-83.610574"><ele>944.661</ele><time>2022-04-30T09:17:55Z</time></trkpt><trkpt lat="9.869766" lon="-83.610579"><ele>944.477</ele><time>2022-04-30T09:17:56Z</time></trkpt><trkpt lat="9.86975" lon="-83.610586"><ele>944.239</ele><time>2022-04-30T09:17:57Z</time></trkpt><trkpt lat="9.869635" lon="-83.610629"><ele>943.257</ele><time>2022-04-30T09:18:03Z</time></trkpt><trkpt lat="9.869551" lon="-83.610716"><ele>942.800</ele><time>2022-04-30T09:18:08Z</time></trkpt><trkpt lat="9.869525" lon="-83.610745"><ele>942.620</ele><time>2022-04-30T09:18:10Z</time></trkpt><trkpt lat="9.869482" lon="-83.610849"><ele>942.209</ele><time>2022-04-30T09:18:16Z</time></trkpt><trkpt lat="9.869481" lon="-83.610892"><ele>942.066</ele><time>2022-04-30T09:18:19Z</time></trkpt><trkpt lat="9.869494" lon="-83.610989"><ele>941.815</ele><time>2022-04-30T09:18:25Z</time></trkpt><trkpt lat="9.869498" lon="-83.611018"><ele>941.834</ele><time>2022-04-30T09:18:27Z</time></trkpt><trkpt lat="9.869505" lon="-83.611024"><ele>941.685</ele><time>2022-04-30T09:18:28Z</time></trkpt><trkpt lat="9.869507" lon="-83.611022"><ele>941.493</ele><time>2022-04-30T09:18:30Z</time></trkpt><trkpt lat="9.86951" lon="-83.611022"><ele>941.231</ele><time>2022-04-30T09:18:31Z</time></trkpt><trkpt lat="9.869514" lon="-83.61102"><ele>941.042</ele><time>2022-04-30T09:18:33Z</time></trkpt><trkpt lat="9.869568" lon="-83.611036"><ele>941.288</ele><time>2022-04-30T09:26:36Z</time></trkpt><trkpt lat="9.869565" lon="-83.61106"><ele>941.020</ele><time>2022-04-30T09:26:37Z</time></trkpt><trkpt lat="9.869562" lon="-83.611079"><ele>941.083</ele><time>2022-04-30T09:26:38Z</time></trkpt><trkpt lat="9.869564" lon="-83.611104"><ele>940.825</ele><time>2022-04-30T09:26:41Z</time></trkpt><trkpt lat="9.869561" lon="-83.611118"><ele>940.617</ele><time>2022-04-30T09:26:43Z</time></trkpt><trkpt lat="9.869561" lon="-83.611137"><ele>940.409</ele><time>2022-04-30T09:26:45Z</time></trkpt><trkpt lat="9.869567" lon="-83.611151"><ele>940.479</ele><time>2022-04-30T09:26:46Z</time></trkpt><trkpt lat="9.869575" lon="-83.6112"><ele>940.088</ele><time>2022-04-30T09:26:49Z</time></trkpt><trkpt lat="9.869582" lon="-83.611211"><ele>940.097</ele><time>2022-04-30T09:26:50Z</time></trkpt><trkpt lat="9.8696" lon="-83.611227"><ele>940.038</ele><time>2022-04-30T09:26:53Z</time></trkpt><trkpt lat="9.869612" lon="-83.611247"><ele>940.086</ele><time>2022-04-30T09:26:55Z</time></trkpt><trkpt lat="9.869626" lon="-83.611267"><ele>939.884</ele><time>2022-04-30T09:26:57Z</time></trkpt><trkpt lat="9.869639" lon="-83.611292"><ele>939.695</ele><time>2022-04-30T09:26:59Z</time></trkpt><trkpt lat="9.869647" lon="-83.61132"><ele>939.471</ele><time>2022-04-30T09:27:01Z</time></trkpt><trkpt lat="9.869653" lon="-83.61133"><ele>939.223</ele><time>2022-04-30T09:27:02Z</time></trkpt><trkpt lat="9.869671" lon="-83.611347"><ele>939.224</ele><time>2022-04-30T09:27:05Z</time></trkpt><trkpt lat="9.869673" lon="-83.611361"><ele>939.204</ele><time>2022-04-30T09:27:06Z</time></trkpt><trkpt lat="9.8697" lon="-83.611427"><ele>939.214</ele><time>2022-04-30T09:27:11Z</time></trkpt><trkpt lat="9.869706" lon="-83.611437"><ele>939.209</ele><time>2022-04-30T09:27:12Z</time></trkpt><trkpt lat="9.869724" lon="-83.611447"><ele>939.223</ele><time>2022-04-30T09:27:14Z</time></trkpt><trkpt lat="9.86976" lon="-83.61147"><ele>939.242</ele><time>2022-04-30T09:27:18Z</time></trkpt><trkpt lat="9.86977" lon="-83.611479"><ele>939.261</ele><time>2022-04-30T09:27:19Z</time></trkpt><trkpt lat="9.86979" lon="-83.611497"><ele>939.242</ele><time>2022-04-30T09:27:21Z</time></trkpt><trkpt lat="9.869804" lon="-83.61151"><ele>939.030</ele><time>2022-04-30T09:27:23Z</time></trkpt><trkpt lat="9.869807" lon="-83.611517"><ele>939.018</ele><time>2022-04-30T09:27:24Z</time></trkpt><trkpt lat="9.86982" lon="-83.611535"><ele>938.819</ele><time>2022-04-30T09:27:26Z</time></trkpt><trkpt lat="9.869835" lon="-83.611543"><ele>938.885</ele><time>2022-04-30T09:27:27Z</time></trkpt><trkpt lat="9.869863" lon="-83.61155"><ele>938.687</ele><time>2022-04-30T09:27:29Z</time></trkpt><trkpt lat="9.869901" lon="-83.611563"><ele>938.434</ele><time>2022-04-30T09:27:32Z</time></trkpt><trkpt lat="9.869912" lon="-83.611567"><ele>938.055</ele><time>2022-04-30T09:27:34Z</time></trkpt><trkpt lat="9.869976" lon="-83.611582"><ele>937.610</ele><time>2022-04-30T09:27:39Z</time></trkpt><trkpt lat="9.870015" lon="-83.611592"><ele>937.209</ele><time>2022-04-30T09:27:42Z</time></trkpt><trkpt lat="9.870032" lon="-83.611593"><ele>937.044</ele><time>2022-04-30T09:27:43Z</time></trkpt><trkpt lat="9.870053" lon="-83.6116"><ele>937.053</ele><time>2022-04-30T09:27:45Z</time></trkpt><trkpt lat="9.870059" lon="-83.61161"><ele>936.872</ele><time>2022-04-30T09:27:47Z</time></trkpt><trkpt lat="9.870073" lon="-83.61163"><ele>936.693</ele><time>2022-04-30T09:27:49Z</time></trkpt><trkpt lat="9.870098" lon="-83.611681"><ele>935.851</ele><time>2022-04-30T09:27:53Z</time></trkpt><trkpt lat="9.870104" lon="-83.611729"><ele>935.649</ele><time>2022-04-30T09:27:56Z</time></trkpt><trkpt lat="9.870124" lon="-83.611772"><ele>935.050</ele><time>2022-04-30T09:28:01Z</time></trkpt><trkpt lat="9.870143" lon="-83.611812"><ele>934.816</ele><time>2022-04-30T09:28:04Z</time></trkpt><trkpt lat="9.870155" lon="-83.611858"><ele>934.498</ele><time>2022-04-30T09:28:07Z</time></trkpt><trkpt lat="9.870167" lon="-83.611883"><ele>934.245</ele><time>2022-04-30T09:28:11Z</time></trkpt><trkpt lat="9.870175" lon="-83.611892"><ele>934.247</ele><time>2022-04-30T09:28:12Z</time></trkpt><trkpt lat="9.870186" lon="-83.6119"><ele>934.011</ele><time>2022-04-30T09:28:13Z</time></trkpt><trkpt lat="9.870195" lon="-83.611909"><ele>933.809</ele><time>2022-04-30T09:28:14Z</time></trkpt><trkpt lat="9.870204" lon="-83.611935"><ele>933.885</ele><time>2022-04-30T09:28:16Z</time></trkpt><trkpt lat="9.870236" lon="-83.612006"><ele>933.634</ele><time>2022-04-30T09:28:23Z</time></trkpt><trkpt lat="9.870245" lon="-83.612018"><ele>933.643</ele><time>2022-04-30T09:28:24Z</time></trkpt><trkpt lat="9.870267" lon="-83.612056"><ele>933.434</ele><time>2022-04-30T09:28:27Z</time></trkpt><trkpt lat="9.870276" lon="-83.612066"><ele>933.442</ele><time>2022-04-30T09:28:28Z</time></trkpt><trkpt lat="9.870316" lon="-83.612091"><ele>933.270</ele><time>2022-04-30T09:28:32Z</time></trkpt><trkpt lat="9.87035" lon="-83.612115"><ele>933.061</ele><time>2022-04-30T09:28:36Z</time></trkpt><trkpt lat="9.870367" lon="-83.612117"><ele>933.047</ele><time>2022-04-30T09:28:37Z</time></trkpt><trkpt lat="9.870382" lon="-83.612114"><ele>933.079</ele><time>2022-04-30T09:28:38Z</time></trkpt><trkpt lat="9.870456" lon="-83.612105"><ele>932.844</ele><time>2022-04-30T09:28:42Z</time></trkpt><trkpt lat="9.870473" lon="-83.612105"><ele>932.605</ele><time>2022-04-30T09:28:43Z</time></trkpt><trkpt lat="9.870521" lon="-83.612099"><ele>932.015</ele><time>2022-04-30T09:28:48Z</time></trkpt><trkpt lat="9.870565" lon="-83.612072"><ele>931.609</ele><time>2022-04-30T09:28:52Z</time></trkpt><trkpt lat="9.870582" lon="-83.612071"><ele>931.425</ele><time>2022-04-30T09:28:53Z</time></trkpt><trkpt lat="9.870621" lon="-83.612072"><ele>931.434</ele><time>2022-04-30T09:28:55Z</time></trkpt><trkpt lat="9.870642" lon="-83.612064"><ele>931.213</ele><time>2022-04-30T09:28:57Z</time></trkpt><trkpt lat="9.870651" lon="-83.612059"><ele>931.234</ele><time>2022-04-30T09:28:59Z</time></trkpt><trkpt lat="9.870676" lon="-83.612055"><ele>931.032</ele><time>2022-04-30T09:29:01Z</time></trkpt><trkpt lat="9.870699" lon="-83.612044"><ele>930.850</ele><time>2022-04-30T09:29:03Z</time></trkpt><trkpt lat="9.870713" lon="-83.612042"><ele>930.881</ele><time>2022-04-30T09:29:04Z</time></trkpt><trkpt lat="9.870731" lon="-83.61204"><ele>930.897</ele><time>2022-04-30T09:29:05Z</time></trkpt><trkpt lat="9.870747" lon="-83.612037"><ele>930.829</ele><time>2022-04-30T09:29:06Z</time></trkpt><trkpt lat="9.870758" lon="-83.612032"><ele>930.856</ele><time>2022-04-30T09:29:07Z</time></trkpt><trkpt lat="9.870764" lon="-83.612028"><ele>930.859</ele><time>2022-04-30T09:29:08Z</time></trkpt><trkpt lat="9.870779" lon="-83.612022"><ele>930.814</ele><time>2022-04-30T09:29:10Z</time></trkpt><trkpt lat="9.870844" lon="-83.612027"><ele>930.809</ele><time>2022-04-30T09:29:14Z</time></trkpt><trkpt lat="9.870877" lon="-83.612026"><ele>931.046</ele><time>2022-04-30T09:29:16Z</time></trkpt><trkpt lat="9.870908" lon="-83.612034"><ele>930.825</ele><time>2022-04-30T09:29:18Z</time></trkpt><trkpt lat="9.870926" lon="-83.612035"><ele>930.884</ele><time>2022-04-30T09:29:19Z</time></trkpt><trkpt lat="9.870964" lon="-83.612032"><ele>930.855</ele><time>2022-04-30T09:29:22Z</time></trkpt><trkpt lat="9.870991" lon="-83.612036"><ele>930.693</ele><time>2022-04-30T09:29:26Z</time></trkpt><trkpt lat="9.871" lon="-83.612046"><ele>930.621</ele><time>2022-04-30T09:29:27Z</time></trkpt><trkpt lat="9.871037" lon="-83.612068"><ele>930.212</ele><time>2022-04-30T09:29:30Z</time></trkpt><trkpt lat="9.871048" lon="-83.612071"><ele>930.298</ele><time>2022-04-30T09:29:31Z</time></trkpt><trkpt lat="9.87108" lon="-83.612079"><ele>930.010</ele><time>2022-04-30T09:29:33Z</time></trkpt><trkpt lat="9.871132" lon="-83.612096"><ele>929.877</ele><time>2022-04-30T09:29:36Z</time></trkpt><trkpt lat="9.871145" lon="-83.612094"><ele>929.861</ele><time>2022-04-30T09:29:37Z</time></trkpt><trkpt lat="9.871156" lon="-83.612098"><ele>929.627</ele><time>2022-04-30T09:29:38Z</time></trkpt><trkpt lat="9.871167" lon="-83.6121"><ele>929.409</ele><time>2022-04-30T09:29:40Z</time></trkpt><trkpt lat="9.871217" lon="-83.612119"><ele>928.838</ele><time>2022-04-30T09:29:46Z</time></trkpt><trkpt lat="9.871247" lon="-83.612131"><ele>928.627</ele><time>2022-04-30T09:29:48Z</time></trkpt><trkpt lat="9.871278" lon="-83.61214"><ele>928.486</ele><time>2022-04-30T09:29:50Z</time></trkpt><trkpt lat="9.871297" lon="-83.612152"><ele>928.437</ele><time>2022-04-30T09:29:51Z</time></trkpt><trkpt lat="9.871348" lon="-83.612178"><ele>928.225</ele><time>2022-04-30T09:29:54Z</time></trkpt><trkpt lat="9.871366" lon="-83.612184"><ele>927.863</ele><time>2022-04-30T09:29:56Z</time></trkpt><trkpt lat="9.871393" lon="-83.612197"><ele>927.854</ele><time>2022-04-30T09:30:00Z</time></trkpt><trkpt lat="9.871408" lon="-83.612205"><ele>927.830</ele><time>2022-04-30T09:30:01Z</time></trkpt><trkpt lat="9.871428" lon="-83.61221"><ele>927.452</ele><time>2022-04-30T09:30:04Z</time></trkpt><trkpt lat="9.871444" lon="-83.612232"><ele>927.045</ele><time>2022-04-30T09:33:27Z</time></trkpt><trkpt lat="9.871446" lon="-83.612243"><ele>927.047</ele><time>2022-04-30T09:33:28Z</time></trkpt><trkpt lat="9.871462" lon="-83.612285"><ele>927.211</ele><time>2022-04-30T09:33:31Z</time></trkpt><trkpt lat="9.87148" lon="-83.612295"><ele>927.409</ele><time>2022-04-30T09:33:33Z</time></trkpt><trkpt lat="9.871498" lon="-83.612315"><ele>927.495</ele><time>2022-04-30T09:33:36Z</time></trkpt><trkpt lat="9.871519" lon="-83.612352"><ele>926.894</ele><time>2022-04-30T09:33:40Z</time></trkpt><trkpt lat="9.871539" lon="-83.612375"><ele>926.663</ele><time>2022-04-30T09:33:42Z</time></trkpt><trkpt lat="9.871555" lon="-83.612393"><ele>926.454</ele><time>2022-04-30T09:33:44Z</time></trkpt><trkpt lat="9.871575" lon="-83.612406"><ele>926.242</ele><time>2022-04-30T09:33:47Z</time></trkpt><trkpt lat="9.871616" lon="-83.612443"><ele>926.060</ele><time>2022-04-30T09:33:50Z</time></trkpt><trkpt lat="9.871713" lon="-83.612518"><ele>925.271</ele><time>2022-04-30T09:33:57Z</time></trkpt><trkpt lat="9.871731" lon="-83.61253"><ele>925.057</ele><time>2022-04-30T09:33:58Z</time></trkpt><trkpt lat="9.871788" lon="-83.612575"><ele>924.699</ele><time>2022-04-30T09:34:02Z</time></trkpt><trkpt lat="9.871824" lon="-83.612615"><ele>924.244</ele><time>2022-04-30T09:34:05Z</time></trkpt><trkpt lat="9.871865" lon="-83.612648"><ele>923.605</ele><time>2022-04-30T09:34:08Z</time></trkpt><trkpt lat="9.871885" lon="-83.612664"><ele>923.415</ele><time>2022-04-30T09:34:10Z</time></trkpt><trkpt lat="9.871908" lon="-83.612679"><ele>923.009</ele><time>2022-04-30T09:34:12Z</time></trkpt><trkpt lat="9.871946" lon="-83.612702"><ele>922.855</ele><time>2022-04-30T09:34:15Z</time></trkpt><trkpt lat="9.87198" lon="-83.612726"><ele>922.254</ele><time>2022-04-30T09:34:18Z</time></trkpt><trkpt lat="9.872024" lon="-83.612763"><ele>921.673</ele><time>2022-04-30T09:34:22Z</time></trkpt><trkpt lat="9.872067" lon="-83.612791"><ele>921.224</ele><time>2022-04-30T09:34:25Z</time></trkpt><trkpt lat="9.872124" lon="-83.612822"><ele>920.432</ele><time>2022-04-30T09:34:29Z</time></trkpt><trkpt lat="9.872154" lon="-83.612827"><ele>920.020</ele><time>2022-04-30T09:34:31Z</time></trkpt><trkpt lat="9.872189" lon="-83.612825"><ele>919.881</ele><time>2022-04-30T09:34:33Z</time></trkpt><trkpt lat="9.872251" lon="-83.612837"><ele>919.087</ele><time>2022-04-30T09:34:37Z</time></trkpt><trkpt lat="9.872266" lon="-83.612834"><ele>919.039</ele><time>2022-04-30T09:34:38Z</time></trkpt><trkpt lat="9.872273" lon="-83.612834"><ele>918.653</ele><time>2022-04-30T09:34:39Z</time></trkpt><trkpt lat="9.872299" lon="-83.612835"><ele>918.004</ele><time>2022-04-30T09:34:42Z</time></trkpt><trkpt lat="9.872342" lon="-83.612848"><ele>916.814</ele><time>2022-04-30T09:34:46Z</time></trkpt><trkpt lat="9.87235" lon="-83.612848"><ele>916.809</ele><time>2022-04-30T09:34:47Z</time></trkpt><trkpt lat="9.872454" lon="-83.612865"><ele>916.096</ele><time>2022-04-30T09:34:55Z</time></trkpt><trkpt lat="9.872476" lon="-83.612867"><ele>915.895</ele><time>2022-04-30T09:34:56Z</time></trkpt><trkpt lat="9.872491" lon="-83.612872"><ele>915.834</ele><time>2022-04-30T09:34:57Z</time></trkpt><trkpt lat="9.872538" lon="-83.612875"><ele>915.465</ele><time>2022-04-30T09:35:00Z</time></trkpt><trkpt lat="9.872553" lon="-83.612877"><ele>915.223</ele><time>2022-04-30T09:35:01Z</time></trkpt><trkpt lat="9.872632" lon="-83.612874"><ele>914.891</ele><time>2022-04-30T09:35:06Z</time></trkpt><trkpt lat="9.872684" lon="-83.612879"><ele>914.812</ele><time>2022-04-30T09:35:09Z</time></trkpt><trkpt lat="9.872736" lon="-83.612873"><ele>914.888</ele><time>2022-04-30T09:35:12Z</time></trkpt><trkpt lat="9.8728" lon="-83.612863"><ele>914.690</ele><time>2022-04-30T09:35:17Z</time></trkpt><trkpt lat="9.87283" lon="-83.612867"><ele>914.466</ele><time>2022-04-30T09:35:19Z</time></trkpt><trkpt lat="9.872876" lon="-83.612879"><ele>914.429</ele><time>2022-04-30T09:35:22Z</time></trkpt><trkpt lat="9.87289" lon="-83.612889"><ele>914.421</ele><time>2022-04-30T09:35:23Z</time></trkpt><trkpt lat="9.872958" lon="-83.612934"><ele>914.209</ele><time>2022-04-30T09:35:28Z</time></trkpt><trkpt lat="9.872962" lon="-83.61294"><ele>914.257</ele><time>2022-04-30T09:35:29Z</time></trkpt><trkpt lat="9.872979" lon="-83.612944"><ele>914.426</ele><time>2022-04-30T09:35:31Z</time></trkpt><trkpt lat="9.873051" lon="-83.612968"><ele>914.425</ele><time>2022-04-30T09:35:37Z</time></trkpt><trkpt lat="9.873069" lon="-83.612972"><ele>914.416</ele><time>2022-04-30T09:35:38Z</time></trkpt><trkpt lat="9.873099" lon="-83.612986"><ele>914.414</ele><time>2022-04-30T09:35:40Z</time></trkpt><trkpt lat="9.873122" lon="-83.612997"><ele>914.472</ele><time>2022-04-30T09:35:41Z</time></trkpt><trkpt lat="9.873143" lon="-83.613007"><ele>914.443</ele><time>2022-04-30T09:35:42Z</time></trkpt><trkpt lat="9.873174" lon="-83.613014"><ele>914.259</ele><time>2022-04-30T09:35:44Z</time></trkpt><trkpt lat="9.873192" lon="-83.613016"><ele>914.441</ele><time>2022-04-30T09:35:47Z</time></trkpt><trkpt lat="9.87321" lon="-83.613014"><ele>914.646</ele><time>2022-04-30T09:35:50Z</time></trkpt><trkpt lat="9.873216" lon="-83.613016"><ele>914.688</ele><time>2022-04-30T09:35:52Z</time></trkpt><trkpt lat="9.873221" lon="-83.61301"><ele>914.816</ele><time>2022-04-30T09:35:54Z</time></trkpt><trkpt lat="9.873251" lon="-83.613007"><ele>914.809</ele><time>2022-04-30T09:35:57Z</time></trkpt><trkpt lat="9.873282" lon="-83.613011"><ele>914.895</ele><time>2022-04-30T09:35:59Z</time></trkpt><trkpt lat="9.873354" lon="-83.61304"><ele>915.264</ele><time>2022-04-30T09:36:04Z</time></trkpt><trkpt lat="9.87338" lon="-83.613063"><ele>915.283</ele><time>2022-04-30T09:36:08Z</time></trkpt><trkpt lat="9.873402" lon="-83.613079"><ele>915.244</ele><time>2022-04-30T09:36:10Z</time></trkpt><trkpt lat="9.873423" lon="-83.613106"><ele>915.462</ele><time>2022-04-30T09:36:12Z</time></trkpt><trkpt lat="9.87343" lon="-83.613129"><ele>915.460</ele><time>2022-04-30T09:36:13Z</time></trkpt><trkpt lat="9.873495" lon="-83.613227"><ele>915.861</ele><time>2022-04-30T09:41:54Z</time></trkpt><trkpt lat="9.873498" lon="-83.613232"><ele>915.827</ele><time>2022-04-30T09:41:55Z</time></trkpt><trkpt lat="9.873497" lon="-83.613268"><ele>915.619</ele><time>2022-04-30T09:42:00Z</time></trkpt><trkpt lat="9.873493" lon="-83.613273"><ele>915.418</ele><time>2022-04-30T09:42:01Z</time></trkpt><trkpt lat="9.87349" lon="-83.613273"><ele>915.698</ele><time>2022-04-30T09:42:02Z</time></trkpt><trkpt lat="9.873488" lon="-83.613273"><ele>915.417</ele><time>2022-04-30T09:42:03Z</time></trkpt><trkpt lat="9.873464" lon="-83.61331"><ele>914.809</ele><time>2022-04-30T09:42:10Z</time></trkpt><trkpt lat="9.873456" lon="-83.613319"><ele>914.852</ele><time>2022-04-30T09:42:12Z</time></trkpt><trkpt lat="9.87343" lon="-83.613346"><ele>914.441</ele><time>2022-04-30T09:42:17Z</time></trkpt><trkpt lat="9.873418" lon="-83.613369"><ele>914.080</ele><time>2022-04-30T09:42:21Z</time></trkpt><trkpt lat="9.87341" lon="-83.613382"><ele>913.681</ele><time>2022-04-30T09:42:23Z</time></trkpt><trkpt lat="9.873393" lon="-83.613417"><ele>913.469</ele><time>2022-04-30T09:42:28Z</time></trkpt><trkpt lat="9.873382" lon="-83.613434"><ele>913.487</ele><time>2022-04-30T09:42:30Z</time></trkpt><trkpt lat="9.873364" lon="-83.613467"><ele>913.098</ele><time>2022-04-30T09:42:34Z</time></trkpt><trkpt lat="9.873358" lon="-83.613478"><ele>913.024</ele><time>2022-04-30T09:42:35Z</time></trkpt><trkpt lat="9.873342" lon="-83.613501"><ele>912.676</ele><time>2022-04-30T09:42:38Z</time></trkpt><trkpt lat="9.873338" lon="-83.613509"><ele>912.686</ele><time>2022-04-30T09:42:39Z</time></trkpt><trkpt lat="9.873331" lon="-83.613518"><ele>912.660</ele><time>2022-04-30T09:42:40Z</time></trkpt><trkpt lat="9.87332" lon="-83.613527"><ele>912.226</ele><time>2022-04-30T09:42:42Z</time></trkpt><trkpt lat="9.873314" lon="-83.613532"><ele>912.209</ele><time>2022-04-30T09:42:43Z</time></trkpt><trkpt lat="9.873308" lon="-83.613539"><ele>912.249</ele><time>2022-04-30T09:42:44Z</time></trkpt><trkpt lat="9.873289" lon="-83.61357"><ele>911.868</ele><time>2022-04-30T09:42:49Z</time></trkpt><trkpt lat="9.873262" lon="-83.613594"><ele>911.697</ele><time>2022-04-30T09:42:53Z</time></trkpt><trkpt lat="9.873255" lon="-83.61361"><ele>911.438</ele><time>2022-04-30T09:42:55Z</time></trkpt><trkpt lat="9.873215" lon="-83.61366"><ele>911.026</ele><time>2022-04-30T09:43:02Z</time></trkpt><trkpt lat="9.873192" lon="-83.613693"><ele>910.884</ele><time>2022-04-30T09:43:06Z</time></trkpt><trkpt lat="9.873169" lon="-83.613729"><ele>910.845</ele><time>2022-04-30T09:43:09Z</time></trkpt><trkpt lat="9.873164" lon="-83.613742"><ele>910.611</ele><time>2022-04-30T09:43:11Z</time></trkpt><trkpt lat="9.873142" lon="-83.613775"><ele>910.433</ele><time>2022-04-30T09:43:15Z</time></trkpt><trkpt lat="9.873113" lon="-83.613805"><ele>910.036</ele><time>2022-04-30T09:43:21Z</time></trkpt><trkpt lat="9.873101" lon="-83.613814"><ele>909.617</ele><time>2022-04-30T09:43:23Z</time></trkpt><trkpt lat="9.873095" lon="-83.613826"><ele>909.618</ele><time>2022-04-30T09:43:24Z</time></trkpt><trkpt lat="9.873096" lon="-83.613834"><ele>909.409</ele><time>2022-04-30T09:43:25Z</time></trkpt><trkpt lat="9.873095" lon="-83.613844"><ele>909.474</ele><time>2022-04-30T09:43:26Z</time></trkpt><trkpt lat="9.873067" lon="-83.613874"><ele>909.283</ele><time>2022-04-30T09:43:30Z</time></trkpt><trkpt lat="9.873057" lon="-83.613896"><ele>909.022</ele><time>2022-04-30T09:43:32Z</time></trkpt><trkpt lat="9.873049" lon="-83.61391"><ele>908.833</ele><time>2022-04-30T09:43:34Z</time></trkpt><trkpt lat="9.873046" lon="-83.613918"><ele>908.621</ele><time>2022-04-30T09:43:35Z</time></trkpt><trkpt lat="9.873027" lon="-83.61395"><ele>908.449</ele><time>2022-04-30T09:43:38Z</time></trkpt><trkpt lat="9.873018" lon="-83.613964"><ele>908.270</ele><time>2022-04-30T09:43:40Z</time></trkpt><trkpt lat="9.87301" lon="-83.613971"><ele>908.236</ele><time>2022-04-30T09:43:41Z</time></trkpt><trkpt lat="9.872991" lon="-83.613996"><ele>908.098</ele><time>2022-04-30T09:43:45Z</time></trkpt><trkpt lat="9.87299" lon="-83.61401"><ele>907.851</ele><time>2022-04-30T09:43:47Z</time></trkpt><trkpt lat="9.872984" lon="-83.614023"><ele>907.601</ele><time>2022-04-30T09:43:49Z</time></trkpt><trkpt lat="9.872979" lon="-83.614069"><ele>907.011</ele><time>2022-04-30T09:43:54Z</time></trkpt><trkpt lat="9.872979" lon="-83.614094"><ele>906.609</ele><time>2022-04-30T09:43:57Z</time></trkpt><trkpt lat="9.87298" lon="-83.614107"><ele>906.686</ele><time>2022-04-30T09:43:58Z</time></trkpt><trkpt lat="9.872986" lon="-83.614123"><ele>906.495</ele><time>2022-04-30T09:44:00Z</time></trkpt><trkpt lat="9.872992" lon="-83.614168"><ele>905.874</ele><time>2022-04-30T09:44:06Z</time></trkpt><trkpt lat="9.87299" lon="-83.614175"><ele>905.625</ele><time>2022-04-30T09:44:07Z</time></trkpt><trkpt lat="9.872987" lon="-83.614207"><ele>905.043</ele><time>2022-04-30T09:44:12Z</time></trkpt><trkpt lat="9.872986" lon="-83.61422"><ele>904.611</ele><time>2022-04-30T09:44:17Z</time></trkpt><trkpt lat="9.872977" lon="-83.614276"><ele>904.242</ele><time>2022-04-30T09:44:26Z</time></trkpt><trkpt lat="9.872959" lon="-83.614333"><ele>904.028</ele><time>2022-04-30T09:44:31Z</time></trkpt><trkpt lat="9.872955" lon="-83.614342"><ele>903.860</ele><time>2022-04-30T09:44:32Z</time></trkpt><trkpt lat="9.872929" lon="-83.61436"><ele>903.652</ele><time>2022-04-30T09:44:36Z</time></trkpt><trkpt lat="9.872916" lon="-83.61437"><ele>903.453</ele><time>2022-04-30T09:44:38Z</time></trkpt><trkpt lat="9.872913" lon="-83.614373"><ele>903.408</ele><time>2022-04-30T09:44:39Z</time></trkpt><trkpt lat="9.872903" lon="-83.614387"><ele>903.009</ele><time>2022-04-30T09:44:41Z</time></trkpt><trkpt lat="9.872879" lon="-83.614387"><ele>902.656</ele><time>2022-04-30T09:44:45Z</time></trkpt><trkpt lat="9.872867" lon="-83.614388"><ele>902.455</ele><time>2022-04-30T09:44:46Z</time></trkpt><trkpt lat="9.872861" lon="-83.61439"><ele>902.444</ele><time>2022-04-30T09:44:47Z</time></trkpt><trkpt lat="9.872818" lon="-83.6144"><ele>901.695</ele><time>2022-04-30T09:44:53Z</time></trkpt><trkpt lat="9.872813" lon="-83.614402"><ele>901.423</ele><time>2022-04-30T09:44:54Z</time></trkpt><trkpt lat="9.872797" lon="-83.614409"><ele>900.871</ele><time>2022-04-30T09:44:58Z</time></trkpt><trkpt lat="9.872776" lon="-83.614416"><ele>900.292</ele><time>2022-04-30T09:45:01Z</time></trkpt><trkpt lat="9.872743" lon="-83.61442"><ele>899.678</ele><time>2022-04-30T09:45:07Z</time></trkpt><trkpt lat="9.872708" lon="-83.614432"><ele>899.270</ele><time>2022-04-30T09:45:11Z</time></trkpt><trkpt lat="9.872694" lon="-83.614439"><ele>899.051</ele><time>2022-04-30T09:45:13Z</time></trkpt><trkpt lat="9.872672" lon="-83.614444"><ele>898.801</ele><time>2022-04-30T09:45:15Z</time></trkpt><trkpt lat="9.872645" lon="-83.614458"><ele>898.611</ele><time>2022-04-30T09:45:19Z</time></trkpt><trkpt lat="9.872623" lon="-83.614468"><ele>898.409</ele><time>2022-04-30T09:45:21Z</time></trkpt><trkpt lat="9.872606" lon="-83.614473"><ele>898.066</ele><time>2022-04-30T09:45:24Z</time></trkpt><trkpt lat="9.872558" lon="-83.614475"><ele>897.615</ele><time>2022-04-30T09:45:31Z</time></trkpt><trkpt lat="9.872551" lon="-83.614477"><ele>897.414</ele><time>2022-04-30T09:45:32Z</time></trkpt><trkpt lat="9.872523" lon="-83.614476"><ele>897.435</ele><time>2022-04-30T09:45:35Z</time></trkpt><trkpt lat="9.872489" lon="-83.614478"><ele>897.273</ele><time>2022-04-30T09:45:39Z</time></trkpt><trkpt lat="9.872451" lon="-83.614473"><ele>897.081</ele><time>2022-04-30T09:45:42Z</time></trkpt><trkpt lat="9.872416" lon="-83.61447"><ele>896.872</ele><time>2022-04-30T09:45:46Z</time></trkpt><trkpt lat="9.872356" lon="-83.614473"><ele>896.268</ele><time>2022-04-30T09:45:52Z</time></trkpt><trkpt lat="9.872347" lon="-83.614471"><ele>896.260</ele><time>2022-04-30T09:45:53Z</time></trkpt><trkpt lat="9.872328" lon="-83.614467"><ele>896.274</ele><time>2022-04-30T09:45:55Z</time></trkpt><trkpt lat="9.872321" lon="-83.61447"><ele>896.056</ele><time>2022-04-30T09:45:56Z</time></trkpt><trkpt lat="9.872301" lon="-83.614475"><ele>895.821</ele><time>2022-04-30T09:45:58Z</time></trkpt><trkpt lat="9.872268" lon="-83.614479"><ele>895.609</ele><time>2022-04-30T09:46:01Z</time></trkpt><trkpt lat="9.872239" lon="-83.61448"><ele>895.628</ele><time>2022-04-30T09:46:04Z</time></trkpt><trkpt lat="9.872205" lon="-83.614487"><ele>895.437</ele><time>2022-04-30T09:46:07Z</time></trkpt><trkpt lat="9.872191" lon="-83.614497"><ele>895.416</ele><time>2022-04-30T09:46:09Z</time></trkpt><trkpt lat="9.872178" lon="-83.614499"><ele>895.457</ele><time>2022-04-30T09:46:10Z</time></trkpt><trkpt lat="9.87215" lon="-83.614506"><ele>895.265</ele><time>2022-04-30T09:46:13Z</time></trkpt><trkpt lat="9.872131" lon="-83.614518"><ele>895.493</ele><time>2022-04-30T09:46:15Z</time></trkpt><trkpt lat="9.872111" lon="-83.614532"><ele>895.654</ele><time>2022-04-30T09:46:17Z</time></trkpt><trkpt lat="9.872091" lon="-83.614545"><ele>895.650</ele><time>2022-04-30T09:46:19Z</time></trkpt><trkpt lat="9.872036" lon="-83.614633"><ele>895.642</ele><time>2022-04-30T09:46:27Z</time></trkpt><trkpt lat="9.872015" lon="-83.614672"><ele>895.459</ele><time>2022-04-30T09:46:31Z</time></trkpt><trkpt lat="9.871998" lon="-83.614698"><ele>895.403</ele><time>2022-04-30T09:46:33Z</time></trkpt><trkpt lat="9.871991" lon="-83.61471"><ele>895.423</ele><time>2022-04-30T09:46:35Z</time></trkpt><trkpt lat="9.871963" lon="-83.614743"><ele>895.609</ele><time>2022-04-30T09:46:39Z</time></trkpt><trkpt lat="9.871929" lon="-83.614807"><ele>895.636</ele><time>2022-04-30T09:46:46Z</time></trkpt><trkpt lat="9.871915" lon="-83.614828"><ele>895.665</ele><time>2022-04-30T09:46:49Z</time></trkpt><trkpt lat="9.87191" lon="-83.614844"><ele>895.694</ele><time>2022-04-30T09:46:51Z</time></trkpt><trkpt lat="9.871871" lon="-83.614891"><ele>896.015</ele><time>2022-04-30T09:46:57Z</time></trkpt><trkpt lat="9.871866" lon="-83.614901"><ele>896.013</ele><time>2022-04-30T09:46:58Z</time></trkpt><trkpt lat="9.87185" lon="-83.614918"><ele>896.021</ele><time>2022-04-30T09:47:00Z</time></trkpt><trkpt lat="9.871829" lon="-83.614941"><ele>896.062</ele><time>2022-04-30T09:47:03Z</time></trkpt><trkpt lat="9.87179" lon="-83.615003"><ele>896.248</ele><time>2022-04-30T09:47:09Z</time></trkpt><trkpt lat="9.871781" lon="-83.615012"><ele>896.270</ele><time>2022-04-30T09:47:10Z</time></trkpt><trkpt lat="9.871775" lon="-83.615021"><ele>896.232</ele><time>2022-04-30T09:47:11Z</time></trkpt><trkpt lat="9.87174" lon="-83.615067"><ele>896.892</ele><time>2022-04-30T09:47:17Z</time></trkpt><trkpt lat="9.871726" lon="-83.61509"><ele>896.811</ele><time>2022-04-30T09:47:19Z</time></trkpt><trkpt lat="9.871697" lon="-83.615116"><ele>897.009</ele><time>2022-04-30T09:47:23Z</time></trkpt><trkpt lat="9.871649" lon="-83.615192"><ele>897.254</ele><time>2022-04-30T09:47:29Z</time></trkpt><trkpt lat="9.871586" lon="-83.61524"><ele>897.063</ele><time>2022-04-30T09:47:37Z</time></trkpt><trkpt lat="9.871534" lon="-83.6153"><ele>897.222</ele><time>2022-04-30T09:47:45Z</time></trkpt><trkpt lat="9.871465" lon="-83.615362"><ele>897.413</ele><time>2022-04-30T09:47:53Z</time></trkpt><trkpt lat="9.871452" lon="-83.615376"><ele>897.471</ele><time>2022-04-30T09:47:55Z</time></trkpt><trkpt lat="9.871449" lon="-83.615381"><ele>897.879</ele><time>2022-04-30T09:47:56Z</time></trkpt><trkpt lat="9.871427" lon="-83.615395"><ele>898.230</ele><time>2022-04-30T09:47:59Z</time></trkpt><trkpt lat="9.871411" lon="-83.615405"><ele>898.616</ele><time>2022-04-30T09:48:01Z</time></trkpt><trkpt lat="9.871383" lon="-83.615439"><ele>898.658</ele><time>2022-04-30T09:48:05Z</time></trkpt><trkpt lat="9.871334" lon="-83.615506"><ele>899.219</ele><time>2022-04-30T09:48:13Z</time></trkpt><trkpt lat="9.871322" lon="-83.615524"><ele>899.609</ele><time>2022-04-30T09:48:16Z</time></trkpt><trkpt lat="9.871308" lon="-83.615543"><ele>899.819</ele><time>2022-04-30T09:48:20Z</time></trkpt><trkpt lat="9.871304" lon="-83.615548"><ele>900.009</ele><time>2022-04-30T09:48:21Z</time></trkpt><trkpt lat="9.871284" lon="-83.615587"><ele>900.482</ele><time>2022-04-30T09:48:26Z</time></trkpt><trkpt lat="9.871264" lon="-83.6156"><ele>900.661</ele><time>2022-04-30T09:48:29Z</time></trkpt><trkpt lat="9.871243" lon="-83.615622"><ele>901.080</ele><time>2022-04-30T09:48:33Z</time></trkpt><trkpt lat="9.871206" lon="-83.615652"><ele>901.871</ele><time>2022-04-30T09:48:38Z</time></trkpt><trkpt lat="9.871201" lon="-83.615655"><ele>902.029</ele><time>2022-04-30T09:48:39Z</time></trkpt><trkpt lat="9.871128" lon="-83.61567"><ele>902.467</ele><time>2022-04-30T09:48:46Z</time></trkpt><trkpt lat="9.871101" lon="-83.615679"><ele>902.668</ele><time>2022-04-30T09:48:49Z</time></trkpt><trkpt lat="9.871075" lon="-83.615689"><ele>903.014</ele><time>2022-04-30T09:48:52Z</time></trkpt><trkpt lat="9.871063" lon="-83.615689"><ele>903.086</ele><time>2022-04-30T09:48:53Z</time></trkpt><trkpt lat="9.870999" lon="-83.615676"><ele>903.015</ele><time>2022-04-30T09:49:00Z</time></trkpt><trkpt lat="9.870994" lon="-83.615675"><ele>903.065</ele><time>2022-04-30T09:49:01Z</time></trkpt><trkpt lat="9.870969" lon="-83.615671"><ele>903.211</ele><time>2022-04-30T09:49:04Z</time></trkpt><trkpt lat="9.870963" lon="-83.615666"><ele>903.209</ele><time>2022-04-30T09:49:05Z</time></trkpt><trkpt lat="9.870939" lon="-83.615661"><ele>903.432</ele><time>2022-04-30T09:49:08Z</time></trkpt><trkpt lat="9.870919" lon="-83.615663"><ele>903.421</ele><time>2022-04-30T09:49:10Z</time></trkpt><trkpt lat="9.87089" lon="-83.615656"><ele>903.620</ele><time>2022-04-30T09:49:13Z</time></trkpt><trkpt lat="9.87085" lon="-83.615639"><ele>903.831</ele><time>2022-04-30T09:49:18Z</time></trkpt><trkpt lat="9.870818" lon="-83.615622"><ele>904.069</ele><time>2022-04-30T09:49:22Z</time></trkpt><trkpt lat="9.870797" lon="-83.615604"><ele>904.077</ele><time>2022-04-30T09:49:24Z</time></trkpt><trkpt lat="9.870766" lon="-83.615597"><ele>904.098</ele><time>2022-04-30T09:49:27Z</time></trkpt><trkpt lat="9.870754" lon="-83.615585"><ele>904.044</ele><time>2022-04-30T09:49:29Z</time></trkpt><trkpt lat="9.870724" lon="-83.615566"><ele>903.826</ele><time>2022-04-30T09:49:33Z</time></trkpt><trkpt lat="9.870709" lon="-83.615558"><ele>903.852</ele><time>2022-04-30T09:49:36Z</time></trkpt><trkpt lat="9.870665" lon="-83.615531"><ele>903.653</ele><time>2022-04-30T09:49:46Z</time></trkpt><trkpt lat="9.870606" lon="-83.615495"><ele>903.608</ele><time>2022-04-30T09:49:52Z</time></trkpt><trkpt lat="9.870585" lon="-83.615483"><ele>903.609</ele><time>2022-04-30T09:49:54Z</time></trkpt><trkpt lat="9.870542" lon="-83.615462"><ele>903.696</ele><time>2022-04-30T09:49:58Z</time></trkpt><trkpt lat="9.870502" lon="-83.615457"><ele>903.675</ele><time>2022-04-30T09:50:01Z</time></trkpt><trkpt lat="9.870431" lon="-83.615417"><ele>903.424</ele><time>2022-04-30T09:50:09Z</time></trkpt><trkpt lat="9.870369" lon="-83.615387"><ele>903.015</ele><time>2022-04-30T09:50:16Z</time></trkpt><trkpt lat="9.870342" lon="-83.6154"><ele>902.663</ele><time>2022-04-30T09:50:19Z</time></trkpt><trkpt lat="9.870333" lon="-83.615401"><ele>902.621</ele><time>2022-04-30T09:50:21Z</time></trkpt><trkpt lat="9.87033" lon="-83.615396"><ele>902.232</ele><time>2022-04-30T09:50:25Z</time></trkpt><trkpt lat="9.870306" lon="-83.615387"><ele>902.278</ele><time>2022-04-30T09:50:27Z</time></trkpt><trkpt lat="9.870275" lon="-83.61538"><ele>902.080</ele><time>2022-04-30T09:50:30Z</time></trkpt><trkpt lat="9.87022" lon="-83.615381"><ele>901.624</ele><time>2022-04-30T09:50:35Z</time></trkpt><trkpt lat="9.870211" lon="-83.615378"><ele>901.604</ele><time>2022-04-30T09:50:36Z</time></trkpt><trkpt lat="9.870177" lon="-83.615388"><ele>901.014</ele><time>2022-04-30T09:50:40Z</time></trkpt><trkpt lat="9.870168" lon="-83.615396"><ele>900.809</ele><time>2022-04-30T09:50:42Z</time></trkpt><trkpt lat="9.870167" lon="-83.615401"><ele>900.483</ele><time>2022-04-30T09:50:47Z</time></trkpt><trkpt lat="9.870167" lon="-83.615401"><ele>900.442</ele><time>2022-04-30T09:50:48Z</time></trkpt><trkpt lat="9.870164" lon="-83.615401"><ele>900.231</ele><time>2022-04-30T09:51:04Z</time></trkpt><trkpt lat="9.870167" lon="-83.615399"><ele>900.272</ele><time>2022-04-30T09:51:34Z</time></trkpt><trkpt lat="9.870168" lon="-83.615405"><ele>900.220</ele><time>2022-04-30T09:51:55Z</time></trkpt><trkpt lat="9.87016" lon="-83.615413"><ele>902.058</ele><time>2022-04-30T09:56:04Z</time></trkpt><trkpt lat="9.870116" lon="-83.615398"><ele>901.839</ele><time>2022-04-30T09:56:08Z</time></trkpt><trkpt lat="9.870093" lon="-83.615394"><ele>901.255</ele><time>2022-04-30T09:56:11Z</time></trkpt><trkpt lat="9.870039" lon="-83.615385"><ele>901.017</ele><time>2022-04-30T09:56:15Z</time></trkpt><trkpt lat="9.870014" lon="-83.615385"><ele>900.879</ele><time>2022-04-30T09:56:17Z</time></trkpt><trkpt lat="9.869963" lon="-83.615378"><ele>900.605</ele><time>2022-04-30T09:56:21Z</time></trkpt><trkpt lat="9.869936" lon="-83.615382"><ele>900.425</ele><time>2022-04-30T09:56:23Z</time></trkpt><trkpt lat="9.86992" lon="-83.615389"><ele>900.209</ele><time>2022-04-30T09:56:25Z</time></trkpt><trkpt lat="9.869904" lon="-83.615391"><ele>900.028</ele><time>2022-04-30T09:56:27Z</time></trkpt><trkpt lat="9.869878" lon="-83.615395"><ele>899.897</ele><time>2022-04-30T09:56:29Z</time></trkpt><trkpt lat="9.869852" lon="-83.615406"><ele>899.616</ele><time>2022-04-30T09:56:31Z</time></trkpt><trkpt lat="9.869802" lon="-83.615408"><ele>899.097</ele><time>2022-04-30T09:56:35Z</time></trkpt><trkpt lat="9.869748" lon="-83.615443"><ele>898.025</ele><time>2022-04-30T09:56:41Z</time></trkpt><trkpt lat="9.869683" lon="-83.615482"><ele>897.063</ele><time>2022-04-30T09:56:47Z</time></trkpt><trkpt lat="9.86966" lon="-83.615495"><ele>896.614</ele><time>2022-04-30T09:56:49Z</time></trkpt><trkpt lat="9.86962" lon="-83.615511"><ele>895.690</ele><time>2022-04-30T09:56:53Z</time></trkpt><trkpt lat="9.869611" lon="-83.615512"><ele>895.632</ele><time>2022-04-30T09:56:54Z</time></trkpt><trkpt lat="9.869592" lon="-83.615509"><ele>895.053</ele><time>2022-04-30T09:56:57Z</time></trkpt><trkpt lat="9.869575" lon="-83.615504"><ele>894.804</ele><time>2022-04-30T09:56:59Z</time></trkpt><trkpt lat="9.869553" lon="-83.615495"><ele>894.414</ele><time>2022-04-30T09:57:01Z</time></trkpt><trkpt lat="9.869529" lon="-83.615471"><ele>893.609</ele><time>2022-04-30T09:57:04Z</time></trkpt><trkpt lat="9.869526" lon="-83.615459"><ele>893.436</ele><time>2022-04-30T09:57:05Z</time></trkpt><trkpt lat="9.869526" lon="-83.61544"><ele>892.815</ele><time>2022-04-30T09:57:07Z</time></trkpt><trkpt lat="9.869523" lon="-83.615431"><ele>892.664</ele><time>2022-04-30T09:57:08Z</time></trkpt><trkpt lat="9.869521" lon="-83.615422"><ele>892.285</ele><time>2022-04-30T09:57:09Z</time></trkpt><trkpt lat="9.869529" lon="-83.615376"><ele>891.433</ele><time>2022-04-30T09:57:13Z</time></trkpt><trkpt lat="9.869534" lon="-83.615358"><ele>890.441</ele><time>2022-04-30T09:57:17Z</time></trkpt><trkpt lat="9.869528" lon="-83.615318"><ele>889.252</ele><time>2022-04-30T09:57:20Z</time></trkpt><trkpt lat="9.869511" lon="-83.615288"><ele>888.228</ele><time>2022-04-30T09:57:24Z</time></trkpt><trkpt lat="9.869506" lon="-83.61528"><ele>888.030</ele><time>2022-04-30T09:57:25Z</time></trkpt><trkpt lat="9.869448" lon="-83.61524"><ele>887.057</ele><time>2022-04-30T09:57:30Z</time></trkpt><trkpt lat="9.869441" lon="-83.615237"><ele>886.800</ele><time>2022-04-30T09:57:31Z</time></trkpt><trkpt lat="9.869387" lon="-83.615213"><ele>885.820</ele><time>2022-04-30T09:57:36Z</time></trkpt><trkpt lat="9.869366" lon="-83.615221"><ele>885.009</ele><time>2022-04-30T09:57:38Z</time></trkpt><trkpt lat="9.869338" lon="-83.615221"><ele>884.626</ele><time>2022-04-30T09:57:41Z</time></trkpt><trkpt lat="9.869327" lon="-83.615222"><ele>884.425</ele><time>2022-04-30T09:57:42Z</time></trkpt><trkpt lat="9.869293" lon="-83.615214"><ele>884.074</ele><time>2022-04-30T09:57:44Z</time></trkpt><trkpt lat="9.869264" lon="-83.615211"><ele>883.645</ele><time>2022-04-30T09:57:46Z</time></trkpt><trkpt lat="9.869241" lon="-83.615209"><ele>883.023</ele><time>2022-04-30T09:57:48Z</time></trkpt><trkpt lat="9.869202" lon="-83.615224"><ele>882.841</ele><time>2022-04-30T09:57:51Z</time></trkpt><trkpt lat="9.869175" lon="-83.615233"><ele>882.432</ele><time>2022-04-30T09:57:53Z</time></trkpt><trkpt lat="9.86916" lon="-83.615237"><ele>882.298</ele><time>2022-04-30T09:57:54Z</time></trkpt><trkpt lat="9.869089" lon="-83.615255"><ele>881.440</ele><time>2022-04-30T09:57:58Z</time></trkpt><trkpt lat="9.869041" lon="-83.615262"><ele>881.089</ele><time>2022-04-30T09:58:01Z</time></trkpt><trkpt lat="9.869021" lon="-83.615272"><ele>880.606</ele><time>2022-04-30T09:58:02Z</time></trkpt><trkpt lat="9.869012" lon="-83.615282"><ele>880.426</ele><time>2022-04-30T09:58:03Z</time></trkpt><trkpt lat="9.868934" lon="-83.615292"><ele>879.009</ele><time>2022-04-30T09:58:08Z</time></trkpt><trkpt lat="9.868838" lon="-83.615285"><ele>877.849</ele><time>2022-04-30T09:58:13Z</time></trkpt><trkpt lat="9.868794" lon="-83.615274"><ele>877.288</ele><time>2022-04-30T09:58:16Z</time></trkpt><trkpt lat="9.868754" lon="-83.615289"><ele>876.667</ele><time>2022-04-30T09:58:18Z</time></trkpt><trkpt lat="9.868687" lon="-83.615293"><ele>875.698</ele><time>2022-04-30T09:58:24Z</time></trkpt><trkpt lat="9.868668" lon="-83.615303"><ele>874.816</ele><time>2022-04-30T09:58:26Z</time></trkpt><trkpt lat="9.868656" lon="-83.615305"><ele>874.684</ele><time>2022-04-30T09:58:27Z</time></trkpt><trkpt lat="9.868646" lon="-83.615313"><ele>874.465</ele><time>2022-04-30T09:58:28Z</time></trkpt><trkpt lat="9.868619" lon="-83.615336"><ele>873.671</ele><time>2022-04-30T09:58:31Z</time></trkpt><trkpt lat="9.868603" lon="-83.615347"><ele>873.413</ele><time>2022-04-30T09:58:33Z</time></trkpt><trkpt lat="9.868588" lon="-83.615365"><ele>872.815</ele><time>2022-04-30T09:58:35Z</time></trkpt><trkpt lat="9.868574" lon="-83.615378"><ele>872.465</ele><time>2022-04-30T09:58:37Z</time></trkpt><trkpt lat="9.868567" lon="-83.61538"><ele>872.011</ele><time>2022-04-30T09:58:38Z</time></trkpt><trkpt lat="9.868529" lon="-83.615429"><ele>870.809</ele><time>2022-04-30T09:58:43Z</time></trkpt><trkpt lat="9.868504" lon="-83.615504"><ele>869.412</ele><time>2022-04-30T09:58:49Z</time></trkpt><trkpt lat="9.8685" lon="-83.615508"><ele>869.291</ele><time>2022-04-30T09:58:50Z</time></trkpt><trkpt lat="9.868497" lon="-83.615519"><ele>869.090</ele><time>2022-04-30T09:58:51Z</time></trkpt><trkpt lat="9.868495" lon="-83.615528"><ele>868.891</ele><time>2022-04-30T09:58:52Z</time></trkpt><trkpt lat="9.868494" lon="-83.61554"><ele>868.429</ele><time>2022-04-30T09:58:55Z</time></trkpt><trkpt lat="9.868506" lon="-83.61555"><ele>867.837</ele><time>2022-04-30T09:59:01Z</time></trkpt><trkpt lat="9.868508" lon="-83.615554"><ele>867.848</ele><time>2022-04-30T09:59:33Z</time></trkpt><trkpt lat="9.868511" lon="-83.615554"><ele>867.684</ele><time>2022-04-30T09:59:41Z</time></trkpt><trkpt lat="9.868512" lon="-83.615583"><ele>867.656</ele><time>2022-04-30T09:59:43Z</time></trkpt><trkpt lat="9.868508" lon="-83.615599"><ele>867.623</ele><time>2022-04-30T09:59:44Z</time></trkpt><trkpt lat="9.868494" lon="-83.615623"><ele>867.483</ele><time>2022-04-30T09:59:46Z</time></trkpt><trkpt lat="9.868487" lon="-83.615659"><ele>867.211</ele><time>2022-04-30T09:59:49Z</time></trkpt><trkpt lat="9.868482" lon="-83.615691"><ele>866.409</ele><time>2022-04-30T09:59:52Z</time></trkpt><trkpt lat="9.868473" lon="-83.615725"><ele>866.093</ele><time>2022-04-30T09:59:55Z</time></trkpt><trkpt lat="9.868473" lon="-83.615748"><ele>865.432</ele><time>2022-04-30T09:59:57Z</time></trkpt><trkpt lat="9.868471" lon="-83.615765"><ele>865.071</ele><time>2022-04-30T09:59:58Z</time></trkpt><trkpt lat="9.868467" lon="-83.615789"><ele>864.622</ele><time>2022-04-30T10:00:00Z</time></trkpt><trkpt lat="9.868453" lon="-83.615825"><ele>864.420</ele><time>2022-04-30T10:00:03Z</time></trkpt><trkpt lat="9.868454" lon="-83.615849"><ele>863.828</ele><time>2022-04-30T10:00:06Z</time></trkpt><trkpt lat="9.868447" lon="-83.61587"><ele>863.239</ele><time>2022-04-30T10:00:08Z</time></trkpt><trkpt lat="9.868444" lon="-83.615904"><ele>862.845</ele><time>2022-04-30T10:00:11Z</time></trkpt><trkpt lat="9.868444" lon="-83.615913"><ele>862.617</ele><time>2022-04-30T10:00:12Z</time></trkpt><trkpt lat="9.868441" lon="-83.615971"><ele>862.068</ele><time>2022-04-30T10:00:17Z</time></trkpt><trkpt lat="9.868441" lon="-83.615986"><ele>861.842</ele><time>2022-04-30T10:00:18Z</time></trkpt><trkpt lat="9.86844" lon="-83.616052"><ele>860.826</ele><time>2022-04-30T10:00:24Z</time></trkpt><trkpt lat="9.868435" lon="-83.616067"><ele>860.209</ele><time>2022-04-30T10:00:26Z</time></trkpt><trkpt lat="9.868422" lon="-83.616085"><ele>859.617</ele><time>2022-04-30T10:00:29Z</time></trkpt><trkpt lat="9.868415" lon="-83.616091"><ele>859.036</ele><time>2022-04-30T10:00:33Z</time></trkpt><trkpt lat="9.868417" lon="-83.616111"><ele>858.645</ele><time>2022-04-30T10:00:35Z</time></trkpt><trkpt lat="9.868405" lon="-83.616143"><ele>858.446</ele><time>2022-04-30T10:00:38Z</time></trkpt><trkpt lat="9.868406" lon="-83.616157"><ele>858.264</ele><time>2022-04-30T10:00:39Z</time></trkpt><trkpt lat="9.868401" lon="-83.616192"><ele>857.852</ele><time>2022-04-30T10:00:42Z</time></trkpt><trkpt lat="9.868383" lon="-83.616218"><ele>857.643</ele><time>2022-04-30T10:00:44Z</time></trkpt><trkpt lat="9.868357" lon="-83.616245"><ele>857.499</ele><time>2022-04-30T10:00:47Z</time></trkpt><trkpt lat="9.868335" lon="-83.616245"><ele>856.621</ele><time>2022-04-30T10:00:51Z</time></trkpt><trkpt lat="9.868331" lon="-83.616242"><ele>856.421</ele><time>2022-04-30T10:00:52Z</time></trkpt><trkpt lat="9.868315" lon="-83.616237"><ele>856.041</ele><time>2022-04-30T10:00:55Z</time></trkpt><trkpt lat="9.868306" lon="-83.616227"><ele>855.605</ele><time>2022-04-30T10:00:57Z</time></trkpt><trkpt lat="9.868298" lon="-83.616226"><ele>855.009</ele><time>2022-04-30T10:00:59Z</time></trkpt><trkpt lat="9.868295" lon="-83.616229"><ele>854.873</ele><time>2022-04-30T10:01:00Z</time></trkpt><trkpt lat="9.868289" lon="-83.616225"><ele>854.422</ele><time>2022-04-30T10:01:02Z</time></trkpt><trkpt lat="9.868286" lon="-83.616211"><ele>853.811</ele><time>2022-04-30T10:01:04Z</time></trkpt><trkpt lat="9.868286" lon="-83.616206"><ele>853.482</ele><time>2022-04-30T10:01:06Z</time></trkpt><trkpt lat="9.868282" lon="-83.616201"><ele>853.280</ele><time>2022-04-30T10:01:07Z</time></trkpt><trkpt lat="9.868263" lon="-83.616166"><ele>852.838</ele><time>2022-04-30T10:01:10Z</time></trkpt><trkpt lat="9.868252" lon="-83.616156"><ele>852.239</ele><time>2022-04-30T10:01:12Z</time></trkpt><trkpt lat="9.868229" lon="-83.616124"><ele>851.675</ele><time>2022-04-30T10:01:16Z</time></trkpt><trkpt lat="9.868226" lon="-83.616116"><ele>851.467</ele><time>2022-04-30T10:01:17Z</time></trkpt><trkpt lat="9.868218" lon="-83.616115"><ele>851.248</ele><time>2022-04-30T10:01:18Z</time></trkpt><trkpt lat="9.868196" lon="-83.61611"><ele>850.461</ele><time>2022-04-30T10:01:21Z</time></trkpt><trkpt lat="9.86819" lon="-83.616104"><ele>850.217</ele><time>2022-04-30T10:01:22Z</time></trkpt><trkpt lat="9.86818" lon="-83.616098"><ele>850.009</ele><time>2022-04-30T10:01:23Z</time></trkpt><trkpt lat="9.868168" lon="-83.616086"><ele>849.635</ele><time>2022-04-30T10:01:25Z</time></trkpt><trkpt lat="9.86815" lon="-83.616075"><ele>849.024</ele><time>2022-04-30T10:01:28Z</time></trkpt><trkpt lat="9.868136" lon="-83.616066"><ele>848.243</ele><time>2022-04-30T10:01:32Z</time></trkpt><trkpt lat="9.868126" lon="-83.616055"><ele>848.024</ele><time>2022-04-30T10:01:34Z</time></trkpt><trkpt lat="9.868111" lon="-83.616039"><ele>847.662</ele><time>2022-04-30T10:01:37Z</time></trkpt><trkpt lat="9.868101" lon="-83.616027"><ele>846.250</ele><time>2022-04-30T10:01:49Z</time></trkpt><trkpt lat="9.868088" lon="-83.616021"><ele>846.041</ele><time>2022-04-30T10:01:50Z</time></trkpt><trkpt lat="9.868022" lon="-83.61599"><ele>845.627</ele><time>2022-04-30T10:01:57Z</time></trkpt><trkpt lat="9.868008" lon="-83.615992"><ele>845.079</ele><time>2022-04-30T10:02:03Z</time></trkpt><trkpt lat="9.867998" lon="-83.615988"><ele>844.617</ele><time>2022-04-30T10:02:11Z</time></trkpt><trkpt lat="9.867959" lon="-83.615988"><ele>844.487</ele><time>2022-04-30T10:02:16Z</time></trkpt><trkpt lat="9.867914" lon="-83.616018"><ele>843.615</ele><time>2022-04-30T10:02:23Z</time></trkpt><trkpt lat="9.867884" lon="-83.616036"><ele>843.009</ele><time>2022-04-30T10:02:28Z</time></trkpt><trkpt lat="9.867878" lon="-83.616042"><ele>842.662</ele><time>2022-04-30T10:02:29Z</time></trkpt><trkpt lat="9.867875" lon="-83.616045"><ele>842.241</ele><time>2022-04-30T10:02:32Z</time></trkpt><trkpt lat="9.867863" lon="-83.6161"><ele>841.430</ele><time>2022-04-30T10:02:39Z</time></trkpt><trkpt lat="9.867854" lon="-83.616139"><ele>841.011</ele><time>2022-04-30T10:02:45Z</time></trkpt><trkpt lat="9.867837" lon="-83.616184"><ele>840.259</ele><time>2022-04-30T10:02:52Z</time></trkpt><trkpt lat="9.867829" lon="-83.616207"><ele>840.057</ele><time>2022-04-30T10:02:55Z</time></trkpt><trkpt lat="9.867826" lon="-83.616235"><ele>839.688</ele><time>2022-04-30T10:03:01Z</time></trkpt><trkpt lat="9.867821" lon="-83.616246"><ele>839.424</ele><time>2022-04-30T10:03:03Z</time></trkpt><trkpt lat="9.867808" lon="-83.616274"><ele>838.876</ele><time>2022-04-30T10:03:08Z</time></trkpt><trkpt lat="9.867792" lon="-83.616306"><ele>838.418</ele><time>2022-04-30T10:03:13Z</time></trkpt><trkpt lat="9.867768" lon="-83.616346"><ele>837.698</ele><time>2022-04-30T10:03:20Z</time></trkpt><trkpt lat="9.867755" lon="-83.616356"><ele>837.217</ele><time>2022-04-30T10:03:22Z</time></trkpt><trkpt lat="9.867739" lon="-83.616373"><ele>837.009</ele><time>2022-04-30T10:03:25Z</time></trkpt><trkpt lat="9.867702" lon="-83.616397"><ele>836.412</ele><time>2022-04-30T10:03:32Z</time></trkpt><trkpt lat="9.867691" lon="-83.616398"><ele>836.421</ele><time>2022-04-30T10:03:34Z</time></trkpt><trkpt lat="9.867649" lon="-83.616389"><ele>835.650</ele><time>2022-04-30T10:03:41Z</time></trkpt><trkpt lat="9.867636" lon="-83.61639"><ele>835.411</ele><time>2022-04-30T10:03:44Z</time></trkpt><trkpt lat="9.867617" lon="-83.616384"><ele>835.079</ele><time>2022-04-30T10:03:47Z</time></trkpt><trkpt lat="9.867587" lon="-83.61636"><ele>834.297</ele><time>2022-04-30T10:03:54Z</time></trkpt><trkpt lat="9.867564" lon="-83.616341"><ele>833.898</ele><time>2022-04-30T10:04:00Z</time></trkpt><trkpt lat="9.867567" lon="-83.616322"><ele>833.634</ele><time>2022-04-30T10:04:02Z</time></trkpt><trkpt lat="9.867554" lon="-83.616301"><ele>833.266</ele><time>2022-04-30T10:04:05Z</time></trkpt><trkpt lat="9.867546" lon="-83.616286"><ele>832.825</ele><time>2022-04-30T10:04:09Z</time></trkpt><trkpt lat="9.867525" lon="-83.616253"><ele>832.626</ele><time>2022-04-30T10:04:15Z</time></trkpt><trkpt lat="9.867486" lon="-83.616236"><ele>832.408</ele><time>2022-04-30T10:04:21Z</time></trkpt><trkpt lat="9.867459" lon="-83.616245"><ele>832.009</ele><time>2022-04-30T10:05:11Z</time></trkpt><trkpt lat="9.867457" lon="-83.616225"><ele>832.293</ele><time>2022-04-30T10:06:17Z</time></trkpt><trkpt lat="9.867457" lon="-83.616225"><ele>831.812</ele><time>2022-04-30T10:06:25Z</time></trkpt><trkpt lat="9.867412" lon="-83.616216"><ele>832.851</ele><time>2022-04-30T10:07:21Z</time></trkpt><trkpt lat="9.867389" lon="-83.616203"><ele>832.872</ele><time>2022-04-30T10:07:23Z</time></trkpt><trkpt lat="9.867341" lon="-83.616174"><ele>832.490</ele><time>2022-04-30T10:07:28Z</time></trkpt><trkpt lat="9.867303" lon="-83.616171"><ele>831.698</ele><time>2022-04-30T10:07:32Z</time></trkpt><trkpt lat="9.867286" lon="-83.616166"><ele>831.229</ele><time>2022-04-30T10:07:34Z</time></trkpt><trkpt lat="9.867264" lon="-83.616161"><ele>831.045</ele><time>2022-04-30T10:07:36Z</time></trkpt><trkpt lat="9.867252" lon="-83.616156"><ele>831.077</ele><time>2022-04-30T10:07:37Z</time></trkpt><trkpt lat="9.867229" lon="-83.616147"><ele>830.841</ele><time>2022-04-30T10:07:39Z</time></trkpt><trkpt lat="9.867219" lon="-83.61614"><ele>830.881</ele><time>2022-04-30T10:07:40Z</time></trkpt><trkpt lat="9.867196" lon="-83.616129"><ele>830.409</ele><time>2022-04-30T10:07:42Z</time></trkpt><trkpt lat="9.867136" lon="-83.616109"><ele>830.009</ele><time>2022-04-30T10:07:48Z</time></trkpt><trkpt lat="9.867119" lon="-83.616104"><ele>829.845</ele><time>2022-04-30T10:07:50Z</time></trkpt><trkpt lat="9.867077" lon="-83.616104"><ele>829.424</ele><time>2022-04-30T10:07:54Z</time></trkpt><trkpt lat="9.867061" lon="-83.616108"><ele>829.273</ele><time>2022-04-30T10:07:56Z</time></trkpt><trkpt lat="9.867025" lon="-83.616119"><ele>828.884</ele><time>2022-04-30T10:08:00Z</time></trkpt><trkpt lat="9.866995" lon="-83.616133"><ele>828.692</ele><time>2022-04-30T10:08:03Z</time></trkpt><trkpt lat="9.866988" lon="-83.61614"><ele>828.430</ele><time>2022-04-30T10:08:04Z</time></trkpt><trkpt lat="9.866928" lon="-83.616174"><ele>827.841</ele><time>2022-04-30T10:08:11Z</time></trkpt><trkpt lat="9.866905" lon="-83.61619"><ele>827.437</ele><time>2022-04-30T10:08:14Z</time></trkpt><trkpt lat="9.866896" lon="-83.616212"><ele>827.049</ele><time>2022-04-30T10:08:17Z</time></trkpt><trkpt lat="9.866874" lon="-83.616241"><ele>826.486</ele><time>2022-04-30T10:08:21Z</time></trkpt><trkpt lat="9.866868" lon="-83.616256"><ele>826.260</ele><time>2022-04-30T10:08:23Z</time></trkpt><trkpt lat="9.866861" lon="-83.616278"><ele>825.826</ele><time>2022-04-30T10:08:26Z</time></trkpt><trkpt lat="9.866864" lon="-83.616309"><ele>825.609</ele><time>2022-04-30T10:08:29Z</time></trkpt><trkpt lat="9.86688" lon="-83.616345"><ele>825.279</ele><time>2022-04-30T10:08:32Z</time></trkpt><trkpt lat="9.866883" lon="-83.616385"><ele>824.618</ele><time>2022-04-30T10:08:36Z</time></trkpt><trkpt lat="9.866885" lon="-83.616412"><ele>824.447</ele><time>2022-04-30T10:08:38Z</time></trkpt><trkpt lat="9.866889" lon="-83.616426"><ele>824.238</ele><time>2022-04-30T10:08:39Z</time></trkpt><trkpt lat="9.866897" lon="-83.616462"><ele>823.476</ele><time>2022-04-30T10:08:43Z</time></trkpt><trkpt lat="9.866916" lon="-83.616526"><ele>823.054</ele><time>2022-04-30T10:08:47Z</time></trkpt><trkpt lat="9.866939" lon="-83.616561"><ele>822.625</ele><time>2022-04-30T10:08:50Z</time></trkpt><trkpt lat="9.866942" lon="-83.616569"><ele>822.471</ele><time>2022-04-30T10:08:51Z</time></trkpt><trkpt lat="9.866945" lon="-83.616591"><ele>822.273</ele><time>2022-04-30T10:08:53Z</time></trkpt><trkpt lat="9.866969" lon="-83.616628"><ele>821.686</ele><time>2022-04-30T10:08:56Z</time></trkpt><trkpt lat="9.866975" lon="-83.616654"><ele>821.460</ele><time>2022-04-30T10:08:57Z</time></trkpt><trkpt lat="9.866992" lon="-83.616692"><ele>821.026</ele><time>2022-04-30T10:09:00Z</time></trkpt><trkpt lat="9.866988" lon="-83.616709"><ele>820.809</ele><time>2022-04-30T10:09:01Z</time></trkpt><trkpt lat="9.866984" lon="-83.616739"><ele>820.219</ele><time>2022-04-30T10:09:03Z</time></trkpt><trkpt lat="9.86699" lon="-83.616743"><ele>820.068</ele><time>2022-04-30T10:09:04Z</time></trkpt><trkpt lat="9.866994" lon="-83.616777"><ele>819.827</ele><time>2022-04-30T10:09:07Z</time></trkpt><trkpt lat="9.866987" lon="-83.6168"><ele>819.258</ele><time>2022-04-30T10:09:09Z</time></trkpt><trkpt lat="9.866994" lon="-83.616803"><ele>819.236</ele><time>2022-04-30T10:09:10Z</time></trkpt><trkpt lat="9.866991" lon="-83.616819"><ele>818.644</ele><time>2022-04-30T10:09:13Z</time></trkpt><trkpt lat="9.866981" lon="-83.616844"><ele>818.425</ele><time>2022-04-30T10:09:15Z</time></trkpt><trkpt lat="9.866978" lon="-83.616868"><ele>817.821</ele><time>2022-04-30T10:09:21Z</time></trkpt><trkpt lat="9.866977" lon="-83.616886"><ele>817.463</ele><time>2022-04-30T10:09:23Z</time></trkpt><trkpt lat="9.866978" lon="-83.616923"><ele>817.013</ele><time>2022-04-30T10:09:26Z</time></trkpt><trkpt lat="9.866987" lon="-83.616934"><ele>816.843</ele><time>2022-04-30T10:09:27Z</time></trkpt><trkpt lat="9.866993" lon="-83.616946"><ele>816.607</ele><time>2022-04-30T10:09:28Z</time></trkpt><trkpt lat="9.866997" lon="-83.61696"><ele>816.409</ele><time>2022-04-30T10:09:29Z</time></trkpt><trkpt lat="9.867011" lon="-83.617033"><ele>815.222</ele><time>2022-04-30T10:09:34Z</time></trkpt><trkpt lat="9.867019" lon="-83.617079"><ele>814.021</ele><time>2022-04-30T10:09:40Z</time></trkpt><trkpt lat="9.86702" lon="-83.617091"><ele>814.090</ele><time>2022-04-30T10:09:41Z</time></trkpt><trkpt lat="9.867015" lon="-83.617114"><ele>813.881</ele><time>2022-04-30T10:09:43Z</time></trkpt><trkpt lat="9.867009" lon="-83.61712"><ele>813.279</ele><time>2022-04-30T10:09:44Z</time></trkpt><trkpt lat="9.866998" lon="-83.617132"><ele>812.667</ele><time>2022-04-30T10:09:47Z</time></trkpt><trkpt lat="9.866978" lon="-83.617141"><ele>812.028</ele><time>2022-04-30T10:09:51Z</time></trkpt><trkpt lat="9.866971" lon="-83.617137"><ele>811.464</ele><time>2022-04-30T10:09:53Z</time></trkpt><trkpt lat="9.866954" lon="-83.617126"><ele>811.036</ele><time>2022-04-30T10:09:56Z</time></trkpt><trkpt lat="9.866931" lon="-83.617108"><ele>810.646</ele><time>2022-04-30T10:10:00Z</time></trkpt><trkpt lat="9.866918" lon="-83.617096"><ele>809.688</ele><time>2022-04-30T10:10:03Z</time></trkpt><trkpt lat="9.8669" lon="-83.617069"><ele>808.616</ele><time>2022-04-30T10:10:07Z</time></trkpt><trkpt lat="9.866876" lon="-83.61703"><ele>807.409</ele><time>2022-04-30T10:10:14Z</time></trkpt><trkpt lat="9.866856" lon="-83.617018"><ele>807.065</ele><time>2022-04-30T10:10:17Z</time></trkpt><trkpt lat="9.866822" lon="-83.61698"><ele>806.474</ele><time>2022-04-30T10:10:24Z</time></trkpt><trkpt lat="9.86682" lon="-83.616973"><ele>806.423</ele><time>2022-04-30T10:10:25Z</time></trkpt><trkpt lat="9.866807" lon="-83.61692"><ele>805.654</ele><time>2022-04-30T10:10:33Z</time></trkpt><trkpt lat="9.866796" lon="-83.616913"><ele>805.462</ele><time>2022-04-30T10:10:35Z</time></trkpt><trkpt lat="9.86679" lon="-83.616913"><ele>805.210</ele><time>2022-04-30T10:10:36Z</time></trkpt><trkpt lat="9.866778" lon="-83.616904"><ele>804.681</ele><time>2022-04-30T10:10:39Z</time></trkpt><trkpt lat="9.866762" lon="-83.616888"><ele>804.057</ele><time>2022-04-30T10:10:42Z</time></trkpt><trkpt lat="9.866722" lon="-83.616862"><ele>803.259</ele><time>2022-04-30T10:10:48Z</time></trkpt><trkpt lat="9.866706" lon="-83.616848"><ele>802.856</ele><time>2022-04-30T10:10:51Z</time></trkpt><trkpt lat="9.866676" lon="-83.616838"><ele>802.659</ele><time>2022-04-30T10:10:55Z</time></trkpt><trkpt lat="9.86664" lon="-83.616824"><ele>802.014</ele><time>2022-04-30T10:11:01Z</time></trkpt><trkpt lat="9.866594" lon="-83.616817"><ele>801.409</ele><time>2022-04-30T10:11:08Z</time></trkpt><trkpt lat="9.866579" lon="-83.616814"><ele>801.096</ele><time>2022-04-30T10:11:10Z</time></trkpt><trkpt lat="9.86656" lon="-83.616795"><ele>800.455</ele><time>2022-04-30T10:11:14Z</time></trkpt><trkpt lat="9.866549" lon="-83.616792"><ele>800.024</ele><time>2022-04-30T10:11:16Z</time></trkpt><trkpt lat="9.866512" lon="-83.616761"><ele>799.045</ele><time>2022-04-30T10:11:21Z</time></trkpt><trkpt lat="9.866504" lon="-83.616756"><ele>798.843</ele><time>2022-04-30T10:11:22Z</time></trkpt><trkpt lat="9.866495" lon="-83.616746"><ele>798.651</ele><time>2022-04-30T10:11:23Z</time></trkpt><trkpt lat="9.866477" lon="-83.616734"><ele>798.482</ele><time>2022-04-30T10:11:26Z</time></trkpt><trkpt lat="9.866433" lon="-83.616722"><ele>797.818</ele><time>2022-04-30T10:11:32Z</time></trkpt><trkpt lat="9.866381" lon="-83.616711"><ele>797.250</ele><time>2022-04-30T10:11:38Z</time></trkpt><trkpt lat="9.866364" lon="-83.616714"><ele>797.094</ele><time>2022-04-30T10:11:40Z</time></trkpt><trkpt lat="9.866344" lon="-83.616717"><ele>796.857</ele><time>2022-04-30T10:11:42Z</time></trkpt><trkpt lat="9.866309" lon="-83.616717"><ele>796.422</ele><time>2022-04-30T10:11:46Z</time></trkpt><trkpt lat="9.866256" lon="-83.616701"><ele>795.809</ele><time>2022-04-30T10:11:52Z</time></trkpt><trkpt lat="9.86625" lon="-83.616695"><ele>795.690</ele><time>2022-04-30T10:11:53Z</time></trkpt><trkpt lat="9.866203" lon="-83.616685"><ele>795.279</ele><time>2022-04-30T10:11:58Z</time></trkpt><trkpt lat="9.866186" lon="-83.616684"><ele>795.068</ele><time>2022-04-30T10:12:00Z</time></trkpt><trkpt lat="9.866169" lon="-83.616675"><ele>794.839</ele><time>2022-04-30T10:12:02Z</time></trkpt><trkpt lat="9.866158" lon="-83.616674"><ele>794.867</ele><time>2022-04-30T10:12:03Z</time></trkpt><trkpt lat="9.866147" lon="-83.616677"><ele>794.625</ele><time>2022-04-30T10:12:04Z</time></trkpt><trkpt lat="9.866134" lon="-83.616675"><ele>794.296</ele><time>2022-04-30T10:12:06Z</time></trkpt><trkpt lat="9.866114" lon="-83.616668"><ele>794.072</ele><time>2022-04-30T10:12:08Z</time></trkpt><trkpt lat="9.866104" lon="-83.616672"><ele>793.834</ele><time>2022-04-30T10:12:09Z</time></trkpt><trkpt lat="9.866085" lon="-83.616651"><ele>793.863</ele><time>2022-04-30T10:12:12Z</time></trkpt><trkpt lat="9.866074" lon="-83.616648"><ele>793.644</ele><time>2022-04-30T10:12:13Z</time></trkpt><trkpt lat="9.866066" lon="-83.616641"><ele>793.418</ele><time>2022-04-30T10:12:14Z</time></trkpt><trkpt lat="9.866053" lon="-83.616634"><ele>793.209</ele><time>2022-04-30T10:12:16Z</time></trkpt><trkpt lat="9.866027" lon="-83.616622"><ele>792.837</ele><time>2022-04-30T10:12:19Z</time></trkpt><trkpt lat="9.866012" lon="-83.616624"><ele>793.056</ele><time>2022-04-30T10:12:20Z</time></trkpt><trkpt lat="9.865991" lon="-83.616625"><ele>792.655</ele><time>2022-04-30T10:12:22Z</time></trkpt><trkpt lat="9.865982" lon="-83.616619"><ele>792.476</ele><time>2022-04-30T10:12:23Z</time></trkpt><trkpt lat="9.865975" lon="-83.616613"><ele>792.284</ele><time>2022-04-30T10:12:24Z</time></trkpt><trkpt lat="9.865937" lon="-83.61659"><ele>792.082</ele><time>2022-04-30T10:12:29Z</time></trkpt><trkpt lat="9.865921" lon="-83.616583"><ele>791.863</ele><time>2022-04-30T10:12:31Z</time></trkpt><trkpt lat="9.865912" lon="-83.616583"><ele>791.499</ele><time>2022-04-30T10:12:32Z</time></trkpt><trkpt lat="9.865901" lon="-83.616585"><ele>791.251</ele><time>2022-04-30T10:12:33Z</time></trkpt><trkpt lat="9.865894" lon="-83.616584"><ele>791.058</ele><time>2022-04-30T10:12:34Z</time></trkpt><trkpt lat="9.865889" lon="-83.616578"><ele>791.052</ele><time>2022-04-30T10:12:35Z</time></trkpt><trkpt lat="9.865867" lon="-83.616568"><ele>790.617</ele><time>2022-04-30T10:12:37Z</time></trkpt><trkpt lat="9.865846" lon="-83.616568"><ele>790.409</ele><time>2022-04-30T10:12:39Z</time></trkpt><trkpt lat="9.865828" lon="-83.616559"><ele>790.246</ele><time>2022-04-30T10:12:41Z</time></trkpt><trkpt lat="9.865783" lon="-83.616568"><ele>789.485</ele><time>2022-04-30T10:12:48Z</time></trkpt><trkpt lat="9.865778" lon="-83.616575"><ele>789.214</ele><time>2022-04-30T10:12:51Z</time></trkpt><trkpt lat="9.865775" lon="-83.616595"><ele>788.855</ele><time>2022-04-30T10:12:57Z</time></trkpt><trkpt lat="9.865766" lon="-83.616608"><ele>789.033</ele><time>2022-04-30T10:13:05Z</time></trkpt><trkpt lat="9.865758" lon="-83.616642"><ele>788.831</ele><time>2022-04-30T10:13:10Z</time></trkpt><trkpt lat="9.865752" lon="-83.616663"><ele>788.612</ele><time>2022-04-30T10:13:12Z</time></trkpt><trkpt lat="9.865751" lon="-83.616686"><ele>788.298</ele><time>2022-04-30T10:13:14Z</time></trkpt><trkpt lat="9.865772" lon="-83.616721"><ele>787.850</ele><time>2022-04-30T10:13:18Z</time></trkpt><trkpt lat="9.865816" lon="-83.616758"><ele>787.479</ele><time>2022-04-30T10:13:23Z</time></trkpt><trkpt lat="9.865837" lon="-83.616771"><ele>787.205</ele><time>2022-04-30T10:13:25Z</time></trkpt><trkpt lat="9.865848" lon="-83.616773"><ele>787.225</ele><time>2022-04-30T10:13:26Z</time></trkpt><trkpt lat="9.86588" lon="-83.616807"><ele>786.409</ele><time>2022-04-30T10:13:31Z</time></trkpt><trkpt lat="9.865889" lon="-83.616814"><ele>786.228</ele><time>2022-04-30T10:13:32Z</time></trkpt><trkpt lat="9.8659" lon="-83.616821"><ele>786.247</ele><time>2022-04-30T10:13:33Z</time></trkpt><trkpt lat="9.865926" lon="-83.61685"><ele>785.876</ele><time>2022-04-30T10:13:36Z</time></trkpt><trkpt lat="9.865945" lon="-83.616854"><ele>785.657</ele><time>2022-04-30T10:13:38Z</time></trkpt><trkpt lat="9.865953" lon="-83.616857"><ele>785.635</ele><time>2022-04-30T10:13:39Z</time></trkpt><trkpt lat="9.865961" lon="-83.616859"><ele>785.663</ele><time>2022-04-30T10:13:40Z</time></trkpt><trkpt lat="9.865984" lon="-83.616869"><ele>785.484</ele><time>2022-04-30T10:13:44Z</time></trkpt><trkpt lat="9.86599" lon="-83.616876"><ele>785.220</ele><time>2022-04-30T10:13:45Z</time></trkpt><trkpt lat="9.86601" lon="-83.616925"><ele>784.662</ele><time>2022-04-30T10:13:52Z</time></trkpt><trkpt lat="9.866014" lon="-83.616959"><ele>784.486</ele><time>2022-04-30T10:13:55Z</time></trkpt><trkpt lat="9.866007" lon="-83.616985"><ele>784.260</ele><time>2022-04-30T10:13:58Z</time></trkpt><trkpt lat="9.86601" lon="-83.617013"><ele>784.026</ele><time>2022-04-30T10:14:04Z</time></trkpt><trkpt lat="9.866" lon="-83.617069"><ele>783.809</ele><time>2022-04-30T10:14:11Z</time></trkpt><trkpt lat="9.86599" lon="-83.617094"><ele>783.669</ele><time>2022-04-30T10:14:16Z</time></trkpt><trkpt lat="9.865997" lon="-83.617103"><ele>783.458</ele><time>2022-04-30T10:14:18Z</time></trkpt><trkpt lat="9.866001" lon="-83.617103"><ele>783.247</ele><time>2022-04-30T10:14:20Z</time></trkpt><trkpt lat="9.865999" lon="-83.617126"><ele>783.088</ele><time>2022-04-30T10:14:25Z</time></trkpt><trkpt lat="9.866" lon="-83.617167"><ele>782.696</ele><time>2022-04-30T10:14:31Z</time></trkpt><trkpt lat="9.865995" lon="-83.617229"><ele>782.034</ele><time>2022-04-30T10:14:38Z</time></trkpt><trkpt lat="9.865992" lon="-83.617237"><ele>782.095</ele><time>2022-04-30T10:14:39Z</time></trkpt><trkpt lat="9.865974" lon="-83.617264"><ele>781.621</ele><time>2022-04-30T10:14:43Z</time></trkpt><trkpt lat="9.86595" lon="-83.617271"><ele>781.223</ele><time>2022-04-30T10:14:46Z</time></trkpt><trkpt lat="9.865941" lon="-83.617278"><ele>781.072</ele><time>2022-04-30T10:14:48Z</time></trkpt><trkpt lat="9.865929" lon="-83.617294"><ele>780.613</ele><time>2022-04-30T10:14:53Z</time></trkpt><trkpt lat="9.865901" lon="-83.617326"><ele>780.014</ele><time>2022-04-30T10:14:59Z</time></trkpt><trkpt lat="9.865885" lon="-83.617335"><ele>779.809</ele><time>2022-04-30T10:15:02Z</time></trkpt><trkpt lat="9.865866" lon="-83.617327"><ele>779.258</ele><time>2022-04-30T10:15:07Z</time></trkpt><trkpt lat="9.865859" lon="-83.617324"><ele>779.077</ele><time>2022-04-30T10:15:08Z</time></trkpt><trkpt lat="9.865806" lon="-83.617311"><ele>778.226</ele><time>2022-04-30T10:15:14Z</time></trkpt><trkpt lat="9.865784" lon="-83.617315"><ele>777.887</ele><time>2022-04-30T10:15:17Z</time></trkpt><trkpt lat="9.865744" lon="-83.617315"><ele>777.265</ele><time>2022-04-30T10:15:22Z</time></trkpt><trkpt lat="9.865719" lon="-83.617303"><ele>776.813</ele><time>2022-04-30T10:15:26Z</time></trkpt><trkpt lat="9.865711" lon="-83.617296"><ele>776.894</ele><time>2022-04-30T10:15:27Z</time></trkpt><trkpt lat="9.865647" lon="-83.617281"><ele>776.070</ele><time>2022-04-30T10:15:35Z</time></trkpt><trkpt lat="9.865639" lon="-83.617272"><ele>775.852</ele><time>2022-04-30T10:15:36Z</time></trkpt><trkpt lat="9.865629" lon="-83.617264"><ele>775.885</ele><time>2022-04-30T10:15:37Z</time></trkpt><trkpt lat="9.865605" lon="-83.617261"><ele>775.489</ele><time>2022-04-30T10:15:40Z</time></trkpt><trkpt lat="9.865599" lon="-83.617255"><ele>775.417</ele><time>2022-04-30T10:15:41Z</time></trkpt><trkpt lat="9.865515" lon="-83.617235"><ele>774.809</ele><time>2022-04-30T10:15:50Z</time></trkpt><trkpt lat="9.865508" lon="-83.617234"><ele>774.889</ele><time>2022-04-30T10:15:51Z</time></trkpt><trkpt lat="9.865479" lon="-83.617231"><ele>774.618</ele><time>2022-04-30T10:15:54Z</time></trkpt><trkpt lat="9.865469" lon="-83.617231"><ele>774.697</ele><time>2022-04-30T10:15:55Z</time></trkpt><trkpt lat="9.865445" lon="-83.617222"><ele>774.288</ele><time>2022-04-30T10:15:58Z</time></trkpt><trkpt lat="9.865414" lon="-83.617238"><ele>774.056</ele><time>2022-04-30T10:16:01Z</time></trkpt><trkpt lat="9.865405" lon="-83.617242"><ele>774.094</ele><time>2022-04-30T10:16:02Z</time></trkpt><trkpt lat="9.865375" lon="-83.617257"><ele>773.845</ele><time>2022-04-30T10:16:05Z</time></trkpt><trkpt lat="9.865341" lon="-83.61726"><ele>773.481</ele><time>2022-04-30T10:16:08Z</time></trkpt><trkpt lat="9.865287" lon="-83.617283"><ele>772.823</ele><time>2022-04-30T10:16:15Z</time></trkpt><trkpt lat="9.865266" lon="-83.617285"><ele>772.698</ele><time>2022-04-30T10:16:19Z</time></trkpt><trkpt lat="9.865228" lon="-83.617316"><ele>772.215</ele><time>2022-04-30T10:16:25Z</time></trkpt><trkpt lat="9.865163" lon="-83.617321"><ele>772.026</ele><time>2022-04-30T10:16:34Z</time></trkpt><trkpt lat="9.865135" lon="-83.617328"><ele>771.809</ele><time>2022-04-30T10:16:38Z</time></trkpt><trkpt lat="9.865125" lon="-83.617329"><ele>771.660</ele><time>2022-04-30T10:16:39Z</time></trkpt><trkpt lat="9.865119" lon="-83.617329"><ele>771.639</ele><time>2022-04-30T10:16:40Z</time></trkpt><trkpt lat="9.865101" lon="-83.617329"><ele>771.488</ele><time>2022-04-30T10:16:45Z</time></trkpt><trkpt lat="9.86508" lon="-83.617351"><ele>770.829</ele><time>2022-04-30T10:21:08Z</time></trkpt><trkpt lat="9.865053" lon="-83.61735"><ele>770.817</ele><time>2022-04-30T10:21:10Z</time></trkpt><trkpt lat="9.865027" lon="-83.617349"><ele>770.885</ele><time>2022-04-30T10:21:12Z</time></trkpt><trkpt lat="9.864954" lon="-83.617366"><ele>770.456</ele><time>2022-04-30T10:21:18Z</time></trkpt><trkpt lat="9.864926" lon="-83.617373"><ele>770.012</ele><time>2022-04-30T10:21:21Z</time></trkpt><trkpt lat="9.864915" lon="-83.617372"><ele>769.814</ele><time>2022-04-30T10:21:22Z</time></trkpt><trkpt lat="9.864892" lon="-83.617367"><ele>769.697</ele><time>2022-04-30T10:21:24Z</time></trkpt><trkpt lat="9.864879" lon="-83.617366"><ele>769.423</ele><time>2022-04-30T10:21:25Z</time></trkpt><trkpt lat="9.864858" lon="-83.617377"><ele>769.225</ele><time>2022-04-30T10:21:27Z</time></trkpt><trkpt lat="9.864845" lon="-83.617378"><ele>769.009</ele><time>2022-04-30T10:21:28Z</time></trkpt><trkpt lat="9.864817" lon="-83.617381"><ele>768.480</ele><time>2022-04-30T10:21:31Z</time></trkpt><trkpt lat="9.864774" lon="-83.617387"><ele>767.869</ele><time>2022-04-30T10:21:35Z</time></trkpt><trkpt lat="9.864735" lon="-83.617377"><ele>767.048</ele><time>2022-04-30T10:21:39Z</time></trkpt><trkpt lat="9.864724" lon="-83.617375"><ele>766.849</ele><time>2022-04-30T10:21:40Z</time></trkpt><trkpt lat="9.864711" lon="-83.617372"><ele>766.657</ele><time>2022-04-30T10:21:41Z</time></trkpt><trkpt lat="9.864654" lon="-83.617363"><ele>765.475</ele><time>2022-04-30T10:21:46Z</time></trkpt><trkpt lat="9.864636" lon="-83.617366"><ele>765.216</ele><time>2022-04-30T10:21:48Z</time></trkpt><trkpt lat="9.864601" lon="-83.617368"><ele>764.852</ele><time>2022-04-30T10:21:51Z</time></trkpt><trkpt lat="9.86459" lon="-83.617359"><ele>764.484</ele><time>2022-04-30T10:21:52Z</time></trkpt><trkpt lat="9.864565" lon="-83.617357"><ele>764.013</ele><time>2022-04-30T10:21:54Z</time></trkpt><trkpt lat="9.864515" lon="-83.617382"><ele>763.643</ele><time>2022-04-30T10:21:58Z</time></trkpt><trkpt lat="9.864503" lon="-83.617387"><ele>763.407</ele><time>2022-04-30T10:21:59Z</time></trkpt><trkpt lat="9.864424" lon="-83.617414"><ele>762.809</ele><time>2022-04-30T10:22:05Z</time></trkpt><trkpt lat="9.864402" lon="-83.617428"><ele>762.212</ele><time>2022-04-30T10:22:07Z</time></trkpt><trkpt lat="9.864344" lon="-83.617441"><ele>761.281</ele><time>2022-04-30T10:22:12Z</time></trkpt><trkpt lat="9.864333" lon="-83.617443"><ele>761.080</ele><time>2022-04-30T10:22:13Z</time></trkpt><trkpt lat="9.864283" lon="-83.617453"><ele>759.851</ele><time>2022-04-30T10:22:18Z</time></trkpt><trkpt lat="9.864273" lon="-83.61745"><ele>759.819</ele><time>2022-04-30T10:22:19Z</time></trkpt><trkpt lat="9.864249" lon="-83.617448"><ele>759.497</ele><time>2022-04-30T10:22:21Z</time></trkpt><trkpt lat="9.864222" lon="-83.61746"><ele>758.858</ele><time>2022-04-30T10:22:23Z</time></trkpt><trkpt lat="9.864197" lon="-83.617467"><ele>758.494</ele><time>2022-04-30T10:22:25Z</time></trkpt><trkpt lat="9.864158" lon="-83.617473"><ele>757.696</ele><time>2022-04-30T10:22:28Z</time></trkpt><trkpt lat="9.864114" lon="-83.617473"><ele>756.812</ele><time>2022-04-30T10:22:31Z</time></trkpt><trkpt lat="9.864099" lon="-83.617482"><ele>756.432</ele><time>2022-04-30T10:22:32Z</time></trkpt><trkpt lat="9.864053" lon="-83.617496"><ele>755.805</ele><time>2022-04-30T10:22:35Z</time></trkpt><trkpt lat="9.864025" lon="-83.617517"><ele>755.209</ele><time>2022-04-30T10:22:38Z</time></trkpt><trkpt lat="9.863966" lon="-83.617541"><ele>754.442</ele><time>2022-04-30T10:22:44Z</time></trkpt><trkpt lat="9.863955" lon="-83.617545"><ele>754.041</ele><time>2022-04-30T10:22:45Z</time></trkpt><trkpt lat="9.863924" lon="-83.617561"><ele>753.410</ele><time>2022-04-30T10:22:48Z</time></trkpt><trkpt lat="9.863915" lon="-83.617565"><ele>753.431</ele><time>2022-04-30T10:22:49Z</time></trkpt><trkpt lat="9.863895" lon="-83.61758"><ele>752.879</ele><time>2022-04-30T10:22:51Z</time></trkpt><trkpt lat="9.863834" lon="-83.6176"><ele>752.057</ele><time>2022-04-30T10:22:56Z</time></trkpt><trkpt lat="9.863824" lon="-83.617603"><ele>751.858</ele><time>2022-04-30T10:22:57Z</time></trkpt><trkpt lat="9.863802" lon="-83.617603"><ele>751.434</ele><time>2022-04-30T10:22:59Z</time></trkpt><trkpt lat="9.863786" lon="-83.617608"><ele>751.276</ele><time>2022-04-30T10:23:01Z</time></trkpt><trkpt lat="9.863759" lon="-83.617607"><ele>750.888</ele><time>2022-04-30T10:23:05Z</time></trkpt><trkpt lat="9.863749" lon="-83.6176"><ele>750.424</ele><time>2022-04-30T10:23:08Z</time></trkpt><trkpt lat="9.863746" lon="-83.617585"><ele>749.826</ele><time>2022-04-30T10:23:26Z</time></trkpt><trkpt lat="9.863746" lon="-83.617585"><ele>750.009</ele><time>2022-04-30T10:23:30Z</time></trkpt><trkpt lat="9.863695" lon="-83.617579"><ele>749.889</ele><time>2022-04-30T10:24:19Z</time></trkpt><trkpt lat="9.863673" lon="-83.61758"><ele>749.868</ele><time>2022-04-30T10:24:21Z</time></trkpt><trkpt lat="9.863611" lon="-83.617579"><ele>749.257</ele><time>2022-04-30T10:24:26Z</time></trkpt><trkpt lat="9.863599" lon="-83.61758"><ele>749.258</ele><time>2022-04-30T10:24:27Z</time></trkpt><trkpt lat="9.863579" lon="-83.617586"><ele>749.056</ele><time>2022-04-30T10:24:29Z</time></trkpt><trkpt lat="9.863549" lon="-83.617591"><ele>748.634</ele><time>2022-04-30T10:24:32Z</time></trkpt><trkpt lat="9.86354" lon="-83.61759"><ele>748.645</ele><time>2022-04-30T10:24:33Z</time></trkpt><trkpt lat="9.863475" lon="-83.617571"><ele>748.011</ele><time>2022-04-30T10:24:39Z</time></trkpt><trkpt lat="9.863465" lon="-83.61757"><ele>748.013</ele><time>2022-04-30T10:24:40Z</time></trkpt><trkpt lat="9.863428" lon="-83.617552"><ele>747.841</ele><time>2022-04-30T10:24:43Z</time></trkpt><trkpt lat="9.863409" lon="-83.617545"><ele>747.881</ele><time>2022-04-30T10:24:44Z</time></trkpt><trkpt lat="9.863364" lon="-83.617528"><ele>747.609</ele><time>2022-04-30T10:24:47Z</time></trkpt><trkpt lat="9.863284" lon="-83.617493"><ele>747.009</ele><time>2022-04-30T10:24:54Z</time></trkpt><trkpt lat="9.863275" lon="-83.617486"><ele>746.845</ele><time>2022-04-30T10:24:55Z</time></trkpt><trkpt lat="9.86326" lon="-83.617471"><ele>746.894</ele><time>2022-04-30T10:24:57Z</time></trkpt><trkpt lat="9.86322" lon="-83.617462"><ele>746.683</ele><time>2022-04-30T10:25:00Z</time></trkpt><trkpt lat="9.863183" lon="-83.617465"><ele>746.454</ele><time>2022-04-30T10:25:04Z</time></trkpt><trkpt lat="9.863166" lon="-83.617457"><ele>746.272</ele><time>2022-04-30T10:25:06Z</time></trkpt><trkpt lat="9.863149" lon="-83.617437"><ele>746.260</ele><time>2022-04-30T10:25:08Z</time></trkpt><trkpt lat="9.863109" lon="-83.617432"><ele>746.231</ele><time>2022-04-30T10:25:12Z</time></trkpt><trkpt lat="9.863047" lon="-83.617402"><ele>745.887</ele><time>2022-04-30T10:25:18Z</time></trkpt><trkpt lat="9.863028" lon="-83.617394"><ele>745.689</ele><time>2022-04-30T10:25:20Z</time></trkpt><trkpt lat="9.863017" lon="-83.617389"><ele>745.619</ele><time>2022-04-30T10:25:21Z</time></trkpt><trkpt lat="9.86299" lon="-83.61738"><ele>745.609</ele><time>2022-04-30T10:25:23Z</time></trkpt><trkpt lat="9.862956" lon="-83.617369"><ele>745.219</ele><time>2022-04-30T10:25:26Z</time></trkpt><trkpt lat="9.862901" lon="-83.617354"><ele>745.009</ele><time>2022-04-30T10:25:31Z</time></trkpt><trkpt lat="9.862888" lon="-83.61736"><ele>745.082</ele><time>2022-04-30T10:25:32Z</time></trkpt><trkpt lat="9.862873" lon="-83.617362"><ele>745.081</ele><time>2022-04-30T10:25:33Z</time></trkpt><trkpt lat="9.862862" lon="-83.617357"><ele>745.010</ele><time>2022-04-30T10:25:34Z</time></trkpt><trkpt lat="9.862827" lon="-83.617339"><ele>744.851</ele><time>2022-04-30T10:25:37Z</time></trkpt><trkpt lat="9.862805" lon="-83.617333"><ele>744.429</ele><time>2022-04-30T10:25:39Z</time></trkpt><trkpt lat="9.862781" lon="-83.617328"><ele>744.227</ele><time>2022-04-30T10:25:42Z</time></trkpt><trkpt lat="9.862737" lon="-83.617313"><ele>744.068</ele><time>2022-04-30T10:25:46Z</time></trkpt><trkpt lat="9.862714" lon="-83.617301"><ele>743.884</ele><time>2022-04-30T10:25:48Z</time></trkpt><trkpt lat="9.862663" lon="-83.617279"><ele>743.416</ele><time>2022-04-30T10:25:53Z</time></trkpt><trkpt lat="9.862564" lon="-83.617276"><ele>743.234</ele><time>2022-04-30T10:26:00Z</time></trkpt><trkpt lat="9.862544" lon="-83.617272"><ele>743.255</ele><time>2022-04-30T10:26:02Z</time></trkpt><trkpt lat="9.862528" lon="-83.617267"><ele>743.010</ele><time>2022-04-30T10:26:04Z</time></trkpt><trkpt lat="9.862523" lon="-83.617256"><ele>743.009</ele><time>2022-04-30T10:26:05Z</time></trkpt><trkpt lat="9.862504" lon="-83.617238"><ele>742.864</ele><time>2022-04-30T10:26:07Z</time></trkpt><trkpt lat="9.862481" lon="-83.617232"><ele>742.643</ele><time>2022-04-30T10:26:09Z</time></trkpt><trkpt lat="9.862432" lon="-83.617222"><ele>742.682</ele><time>2022-04-30T10:26:12Z</time></trkpt><trkpt lat="9.862408" lon="-83.617217"><ele>742.493</ele><time>2022-04-30T10:26:14Z</time></trkpt><trkpt lat="9.862382" lon="-83.617206"><ele>742.441</ele><time>2022-04-30T10:26:16Z</time></trkpt><trkpt lat="9.862368" lon="-83.617196"><ele>742.449</ele><time>2022-04-30T10:26:17Z</time></trkpt><trkpt lat="9.862319" lon="-83.617183"><ele>742.470</ele><time>2022-04-30T10:26:21Z</time></trkpt><trkpt lat="9.862285" lon="-83.617181"><ele>742.226</ele><time>2022-04-30T10:26:23Z</time></trkpt><trkpt lat="9.862197" lon="-83.617154"><ele>742.238</ele><time>2022-04-30T10:26:30Z</time></trkpt><trkpt lat="9.86215" lon="-83.617132"><ele>742.074</ele><time>2022-04-30T10:26:33Z</time></trkpt><trkpt lat="9.86211" lon="-83.617105"><ele>741.856</ele><time>2022-04-30T10:26:36Z</time></trkpt><trkpt lat="9.862029" lon="-83.61708"><ele>741.621</ele><time>2022-04-30T10:26:43Z</time></trkpt><trkpt lat="9.861932" lon="-83.61707"><ele>741.609</ele><time>2022-04-30T10:26:50Z</time></trkpt><trkpt lat="9.861917" lon="-83.617066"><ele>741.698</ele><time>2022-04-30T10:26:51Z</time></trkpt><trkpt lat="9.861837" lon="-83.617082"><ele>741.287</ele><time>2022-04-30T10:26:57Z</time></trkpt><trkpt lat="9.861806" lon="-83.617098"><ele>741.096</ele><time>2022-04-30T10:27:00Z</time></trkpt><trkpt lat="9.861773" lon="-83.617122"><ele>741.297</ele><time>2022-04-30T10:27:03Z</time></trkpt><trkpt lat="9.861709" lon="-83.617197"><ele>740.885</ele><time>2022-04-30T10:27:09Z</time></trkpt><trkpt lat="9.861682" lon="-83.617225"><ele>740.893</ele><time>2022-04-30T10:27:11Z</time></trkpt><trkpt lat="9.861631" lon="-83.617297"><ele>740.424</ele><time>2022-04-30T10:27:17Z</time></trkpt><trkpt lat="9.861602" lon="-83.617359"><ele>739.870</ele><time>2022-04-30T10:27:23Z</time></trkpt><trkpt lat="9.861589" lon="-83.61738"><ele>739.622</ele><time>2022-04-30T10:27:26Z</time></trkpt><trkpt lat="9.861554" lon="-83.617449"><ele>738.852</ele><time>2022-04-30T10:27:32Z</time></trkpt><trkpt lat="9.861547" lon="-83.617461"><ele>738.653</ele><time>2022-04-30T10:27:33Z</time></trkpt><trkpt lat="9.861517" lon="-83.617524"><ele>737.808</ele><time>2022-04-30T10:27:38Z</time></trkpt><trkpt lat="9.8615" lon="-83.617541"><ele>737.409</ele><time>2022-04-30T10:27:40Z</time></trkpt><trkpt lat="9.861491" lon="-83.617552"><ele>737.286</ele><time>2022-04-30T10:27:41Z</time></trkpt><trkpt lat="9.861437" lon="-83.617616"><ele>737.085</ele><time>2022-04-30T10:27:47Z</time></trkpt><trkpt lat="9.861416" lon="-83.617636"><ele>736.894</ele><time>2022-04-30T10:27:49Z</time></trkpt><trkpt lat="9.861388" lon="-83.61766"><ele>736.875</ele><time>2022-04-30T10:27:51Z</time></trkpt><trkpt lat="9.861328" lon="-83.617699"><ele>736.623</ele><time>2022-04-30T10:27:55Z</time></trkpt><trkpt lat="9.861214" lon="-83.617771"><ele>736.681</ele><time>2022-04-30T10:28:04Z</time></trkpt><trkpt lat="9.86117" lon="-83.61782"><ele>736.262</ele><time>2022-04-30T10:28:09Z</time></trkpt><trkpt lat="9.86116" lon="-83.617832"><ele>736.218</ele><time>2022-04-30T10:28:10Z</time></trkpt><trkpt lat="9.861136" lon="-83.617857"><ele>736.040</ele><time>2022-04-30T10:28:13Z</time></trkpt><trkpt lat="9.861116" lon="-83.617873"><ele>735.892</ele><time>2022-04-30T10:28:15Z</time></trkpt><trkpt lat="9.861099" lon="-83.617894"><ele>735.873</ele><time>2022-04-30T10:28:17Z</time></trkpt><trkpt lat="9.861079" lon="-83.617929"><ele>735.420</ele><time>2022-04-30T10:28:20Z</time></trkpt><trkpt lat="9.861063" lon="-83.61794"><ele>735.209</ele><time>2022-04-30T10:28:22Z</time></trkpt><trkpt lat="9.861055" lon="-83.617951"><ele>735.050</ele><time>2022-04-30T10:28:23Z</time></trkpt><trkpt lat="9.861036" lon="-83.617975"><ele>734.899</ele><time>2022-04-30T10:28:25Z</time></trkpt><trkpt lat="9.861018" lon="-83.618032"><ele>734.258</ele><time>2022-04-30T10:28:29Z</time></trkpt><trkpt lat="9.860978" lon="-83.618065"><ele>733.899</ele><time>2022-04-30T10:28:33Z</time></trkpt><trkpt lat="9.860948" lon="-83.618087"><ele>733.427</ele><time>2022-04-30T10:28:36Z</time></trkpt><trkpt lat="9.860922" lon="-83.618094"><ele>733.075</ele><time>2022-04-30T10:28:38Z</time></trkpt><trkpt lat="9.860913" lon="-83.618106"><ele>732.876</ele><time>2022-04-30T10:28:40Z</time></trkpt><trkpt lat="9.860912" lon="-83.618111"><ele>732.422</ele><time>2022-04-30T10:28:42Z</time></trkpt><trkpt lat="9.860906" lon="-83.618124"><ele>732.014</ele><time>2022-04-30T10:28:45Z</time></trkpt><trkpt lat="9.860897" lon="-83.618133"><ele>731.681</ele><time>2022-04-30T10:28:47Z</time></trkpt><trkpt lat="9.860897" lon="-83.618132"><ele>731.661</ele><time>2022-04-30T10:28:48Z</time></trkpt><trkpt lat="9.860897" lon="-83.618131"><ele>731.417</ele><time>2022-04-30T10:28:59Z</time></trkpt><trkpt lat="9.860895" lon="-83.618129"><ele>730.609</ele><time>2022-04-30T10:29:15Z</time></trkpt><trkpt lat="9.860885" lon="-83.618135"><ele>731.429</ele><time>2022-04-30T10:33:31Z</time></trkpt><trkpt lat="9.860874" lon="-83.618126"><ele>731.498</ele><time>2022-04-30T10:33:32Z</time></trkpt><trkpt lat="9.860782" lon="-83.618067"><ele>731.097</ele><time>2022-04-30T10:33:39Z</time></trkpt><trkpt lat="9.860756" lon="-83.618057"><ele>730.858</ele><time>2022-04-30T10:33:41Z</time></trkpt><trkpt lat="9.860728" lon="-83.618019"><ele>730.686</ele><time>2022-04-30T10:33:44Z</time></trkpt><trkpt lat="9.860668" lon="-83.61797"><ele>730.484</ele><time>2022-04-30T10:33:50Z</time></trkpt><trkpt lat="9.860628" lon="-83.617943"><ele>730.475</ele><time>2022-04-30T10:33:54Z</time></trkpt><trkpt lat="9.860614" lon="-83.617915"><ele>730.241</ele><time>2022-04-30T10:33:56Z</time></trkpt><trkpt lat="9.860605" lon="-83.617903"><ele>730.233</ele><time>2022-04-30T10:33:57Z</time></trkpt><trkpt lat="9.860572" lon="-83.617886"><ele>730.252</ele><time>2022-04-30T10:34:00Z</time></trkpt><trkpt lat="9.86047" lon="-83.617844"><ele>730.253</ele><time>2022-04-30T10:34:07Z</time></trkpt><trkpt lat="9.860387" lon="-83.617826"><ele>730.608</ele><time>2022-04-30T10:34:13Z</time></trkpt><trkpt lat="9.860337" lon="-83.617811"><ele>730.809</ele><time>2022-04-30T10:34:17Z</time></trkpt><trkpt lat="9.860312" lon="-83.617812"><ele>730.876</ele><time>2022-04-30T10:34:19Z</time></trkpt><trkpt lat="9.860215" lon="-83.617763"><ele>731.095</ele><time>2022-04-30T10:34:26Z</time></trkpt><trkpt lat="9.860203" lon="-83.61775"><ele>731.234</ele><time>2022-04-30T10:34:27Z</time></trkpt><trkpt lat="9.860115" lon="-83.617698"><ele>731.465</ele><time>2022-04-30T10:34:34Z</time></trkpt><trkpt lat="9.860088" lon="-83.617698"><ele>731.433</ele><time>2022-04-30T10:34:36Z</time></trkpt><trkpt lat="9.859976" lon="-83.617627"><ele>732.431</ele><time>2022-04-30T10:34:45Z</time></trkpt><trkpt lat="9.859915" lon="-83.617608"><ele>733.032</ele><time>2022-04-30T10:34:50Z</time></trkpt><trkpt lat="9.859901" lon="-83.617602"><ele>733.078</ele><time>2022-04-30T10:34:51Z</time></trkpt><trkpt lat="9.85989" lon="-83.617597"><ele>733.050</ele><time>2022-04-30T10:34:52Z</time></trkpt><trkpt lat="9.859827" lon="-83.617558"><ele>733.252</ele><time>2022-04-30T10:34:57Z</time></trkpt><trkpt lat="9.859777" lon="-83.617544"><ele>733.653</ele><time>2022-04-30T10:35:01Z</time></trkpt><trkpt lat="9.859767" lon="-83.617539"><ele>733.808</ele><time>2022-04-30T10:35:02Z</time></trkpt><trkpt lat="9.859756" lon="-83.617537"><ele>734.009</ele><time>2022-04-30T10:35:03Z</time></trkpt><trkpt lat="9.85965" lon="-83.617537"><ele>734.886</ele><time>2022-04-30T10:35:11Z</time></trkpt><trkpt lat="9.859619" lon="-83.617529"><ele>735.025</ele><time>2022-04-30T10:35:13Z</time></trkpt><trkpt lat="9.859573" lon="-83.61754"><ele>735.424</ele><time>2022-04-30T10:35:17Z</time></trkpt><trkpt lat="9.859544" lon="-83.617562"><ele>735.615</ele><time>2022-04-30T10:35:19Z</time></trkpt><trkpt lat="9.859471" lon="-83.617671"><ele>736.043</ele><time>2022-04-30T10:35:26Z</time></trkpt><trkpt lat="9.859463" lon="-83.617676"><ele>736.031</ele><time>2022-04-30T10:35:27Z</time></trkpt><trkpt lat="9.859453" lon="-83.617715"><ele>736.092</ele><time>2022-04-30T10:35:33Z</time></trkpt><trkpt lat="9.859455" lon="-83.617735"><ele>736.018</ele><time>2022-04-30T10:35:43Z</time></trkpt><trkpt lat="9.859454" lon="-83.61776"><ele>736.030</ele><time>2022-04-30T10:35:45Z</time></trkpt><trkpt lat="9.859459" lon="-83.617849"><ele>736.284</ele><time>2022-04-30T10:35:54Z</time></trkpt><trkpt lat="9.859448" lon="-83.61789"><ele>736.607</ele><time>2022-04-30T10:35:59Z</time></trkpt><trkpt lat="9.859405" lon="-83.617969"><ele>737.017</ele><time>2022-04-30T10:36:04Z</time></trkpt><trkpt lat="9.859395" lon="-83.618004"><ele>737.209</ele><time>2022-04-30T10:36:07Z</time></trkpt><trkpt lat="9.859382" lon="-83.618035"><ele>737.419</ele><time>2022-04-30T10:36:10Z</time></trkpt><trkpt lat="9.859379" lon="-83.618042"><ele>737.478</ele><time>2022-04-30T10:36:11Z</time></trkpt><trkpt lat="9.859375" lon="-83.618064"><ele>737.617</ele><time>2022-04-30T10:36:13Z</time></trkpt><trkpt lat="9.859377" lon="-83.618102"><ele>738.058</ele><time>2022-04-30T10:36:16Z</time></trkpt><trkpt lat="9.859357" lon="-83.618144"><ele>738.466</ele><time>2022-04-30T10:36:22Z</time></trkpt><trkpt lat="9.859349" lon="-83.618148"><ele>738.454</ele><time>2022-04-30T10:36:23Z</time></trkpt><trkpt lat="9.859334" lon="-83.618156"><ele>738.885</ele><time>2022-04-30T10:36:25Z</time></trkpt><trkpt lat="9.859303" lon="-83.618184"><ele>739.221</ele><time>2022-04-30T10:36:29Z</time></trkpt><trkpt lat="9.859274" lon="-83.618209"><ele>739.223</ele><time>2022-04-30T10:36:32Z</time></trkpt><trkpt lat="9.859242" lon="-83.618242"><ele>739.251</ele><time>2022-04-30T10:36:36Z</time></trkpt><trkpt lat="9.859223" lon="-83.618253"><ele>739.201</ele><time>2022-04-30T10:36:39Z</time></trkpt><trkpt lat="9.859208" lon="-83.618255"><ele>739.011</ele><time>2022-04-30T10:36:41Z</time></trkpt><trkpt lat="9.859164" lon="-83.618248"><ele>739.009</ele><time>2022-04-30T10:36:44Z</time></trkpt><trkpt lat="9.859138" lon="-83.618247"><ele>739.036</ele><time>2022-04-30T10:36:46Z</time></trkpt><trkpt lat="9.859109" lon="-83.618253"><ele>739.025</ele><time>2022-04-30T10:36:48Z</time></trkpt><trkpt lat="9.859097" lon="-83.618257"><ele>738.834</ele><time>2022-04-30T10:36:49Z</time></trkpt><trkpt lat="9.859084" lon="-83.618258"><ele>738.865</ele><time>2022-04-30T10:36:50Z</time></trkpt><trkpt lat="9.859059" lon="-83.618256"><ele>738.463</ele><time>2022-04-30T10:36:52Z</time></trkpt><trkpt lat="9.859036" lon="-83.618259"><ele>738.281</ele><time>2022-04-30T10:36:54Z</time></trkpt><trkpt lat="9.858996" lon="-83.618253"><ele>738.072</ele><time>2022-04-30T10:36:57Z</time></trkpt><trkpt lat="9.858989" lon="-83.618252"><ele>738.088</ele><time>2022-04-30T10:36:58Z</time></trkpt><trkpt lat="9.858962" lon="-83.618226"><ele>737.870</ele><time>2022-04-30T10:37:01Z</time></trkpt><trkpt lat="9.858916" lon="-83.618196"><ele>737.672</ele><time>2022-04-30T10:37:06Z</time></trkpt><trkpt lat="9.8589" lon="-83.618183"><ele>737.213</ele><time>2022-04-30T10:37:08Z</time></trkpt><trkpt lat="9.85889" lon="-83.618177"><ele>737.014</ele><time>2022-04-30T10:37:09Z</time></trkpt><trkpt lat="9.858818" lon="-83.618142"><ele>736.409</ele><time>2022-04-30T10:37:15Z</time></trkpt><trkpt lat="9.858792" lon="-83.618122"><ele>736.288</ele><time>2022-04-30T10:37:17Z</time></trkpt><trkpt lat="9.858747" lon="-83.618099"><ele>735.837</ele><time>2022-04-30T10:37:21Z</time></trkpt><trkpt lat="9.858691" lon="-83.618059"><ele>735.216</ele><time>2022-04-30T10:37:27Z</time></trkpt><trkpt lat="9.858681" lon="-83.618049"><ele>735.277</ele><time>2022-04-30T10:37:28Z</time></trkpt><trkpt lat="9.858623" lon="-83.617989"><ele>735.445</ele><time>2022-04-30T10:37:34Z</time></trkpt><trkpt lat="9.858585" lon="-83.617942"><ele>735.453</ele><time>2022-04-30T10:37:39Z</time></trkpt><trkpt lat="9.85855" lon="-83.617924"><ele>735.244</ele><time>2022-04-30T10:37:42Z</time></trkpt><trkpt lat="9.85854" lon="-83.617916"><ele>735.230</ele><time>2022-04-30T10:37:43Z</time></trkpt><trkpt lat="9.858436" lon="-83.617814"><ele>735.092</ele><time>2022-04-30T10:37:52Z</time></trkpt><trkpt lat="9.858347" lon="-83.617703"><ele>735.273</ele><time>2022-04-30T10:38:00Z</time></trkpt><trkpt lat="9.858308" lon="-83.61768"><ele>735.085</ele><time>2022-04-30T10:38:04Z</time></trkpt><trkpt lat="9.858258" lon="-83.617681"><ele>735.013</ele><time>2022-04-30T10:38:08Z</time></trkpt><trkpt lat="9.858109" lon="-83.617619"><ele>734.809</ele><time>2022-04-30T10:38:19Z</time></trkpt><trkpt lat="9.858101" lon="-83.617613"><ele>734.868</ele><time>2022-04-30T10:38:20Z</time></trkpt><trkpt lat="9.858089" lon="-83.617596"><ele>734.847</ele><time>2022-04-30T10:38:23Z</time></trkpt><trkpt lat="9.858058" lon="-83.617573"><ele>735.216</ele><time>2022-04-30T10:38:26Z</time></trkpt><trkpt lat="9.858043" lon="-83.61757"><ele>735.257</ele><time>2022-04-30T10:38:28Z</time></trkpt><trkpt lat="9.85803" lon="-83.617571"><ele>735.055</ele><time>2022-04-30T10:38:54Z</time></trkpt><trkpt lat="9.858026" lon="-83.617582"><ele>734.833</ele><time>2022-04-30T10:39:07Z</time></trkpt><trkpt lat="9.857996" lon="-83.617526"><ele>735.094</ele><time>2022-04-30T10:39:42Z</time></trkpt><trkpt lat="9.85799" lon="-83.617513"><ele>735.020</ele><time>2022-04-30T10:39:43Z</time></trkpt><trkpt lat="9.857969" lon="-83.617469"><ele>735.252</ele><time>2022-04-30T10:39:46Z</time></trkpt><trkpt lat="9.857957" lon="-83.617438"><ele>735.665</ele><time>2022-04-30T10:39:48Z</time></trkpt><trkpt lat="9.85791" lon="-83.617329"><ele>735.868</ele><time>2022-04-30T10:39:56Z</time></trkpt><trkpt lat="9.857866" lon="-83.617271"><ele>736.414</ele><time>2022-04-30T10:40:02Z</time></trkpt><trkpt lat="9.857835" lon="-83.617248"><ele>736.409</ele><time>2022-04-30T10:40:04Z</time></trkpt><trkpt lat="9.857775" lon="-83.617251"><ele>737.447</ele><time>2022-04-30T10:40:09Z</time></trkpt><trkpt lat="9.857718" lon="-83.617252"><ele>738.036</ele><time>2022-04-30T10:40:14Z</time></trkpt><trkpt lat="9.857653" lon="-83.617298"><ele>738.635</ele><time>2022-04-30T10:40:20Z</time></trkpt><trkpt lat="9.857634" lon="-83.617318"><ele>738.846</ele><time>2022-04-30T10:40:23Z</time></trkpt><trkpt lat="9.857616" lon="-83.617327"><ele>739.044</ele><time>2022-04-30T10:40:24Z</time></trkpt><trkpt lat="9.857604" lon="-83.617335"><ele>739.472</ele><time>2022-04-30T10:40:27Z</time></trkpt><trkpt lat="9.857557" lon="-83.617359"><ele>739.853</ele><time>2022-04-30T10:40:30Z</time></trkpt><trkpt lat="9.857512" lon="-83.617383"><ele>740.269</ele><time>2022-04-30T10:40:33Z</time></trkpt><trkpt lat="9.857483" lon="-83.617398"><ele>740.421</ele><time>2022-04-30T10:40:35Z</time></trkpt><trkpt lat="9.857447" lon="-83.617408"><ele>741.047</ele><time>2022-04-30T10:40:38Z</time></trkpt><trkpt lat="9.85743" lon="-83.617405"><ele>741.229</ele><time>2022-04-30T10:40:39Z</time></trkpt><trkpt lat="9.857419" lon="-83.617413"><ele>741.221</ele><time>2022-04-30T10:40:40Z</time></trkpt><trkpt lat="9.857346" lon="-83.617433"><ele>743.009</ele><time>2022-04-30T10:46:22Z</time></trkpt><trkpt lat="9.857353" lon="-83.61743"><ele>743.235</ele><time>2022-04-30T10:47:16Z</time></trkpt><trkpt lat="9.857317" lon="-83.617424"><ele>743.674</ele><time>2022-04-30T10:47:43Z</time></trkpt><trkpt lat="9.857276" lon="-83.617441"><ele>743.643</ele><time>2022-04-30T10:47:49Z</time></trkpt><trkpt lat="9.857188" lon="-83.617459"><ele>744.054</ele><time>2022-04-30T10:47:56Z</time></trkpt><trkpt lat="9.85711" lon="-83.617456"><ele>743.652</ele><time>2022-04-30T10:48:02Z</time></trkpt><trkpt lat="9.857099" lon="-83.617466"><ele>743.610</ele><time>2022-04-30T10:48:03Z</time></trkpt><trkpt lat="9.857062" lon="-83.617471"><ele>743.451</ele><time>2022-04-30T10:48:06Z</time></trkpt><trkpt lat="9.857015" lon="-83.617466"><ele>743.077</ele><time>2022-04-30T10:48:10Z</time></trkpt><trkpt lat="9.856981" lon="-83.617459"><ele>742.489</ele><time>2022-04-30T10:48:13Z</time></trkpt><trkpt lat="9.856941" lon="-83.617451"><ele>742.212</ele><time>2022-04-30T10:48:17Z</time></trkpt><trkpt lat="9.856917" lon="-83.617448"><ele>742.232</ele><time>2022-04-30T10:48:19Z</time></trkpt><trkpt lat="9.856883" lon="-83.61744"><ele>741.605</ele><time>2022-04-30T10:48:22Z</time></trkpt><trkpt lat="9.85686" lon="-83.617435"><ele>741.609</ele><time>2022-04-30T10:48:24Z</time></trkpt><trkpt lat="9.856841" lon="-83.617439"><ele>741.262</ele><time>2022-04-30T10:48:26Z</time></trkpt><trkpt lat="9.856803" lon="-83.617432"><ele>740.831</ele><time>2022-04-30T10:48:30Z</time></trkpt><trkpt lat="9.856791" lon="-83.617427"><ele>740.460</ele><time>2022-04-30T10:48:31Z</time></trkpt><trkpt lat="9.856713" lon="-83.617434"><ele>739.631</ele><time>2022-04-30T10:48:37Z</time></trkpt><trkpt lat="9.856678" lon="-83.617433"><ele>739.489</ele><time>2022-04-30T10:48:40Z</time></trkpt><trkpt lat="9.856639" lon="-83.617468"><ele>739.017</ele><time>2022-04-30T10:48:44Z</time></trkpt><trkpt lat="9.856627" lon="-83.61747"><ele>738.888</ele><time>2022-04-30T10:48:45Z</time></trkpt><trkpt lat="9.856573" lon="-83.617458"><ele>738.484</ele><time>2022-04-30T10:48:49Z</time></trkpt><trkpt lat="9.856467" lon="-83.61745"><ele>737.416</ele><time>2022-04-30T10:48:56Z</time></trkpt><trkpt lat="9.85644" lon="-83.617454"><ele>737.251</ele><time>2022-04-30T10:48:58Z</time></trkpt><trkpt lat="9.856407" lon="-83.617462"><ele>737.001</ele><time>2022-04-30T10:49:02Z</time></trkpt><trkpt lat="9.856337" lon="-83.617458"><ele>736.411</ele><time>2022-04-30T10:49:06Z</time></trkpt><trkpt lat="9.85629" lon="-83.617451"><ele>735.809</ele><time>2022-04-30T10:49:11Z</time></trkpt><trkpt lat="9.856247" lon="-83.617446"><ele>735.486</ele><time>2022-04-30T10:49:14Z</time></trkpt><trkpt lat="9.856226" lon="-83.617449"><ele>735.035</ele><time>2022-04-30T10:49:17Z</time></trkpt><trkpt lat="9.856143" lon="-83.617441"><ele>734.474</ele><time>2022-04-30T10:49:22Z</time></trkpt><trkpt lat="9.856121" lon="-83.617438"><ele>733.845</ele><time>2022-04-30T10:49:26Z</time></trkpt><trkpt lat="9.856106" lon="-83.617434"><ele>733.493</ele><time>2022-04-30T10:49:28Z</time></trkpt><trkpt lat="9.856085" lon="-83.617434"><ele>733.241</ele><time>2022-04-30T10:49:30Z</time></trkpt><trkpt lat="9.856073" lon="-83.617429"><ele>733.082</ele><time>2022-04-30T10:49:31Z</time></trkpt><trkpt lat="9.856022" lon="-83.617451"><ele>732.478</ele><time>2022-04-30T10:49:37Z</time></trkpt><trkpt lat="9.856011" lon="-83.617454"><ele>732.220</ele><time>2022-04-30T10:49:38Z</time></trkpt><trkpt lat="9.855982" lon="-83.617464"><ele>731.822</ele><time>2022-04-30T10:49:41Z</time></trkpt><trkpt lat="9.855951" lon="-83.617475"><ele>731.462</ele><time>2022-04-30T10:49:44Z</time></trkpt><trkpt lat="9.855929" lon="-83.617483"><ele>731.208</ele><time>2022-04-30T10:49:46Z</time></trkpt><trkpt lat="9.855884" lon="-83.617488"><ele>730.609</ele><time>2022-04-30T10:49:50Z</time></trkpt><trkpt lat="9.855849" lon="-83.617496"><ele>730.293</ele><time>2022-04-30T10:49:53Z</time></trkpt><trkpt lat="9.855792" lon="-83.617518"><ele>729.622</ele><time>2022-04-30T10:49:58Z</time></trkpt><trkpt lat="9.855727" lon="-83.617542"><ele>728.851</ele><time>2022-04-30T10:50:03Z</time></trkpt><trkpt lat="9.855687" lon="-83.617567"><ele>728.272</ele><time>2022-04-30T10:50:07Z</time></trkpt><trkpt lat="9.855676" lon="-83.617565"><ele>728.220</ele><time>2022-04-30T10:50:08Z</time></trkpt><trkpt lat="9.855667" lon="-83.617562"><ele>728.098</ele><time>2022-04-30T10:50:09Z</time></trkpt><trkpt lat="9.855647" lon="-83.617567"><ele>727.859</ele><time>2022-04-30T10:50:11Z</time></trkpt><trkpt lat="9.855625" lon="-83.617569"><ele>727.235</ele><time>2022-04-30T10:50:14Z</time></trkpt><trkpt lat="9.855554" lon="-83.617584"><ele>726.887</ele><time>2022-04-30T10:50:22Z</time></trkpt><trkpt lat="9.855544" lon="-83.617585"><ele>726.668</ele><time>2022-04-30T10:50:23Z</time></trkpt><trkpt lat="9.855489" lon="-83.617597"><ele>726.242</ele><time>2022-04-30T10:50:30Z</time></trkpt><trkpt lat="9.855439" lon="-83.617601"><ele>725.826</ele><time>2022-04-30T10:50:35Z</time></trkpt><trkpt lat="9.855427" lon="-83.617603"><ele>725.809</ele><time>2022-04-30T10:50:36Z</time></trkpt><trkpt lat="9.855414" lon="-83.617602"><ele>725.647</ele><time>2022-04-30T10:50:37Z</time></trkpt><trkpt lat="9.855401" lon="-83.617592"><ele>725.446</ele><time>2022-04-30T10:50:39Z</time></trkpt><trkpt lat="9.855401" lon="-83.617577"><ele>725.215</ele><time>2022-04-30T10:50:41Z</time></trkpt><trkpt lat="9.855395" lon="-83.617563"><ele>725.056</ele><time>2022-04-30T10:50:44Z</time></trkpt><trkpt lat="9.855385" lon="-83.617549"><ele>724.834</ele><time>2022-04-30T10:50:46Z</time></trkpt><trkpt lat="9.855382" lon="-83.617545"><ele>724.632</ele><time>2022-04-30T10:50:47Z</time></trkpt><trkpt lat="9.855392" lon="-83.617513"><ele>723.673</ele><time>2022-04-30T10:50:53Z</time></trkpt><trkpt lat="9.855395" lon="-83.61751"><ele>723.619</ele><time>2022-04-30T10:50:54Z</time></trkpt><trkpt lat="9.85541" lon="-83.617495"><ele>723.061</ele><time>2022-04-30T10:50:58Z</time></trkpt><trkpt lat="9.855423" lon="-83.617493"><ele>722.691</ele><time>2022-04-30T10:51:00Z</time></trkpt><trkpt lat="9.855454" lon="-83.61747"><ele>721.881</ele><time>2022-04-30T10:51:05Z</time></trkpt><trkpt lat="9.855464" lon="-83.617453"><ele>721.419</ele><time>2022-04-30T10:51:07Z</time></trkpt><trkpt lat="9.855474" lon="-83.617454"><ele>721.009</ele><time>2022-04-30T10:51:10Z</time></trkpt><trkpt lat="9.855526" lon="-83.617451"><ele>720.420</ele><time>2022-04-30T10:51:16Z</time></trkpt><trkpt lat="9.855525" lon="-83.617437"><ele>720.269</ele><time>2022-04-30T10:51:17Z</time></trkpt><trkpt lat="9.855576" lon="-83.617389"><ele>719.478</ele><time>2022-04-30T10:51:25Z</time></trkpt><trkpt lat="9.855584" lon="-83.617386"><ele>719.239</ele><time>2022-04-30T10:51:26Z</time></trkpt><trkpt lat="9.85559" lon="-83.617379"><ele>719.297</ele><time>2022-04-30T10:51:27Z</time></trkpt><trkpt lat="9.855602" lon="-83.617355"><ele>718.865</ele><time>2022-04-30T10:51:31Z</time></trkpt><trkpt lat="9.855614" lon="-83.617326"><ele>718.486</ele><time>2022-04-30T10:51:35Z</time></trkpt><trkpt lat="9.855623" lon="-83.617281"><ele>718.212</ele><time>2022-04-30T10:51:39Z</time></trkpt><trkpt lat="9.855624" lon="-83.617273"><ele>718.264</ele><time>2022-04-30T10:51:40Z</time></trkpt><trkpt lat="9.855636" lon="-83.617207"><ele>717.442</ele><time>2022-04-30T10:51:48Z</time></trkpt><trkpt lat="9.855636" lon="-83.617198"><ele>717.422</ele><time>2022-04-30T10:51:49Z</time></trkpt><trkpt lat="9.855641" lon="-83.61717"><ele>717.014</ele><time>2022-04-30T10:51:52Z</time></trkpt><trkpt lat="9.855644" lon="-83.617159"><ele>717.009</ele><time>2022-04-30T10:51:54Z</time></trkpt><trkpt lat="9.855645" lon="-83.617111"><ele>716.225</ele><time>2022-04-30T10:52:00Z</time></trkpt><trkpt lat="9.855645" lon="-83.617107"><ele>716.294</ele><time>2022-04-30T10:52:01Z</time></trkpt><trkpt lat="9.855637" lon="-83.617089"><ele>715.623</ele><time>2022-04-30T10:52:09Z</time></trkpt><trkpt lat="9.855626" lon="-83.617079"><ele>715.854</ele><time>2022-04-30T10:52:17Z</time></trkpt><trkpt lat="9.855636" lon="-83.617058"><ele>715.812</ele><time>2022-04-30T10:52:33Z</time></trkpt><trkpt lat="9.855644" lon="-83.617024"><ele>715.850</ele><time>2022-04-30T10:52:37Z</time></trkpt><trkpt lat="9.855643" lon="-83.61699"><ele>715.681</ele><time>2022-04-30T10:52:40Z</time></trkpt><trkpt lat="9.85564" lon="-83.616969"><ele>715.447</ele><time>2022-04-30T10:52:42Z</time></trkpt><trkpt lat="9.855641" lon="-83.616951"><ele>715.239</ele><time>2022-04-30T10:52:44Z</time></trkpt><trkpt lat="9.855649" lon="-83.616925"><ele>714.832</ele><time>2022-04-30T10:52:47Z</time></trkpt><trkpt lat="9.855636" lon="-83.616881"><ele>714.492</ele><time>2022-04-30T10:52:51Z</time></trkpt><trkpt lat="9.855659" lon="-83.616837"><ele>713.811</ele><time>2022-04-30T10:52:55Z</time></trkpt><trkpt lat="9.855664" lon="-83.616829"><ele>713.809</ele><time>2022-04-30T10:52:56Z</time></trkpt><trkpt lat="9.855664" lon="-83.616807"><ele>713.644</ele><time>2022-04-30T10:52:58Z</time></trkpt><trkpt lat="9.855668" lon="-83.616785"><ele>713.243</ele><time>2022-04-30T10:53:00Z</time></trkpt><trkpt lat="9.855669" lon="-83.616744"><ele>713.092</ele><time>2022-04-30T10:53:03Z</time></trkpt><trkpt lat="9.85568" lon="-83.616715"><ele>712.653</ele><time>2022-04-30T10:53:06Z</time></trkpt><trkpt lat="9.855672" lon="-83.616704"><ele>712.671</ele><time>2022-04-30T10:53:07Z</time></trkpt><trkpt lat="9.855667" lon="-83.616687"><ele>712.479</ele><time>2022-04-30T10:53:09Z</time></trkpt><trkpt lat="9.85566" lon="-83.616675"><ele>712.270</ele><time>2022-04-30T10:53:10Z</time></trkpt><trkpt lat="9.85566" lon="-83.616659"><ele>712.276</ele><time>2022-04-30T10:53:12Z</time></trkpt><trkpt lat="9.855642" lon="-83.616615"><ele>711.898</ele><time>2022-04-30T10:53:17Z</time></trkpt><trkpt lat="9.855625" lon="-83.616586"><ele>711.438</ele><time>2022-04-30T10:53:20Z</time></trkpt><trkpt lat="9.85562" lon="-83.616559"><ele>710.870</ele><time>2022-04-30T10:53:23Z</time></trkpt><trkpt lat="9.855599" lon="-83.616532"><ele>710.817</ele><time>2022-04-30T10:53:26Z</time></trkpt><trkpt lat="9.855583" lon="-83.616517"><ele>710.209</ele><time>2022-04-30T10:53:28Z</time></trkpt><trkpt lat="9.855575" lon="-83.616503"><ele>710.044</ele><time>2022-04-30T10:53:29Z</time></trkpt><trkpt lat="9.855539" lon="-83.616449"><ele>709.273</ele><time>2022-04-30T10:53:34Z</time></trkpt><trkpt lat="9.855526" lon="-83.616446"><ele>709.252</ele><time>2022-04-30T10:53:36Z</time></trkpt><trkpt lat="9.855471" lon="-83.616371"><ele>708.273</ele><time>2022-04-30T10:53:45Z</time></trkpt><trkpt lat="9.855449" lon="-83.616332"><ele>707.221</ele><time>2022-04-30T10:53:50Z</time></trkpt><trkpt lat="9.855447" lon="-83.616323"><ele>707.039</ele><time>2022-04-30T10:53:51Z</time></trkpt><trkpt lat="9.855443" lon="-83.61622"><ele>706.020</ele><time>2022-04-30T10:53:59Z</time></trkpt><trkpt lat="9.855441" lon="-83.616211"><ele>705.866</ele><time>2022-04-30T10:54:00Z</time></trkpt><trkpt lat="9.855424" lon="-83.61616"><ele>705.088</ele><time>2022-04-30T10:54:05Z</time></trkpt><trkpt lat="9.855403" lon="-83.616137"><ele>704.849</ele><time>2022-04-30T10:54:07Z</time></trkpt><trkpt lat="9.855396" lon="-83.616098"><ele>704.202</ele><time>2022-04-30T10:54:11Z</time></trkpt><trkpt lat="9.855401" lon="-83.616083"><ele>703.822</ele><time>2022-04-30T10:54:13Z</time></trkpt><trkpt lat="9.8554" lon="-83.616073"><ele>703.609</ele><time>2022-04-30T10:54:14Z</time></trkpt><trkpt lat="9.855385" lon="-83.616016"><ele>703.215</ele><time>2022-04-30T10:54:19Z</time></trkpt><trkpt lat="9.855379" lon="-83.615999"><ele>703.044</ele><time>2022-04-30T10:54:21Z</time></trkpt><trkpt lat="9.855378" lon="-83.61599"><ele>702.843</ele><time>2022-04-30T10:54:22Z</time></trkpt><trkpt lat="9.855371" lon="-83.615922"><ele>701.814</ele><time>2022-04-30T10:54:30Z</time></trkpt><trkpt lat="9.855363" lon="-83.615896"><ele>701.672</ele><time>2022-04-30T10:54:32Z</time></trkpt><trkpt lat="9.855345" lon="-83.615851"><ele>700.680</ele><time>2022-04-30T10:54:37Z</time></trkpt><trkpt lat="9.855328" lon="-83.615791"><ele>699.831</ele><time>2022-04-30T10:54:43Z</time></trkpt><trkpt lat="9.855322" lon="-83.615771"><ele>699.647</ele><time>2022-04-30T10:54:45Z</time></trkpt><trkpt lat="9.855301" lon="-83.615732"><ele>699.079</ele><time>2022-04-30T10:54:49Z</time></trkpt><trkpt lat="9.855248" lon="-83.615706"><ele>698.611</ele><time>2022-04-30T10:54:54Z</time></trkpt><trkpt lat="9.855224" lon="-83.615693"><ele>698.421</ele><time>2022-04-30T10:54:56Z</time></trkpt><trkpt lat="9.85513" lon="-83.615658"><ele>697.803</ele><time>2022-04-30T10:55:04Z</time></trkpt><trkpt lat="9.85512" lon="-83.61566"><ele>697.609</ele><time>2022-04-30T10:55:05Z</time></trkpt><trkpt lat="9.85507" lon="-83.61567"><ele>696.682</ele><time>2022-04-30T10:55:10Z</time></trkpt><trkpt lat="9.855051" lon="-83.615682"><ele>696.031</ele><time>2022-04-30T10:55:12Z</time></trkpt><trkpt lat="9.855014" lon="-83.615714"><ele>695.420</ele><time>2022-04-30T10:55:17Z</time></trkpt><trkpt lat="9.854997" lon="-83.615732"><ele>695.071</ele><time>2022-04-30T10:55:19Z</time></trkpt><trkpt lat="9.85494" lon="-83.615826"><ele>694.639</ele><time>2022-04-30T10:55:27Z</time></trkpt><trkpt lat="9.854934" lon="-83.615835"><ele>694.297</ele><time>2022-04-30T10:55:28Z</time></trkpt><trkpt lat="9.854929" lon="-83.615841"><ele>694.078</ele><time>2022-04-30T10:55:29Z</time></trkpt><trkpt lat="9.854921" lon="-83.615885"><ele>693.894</ele><time>2022-04-30T10:55:33Z</time></trkpt><trkpt lat="9.854928" lon="-83.615882"><ele>693.636</ele><time>2022-04-30T10:55:39Z</time></trkpt><trkpt lat="9.85493" lon="-83.615878"><ele>693.461</ele><time>2022-04-30T10:55:43Z</time></trkpt><trkpt lat="9.854933" lon="-83.615877"><ele>692.821</ele><time>2022-04-30T10:55:51Z</time></trkpt><trkpt lat="9.854938" lon="-83.615902"><ele>692.813</ele><time>2022-04-30T10:55:55Z</time></trkpt><trkpt lat="9.854942" lon="-83.615915"><ele>692.809</ele><time>2022-04-30T10:55:57Z</time></trkpt><trkpt lat="9.854944" lon="-83.615926"><ele>692.817</ele><time>2022-04-30T10:55:58Z</time></trkpt><trkpt lat="9.854939" lon="-83.615979"><ele>692.636</ele><time>2022-04-30T10:56:02Z</time></trkpt><trkpt lat="9.854949" lon="-83.615999"><ele>692.265</ele><time>2022-04-30T10:56:04Z</time></trkpt><trkpt lat="9.854957" lon="-83.616013"><ele>692.046</ele><time>2022-04-30T10:56:06Z</time></trkpt><trkpt lat="9.85496" lon="-83.616036"><ele>691.854</ele><time>2022-04-30T10:56:08Z</time></trkpt><trkpt lat="9.854955" lon="-83.616087"><ele>691.232</ele><time>2022-04-30T10:56:12Z</time></trkpt><trkpt lat="9.854964" lon="-83.616117"><ele>690.873</ele><time>2022-04-30T10:56:16Z</time></trkpt><trkpt lat="9.854974" lon="-83.616205"><ele>690.439</ele><time>2022-04-30T10:56:23Z</time></trkpt><trkpt lat="9.854977" lon="-83.616227"><ele>690.261</ele><time>2022-04-30T10:56:25Z</time></trkpt><trkpt lat="9.854983" lon="-83.616265"><ele>690.048</ele><time>2022-04-30T10:56:28Z</time></trkpt><trkpt lat="9.854986" lon="-83.616301"><ele>689.861</ele><time>2022-04-30T10:56:32Z</time></trkpt><trkpt lat="9.854986" lon="-83.616378"><ele>689.617</ele><time>2022-04-30T10:56:38Z</time></trkpt><trkpt lat="9.854982" lon="-83.616409"><ele>689.409</ele><time>2022-04-30T10:56:42Z</time></trkpt><trkpt lat="9.85497" lon="-83.616444"><ele>689.445</ele><time>2022-04-30T10:56:44Z</time></trkpt><trkpt lat="9.854967" lon="-83.616455"><ele>689.464</ele><time>2022-04-30T10:56:45Z</time></trkpt><trkpt lat="9.85497" lon="-83.616481"><ele>689.463</ele><time>2022-04-30T10:56:47Z</time></trkpt><trkpt lat="9.854967" lon="-83.616505"><ele>689.414</ele><time>2022-04-30T10:56:49Z</time></trkpt><trkpt lat="9.854966" lon="-83.616514"><ele>689.432</ele><time>2022-04-30T10:56:50Z</time></trkpt><trkpt lat="9.854947" lon="-83.616556"><ele>689.410</ele><time>2022-04-30T10:56:53Z</time></trkpt><trkpt lat="9.854939" lon="-83.616555"><ele>689.471</ele><time>2022-04-30T10:56:54Z</time></trkpt><trkpt lat="9.854888" lon="-83.616556"><ele>689.047</ele><time>2022-04-30T10:57:00Z</time></trkpt><trkpt lat="9.854882" lon="-83.616552"><ele>689.019</ele><time>2022-04-30T10:57:01Z</time></trkpt><trkpt lat="9.854863" lon="-83.616536"><ele>688.643</ele><time>2022-04-30T10:57:04Z</time></trkpt><trkpt lat="9.854857" lon="-83.616525"><ele>688.464</ele><time>2022-04-30T10:57:05Z</time></trkpt><trkpt lat="9.854842" lon="-83.616511"><ele>688.010</ele><time>2022-04-30T10:57:07Z</time></trkpt><trkpt lat="9.854831" lon="-83.616506"><ele>687.809</ele><time>2022-04-30T10:57:09Z</time></trkpt><trkpt lat="9.854812" lon="-83.616479"><ele>687.215</ele><time>2022-04-30T10:57:12Z</time></trkpt><trkpt lat="9.854802" lon="-83.616466"><ele>687.224</ele><time>2022-04-30T10:57:13Z</time></trkpt><trkpt lat="9.854756" lon="-83.616425"><ele>686.213</ele><time>2022-04-30T10:57:19Z</time></trkpt><trkpt lat="9.854748" lon="-83.61642"><ele>686.234</ele><time>2022-04-30T10:57:20Z</time></trkpt><trkpt lat="9.854709" lon="-83.616391"><ele>685.292</ele><time>2022-04-30T10:57:27Z</time></trkpt><trkpt lat="9.854704" lon="-83.616384"><ele>685.010</ele><time>2022-04-30T10:57:28Z</time></trkpt><trkpt lat="9.854646" lon="-83.616353"><ele>684.231</ele><time>2022-04-30T10:57:35Z</time></trkpt><trkpt lat="9.854623" lon="-83.616343"><ele>684.037</ele><time>2022-04-30T10:57:38Z</time></trkpt><trkpt lat="9.854616" lon="-83.61634"><ele>683.879</ele><time>2022-04-30T10:57:39Z</time></trkpt><trkpt lat="9.854607" lon="-83.616335"><ele>683.875</ele><time>2022-04-30T10:57:40Z</time></trkpt><trkpt lat="9.854599" lon="-83.616326"><ele>683.628</ele><time>2022-04-30T10:57:41Z</time></trkpt><trkpt lat="9.854573" lon="-83.616294"><ele>683.020</ele><time>2022-04-30T10:57:47Z</time></trkpt><trkpt lat="9.854571" lon="-83.616285"><ele>682.809</ele><time>2022-04-30T10:57:48Z</time></trkpt><trkpt lat="9.854536" lon="-83.616243"><ele>682.238</ele><time>2022-04-30T10:57:54Z</time></trkpt><trkpt lat="9.854505" lon="-83.616215"><ele>681.817</ele><time>2022-04-30T10:57:58Z</time></trkpt><trkpt lat="9.854498" lon="-83.61621"><ele>681.616</ele><time>2022-04-30T10:57:59Z</time></trkpt><trkpt lat="9.854465" lon="-83.616195"><ele>681.067</ele><time>2022-04-30T10:58:04Z</time></trkpt><trkpt lat="9.854458" lon="-83.616185"><ele>681.015</ele><time>2022-04-30T10:58:05Z</time></trkpt><trkpt lat="9.854449" lon="-83.616172"><ele>680.873</ele><time>2022-04-30T10:58:06Z</time></trkpt><trkpt lat="9.854445" lon="-83.616163"><ele>680.624</ele><time>2022-04-30T10:58:07Z</time></trkpt><trkpt lat="9.854437" lon="-83.616155"><ele>680.410</ele><time>2022-04-30T10:58:09Z</time></trkpt><trkpt lat="9.854424" lon="-83.616139"><ele>680.032</ele><time>2022-04-30T10:58:11Z</time></trkpt><trkpt lat="9.854414" lon="-83.61612"><ele>679.893</ele><time>2022-04-30T10:58:13Z</time></trkpt><trkpt lat="9.85441" lon="-83.616118"><ele>679.665</ele><time>2022-04-30T10:58:14Z</time></trkpt><trkpt lat="9.85436" lon="-83.616059"><ele>678.821</ele><time>2022-04-30T10:58:21Z</time></trkpt><trkpt lat="9.854347" lon="-83.616043"><ele>678.409</ele><time>2022-04-30T10:58:23Z</time></trkpt><trkpt lat="9.854311" lon="-83.615997"><ele>678.050</ele><time>2022-04-30T10:58:28Z</time></trkpt><trkpt lat="9.854254" lon="-83.615953"><ele>677.429</ele><time>2022-04-30T10:58:34Z</time></trkpt><trkpt lat="9.854249" lon="-83.615947"><ele>677.438</ele><time>2022-04-30T10:58:35Z</time></trkpt><trkpt lat="9.854245" lon="-83.615936"><ele>677.219</ele><time>2022-04-30T10:58:36Z</time></trkpt><trkpt lat="9.854208" lon="-83.615881"><ele>676.847</ele><time>2022-04-30T10:58:42Z</time></trkpt><trkpt lat="9.854207" lon="-83.615875"><ele>676.665</ele><time>2022-04-30T10:58:43Z</time></trkpt><trkpt lat="9.854198" lon="-83.615857"><ele>676.496</ele><time>2022-04-30T10:58:46Z</time></trkpt><trkpt lat="9.854182" lon="-83.61583"><ele>676.082</ele><time>2022-04-30T10:58:50Z</time></trkpt><trkpt lat="9.854164" lon="-83.615785"><ele>675.454</ele><time>2022-04-30T10:58:55Z</time></trkpt><trkpt lat="9.854119" lon="-83.615694"><ele>674.446</ele><time>2022-04-30T10:59:04Z</time></trkpt><trkpt lat="9.854109" lon="-83.615689"><ele>674.488</ele><time>2022-04-30T10:59:05Z</time></trkpt><trkpt lat="9.854101" lon="-83.615685"><ele>674.216</ele><time>2022-04-30T10:59:06Z</time></trkpt><trkpt lat="9.854094" lon="-83.615679"><ele>674.009</ele><time>2022-04-30T10:59:07Z</time></trkpt><trkpt lat="9.854038" lon="-83.615636"><ele>673.625</ele><time>2022-04-30T10:59:13Z</time></trkpt><trkpt lat="9.854016" lon="-83.615619"><ele>673.284</ele><time>2022-04-30T10:59:15Z</time></trkpt><trkpt lat="9.853947" lon="-83.615598"><ele>672.433</ele><time>2022-04-30T10:59:21Z</time></trkpt><trkpt lat="9.853934" lon="-83.615592"><ele>672.434</ele><time>2022-04-30T10:59:22Z</time></trkpt><trkpt lat="9.853877" lon="-83.615557"><ele>671.252</ele><time>2022-04-30T10:59:27Z</time></trkpt><trkpt lat="9.853842" lon="-83.615539"><ele>671.010</ele><time>2022-04-30T10:59:30Z</time></trkpt><trkpt lat="9.853771" lon="-83.615514"><ele>670.241</ele><time>2022-04-30T10:59:36Z</time></trkpt><trkpt lat="9.853762" lon="-83.615514"><ele>670.077</ele><time>2022-04-30T10:59:37Z</time></trkpt><trkpt lat="9.853755" lon="-83.615512"><ele>669.829</ele><time>2022-04-30T10:59:38Z</time></trkpt><trkpt lat="9.853742" lon="-83.61554"><ele>669.451</ele><time>2022-04-30T10:59:45Z</time></trkpt><trkpt lat="9.853738" lon="-83.615556"><ele>669.201</ele><time>2022-04-30T10:59:48Z</time></trkpt><trkpt lat="9.853694" lon="-83.615552"><ele>668.611</ele><time>2022-04-30T10:59:56Z</time></trkpt><trkpt lat="9.85361" lon="-83.61554"><ele>668.409</ele><time>2022-04-30T11:00:04Z</time></trkpt><trkpt lat="9.853594" lon="-83.615538"><ele>668.456</ele><time>2022-04-30T11:00:06Z</time></trkpt><trkpt lat="9.853568" lon="-83.615533"><ele>668.465</ele><time>2022-04-30T11:00:09Z</time></trkpt><trkpt lat="9.853529" lon="-83.615516"><ele>668.234</ele><time>2022-04-30T11:00:12Z</time></trkpt><trkpt lat="9.853519" lon="-83.615509"><ele>668.025</ele><time>2022-04-30T11:00:13Z</time></trkpt><trkpt lat="9.853506" lon="-83.615505"><ele>668.073</ele><time>2022-04-30T11:00:14Z</time></trkpt><trkpt lat="9.853495" lon="-83.615502"><ele>668.051</ele><time>2022-04-30T11:00:15Z</time></trkpt><trkpt lat="9.853467" lon="-83.615494"><ele>667.692</ele><time>2022-04-30T11:00:18Z</time></trkpt><trkpt lat="9.853439" lon="-83.615493"><ele>667.488</ele><time>2022-04-30T11:00:20Z</time></trkpt><trkpt lat="9.853386" lon="-83.615489"><ele>667.250</ele><time>2022-04-30T11:00:23Z</time></trkpt><trkpt lat="9.853361" lon="-83.615491"><ele>667.093</ele><time>2022-04-30T11:00:26Z</time></trkpt><trkpt lat="9.853349" lon="-83.615489"><ele>667.065</ele><time>2022-04-30T11:00:27Z</time></trkpt><trkpt lat="9.853313" lon="-83.615491"><ele>666.821</ele><time>2022-04-30T11:00:30Z</time></trkpt><trkpt lat="9.853276" lon="-83.615502"><ele>666.609</ele><time>2022-04-30T11:00:33Z</time></trkpt><trkpt lat="9.853232" lon="-83.615499"><ele>666.670</ele><time>2022-04-30T11:00:38Z</time></trkpt><trkpt lat="9.853208" lon="-83.615495"><ele>666.669</ele><time>2022-04-30T11:00:40Z</time></trkpt><trkpt lat="9.853183" lon="-83.615497"><ele>666.468</ele><time>2022-04-30T11:00:43Z</time></trkpt><trkpt lat="9.85315" lon="-83.615503"><ele>666.429</ele><time>2022-04-30T11:00:46Z</time></trkpt><trkpt lat="9.853126" lon="-83.615504"><ele>666.057</ele><time>2022-04-30T11:00:48Z</time></trkpt><trkpt lat="9.853092" lon="-83.615509"><ele>666.025</ele><time>2022-04-30T11:00:51Z</time></trkpt><trkpt lat="9.853062" lon="-83.615518"><ele>665.636</ele><time>2022-04-30T11:00:54Z</time></trkpt><trkpt lat="9.853021" lon="-83.61553"><ele>665.632</ele><time>2022-04-30T11:00:57Z</time></trkpt><trkpt lat="9.852994" lon="-83.615517"><ele>665.694</ele><time>2022-04-30T11:01:00Z</time></trkpt><trkpt lat="9.852974" lon="-83.615506"><ele>665.432</ele><time>2022-04-30T11:01:02Z</time></trkpt><trkpt lat="9.852948" lon="-83.615506"><ele>665.292</ele><time>2022-04-30T11:01:04Z</time></trkpt><trkpt lat="9.852903" lon="-83.615508"><ele>664.611</ele><time>2022-04-30T11:01:08Z</time></trkpt><trkpt lat="9.852893" lon="-83.615507"><ele>664.609</ele><time>2022-04-30T11:01:09Z</time></trkpt><trkpt lat="9.852852" lon="-83.615523"><ele>664.024</ele><time>2022-04-30T11:01:13Z</time></trkpt><trkpt lat="9.852838" lon="-83.615525"><ele>664.023</ele><time>2022-04-30T11:01:14Z</time></trkpt><trkpt lat="9.852798" lon="-83.615538"><ele>663.812</ele><time>2022-04-30T11:01:17Z</time></trkpt><trkpt lat="9.852717" lon="-83.615555"><ele>663.413</ele><time>2022-04-30T11:01:24Z</time></trkpt><trkpt lat="9.852703" lon="-83.615556"><ele>663.461</ele><time>2022-04-30T11:01:25Z</time></trkpt><trkpt lat="9.852665" lon="-83.61556"><ele>663.239</ele><time>2022-04-30T11:01:29Z</time></trkpt><trkpt lat="9.852653" lon="-83.615558"><ele>663.040</ele><time>2022-04-30T11:01:30Z</time></trkpt><trkpt lat="9.85264" lon="-83.615558"><ele>663.016</ele><time>2022-04-30T11:01:31Z</time></trkpt><trkpt lat="9.852594" lon="-83.615562"><ele>662.858</ele><time>2022-04-30T11:01:35Z</time></trkpt><trkpt lat="9.852574" lon="-83.615562"><ele>662.844</ele><time>2022-04-30T11:01:37Z</time></trkpt><trkpt lat="9.852481" lon="-83.615577"><ele>662.605</ele><time>2022-04-30T11:01:45Z</time></trkpt><trkpt lat="9.85247" lon="-83.615575"><ele>662.615</ele><time>2022-04-30T11:01:46Z</time></trkpt><trkpt lat="9.852457" lon="-83.615576"><ele>662.409</ele><time>2022-04-30T11:01:47Z</time></trkpt><trkpt lat="9.852407" lon="-83.61559"><ele>662.295</ele><time>2022-04-30T11:01:51Z</time></trkpt><trkpt lat="9.852399" lon="-83.615593"><ele>662.084</ele><time>2022-04-30T11:01:52Z</time></trkpt><trkpt lat="9.85237" lon="-83.615592"><ele>662.083</ele><time>2022-04-30T11:01:55Z</time></trkpt><trkpt lat="9.852357" lon="-83.615592"><ele>661.814</ele><time>2022-04-30T11:01:56Z</time></trkpt><trkpt lat="9.852314" lon="-83.615597"><ele>661.682</ele><time>2022-04-30T11:01:59Z</time></trkpt><trkpt lat="9.852301" lon="-83.615594"><ele>661.660</ele><time>2022-04-30T11:02:00Z</time></trkpt><trkpt lat="9.852235" lon="-83.615602"><ele>661.071</ele><time>2022-04-30T11:02:06Z</time></trkpt><trkpt lat="9.85222" lon="-83.615601"><ele>661.097</ele><time>2022-04-30T11:02:07Z</time></trkpt><trkpt lat="9.852165" lon="-83.615614"><ele>660.839</ele><time>2022-04-30T11:02:11Z</time></trkpt><trkpt lat="9.852152" lon="-83.615621"><ele>660.615</ele><time>2022-04-30T11:02:13Z</time></trkpt><trkpt lat="9.85207" lon="-83.615626"><ele>660.265</ele><time>2022-04-30T11:02:19Z</time></trkpt><trkpt lat="9.852059" lon="-83.615628"><ele>660.211</ele><time>2022-04-30T11:02:20Z</time></trkpt><trkpt lat="9.85201" lon="-83.61565"><ele>659.609</ele><time>2022-04-30T11:02:26Z</time></trkpt><trkpt lat="9.851957" lon="-83.61564"><ele>659.252</ele><time>2022-04-30T11:02:31Z</time></trkpt><trkpt lat="9.851887" lon="-83.615646"><ele>658.621</ele><time>2022-04-30T11:02:37Z</time></trkpt><trkpt lat="9.851868" lon="-83.615644"><ele>658.450</ele><time>2022-04-30T11:02:39Z</time></trkpt><trkpt lat="9.851815" lon="-83.615673"><ele>658.231</ele><time>2022-04-30T11:02:43Z</time></trkpt><trkpt lat="9.851801" lon="-83.615682"><ele>658.289</ele><time>2022-04-30T11:02:44Z</time></trkpt><trkpt lat="9.85174" lon="-83.615684"><ele>657.837</ele><time>2022-04-30T11:02:50Z</time></trkpt><trkpt lat="9.851706" lon="-83.61569"><ele>657.678</ele><time>2022-04-30T11:02:53Z</time></trkpt><trkpt lat="9.851676" lon="-83.615695"><ele>657.424</ele><time>2022-04-30T11:02:56Z</time></trkpt><trkpt lat="9.851632" lon="-83.615704"><ele>657.296</ele><time>2022-04-30T11:03:00Z</time></trkpt><trkpt lat="9.851615" lon="-83.615702"><ele>657.211</ele><time>2022-04-30T11:03:02Z</time></trkpt><trkpt lat="9.851605" lon="-83.615705"><ele>657.221</ele><time>2022-04-30T11:03:03Z</time></trkpt><trkpt lat="9.851593" lon="-83.615707"><ele>657.203</ele><time>2022-04-30T11:03:04Z</time></trkpt><trkpt lat="9.851554" lon="-83.615705"><ele>657.009</ele><time>2022-04-30T11:03:08Z</time></trkpt><trkpt lat="9.851546" lon="-83.615704"><ele>656.872</ele><time>2022-04-30T11:03:09Z</time></trkpt><trkpt lat="9.851529" lon="-83.615703"><ele>656.461</ele><time>2022-04-30T11:03:15Z</time></trkpt><trkpt lat="9.85152" lon="-83.615711"><ele>656.480</ele><time>2022-04-30T11:03:24Z</time></trkpt><trkpt lat="9.851492" lon="-83.615755"><ele>662.431</ele><time>2022-04-30T13:10:39Z</time></trkpt><trkpt lat="9.851491" lon="-83.615756"><ele>662.619</ele><time>2022-04-30T13:10:41Z</time></trkpt><trkpt lat="9.851454" lon="-83.61578"><ele>662.837</ele><time>2022-04-30T13:10:45Z</time></trkpt><trkpt lat="9.85143" lon="-83.615797"><ele>662.848</ele><time>2022-04-30T13:10:47Z</time></trkpt><trkpt lat="9.85139" lon="-83.61583"><ele>662.894</ele><time>2022-04-30T13:10:51Z</time></trkpt><trkpt lat="9.851374" lon="-83.615901"><ele>662.826</ele><time>2022-04-30T13:10:58Z</time></trkpt><trkpt lat="9.851344" lon="-83.615951"><ele>663.241</ele><time>2022-04-30T13:11:04Z</time></trkpt><trkpt lat="9.851328" lon="-83.615991"><ele>663.081</ele><time>2022-04-30T13:11:07Z</time></trkpt><trkpt lat="9.851287" lon="-83.616071"><ele>663.209</ele><time>2022-04-30T13:11:15Z</time></trkpt><trkpt lat="9.851271" lon="-83.616121"><ele>663.409</ele><time>2022-04-30T13:11:19Z</time></trkpt><trkpt lat="9.851262" lon="-83.616153"><ele>663.425</ele><time>2022-04-30T13:11:22Z</time></trkpt><trkpt lat="9.851242" lon="-83.616173"><ele>663.494</ele><time>2022-04-30T13:11:25Z</time></trkpt><trkpt lat="9.85123" lon="-83.616196"><ele>663.453</ele><time>2022-04-30T13:11:27Z</time></trkpt><trkpt lat="9.851187" lon="-83.616282"><ele>663.694</ele><time>2022-04-30T13:11:33Z</time></trkpt><trkpt lat="9.851179" lon="-83.616297"><ele>663.862</ele><time>2022-04-30T13:11:34Z</time></trkpt><trkpt lat="9.851178" lon="-83.616313"><ele>663.850</ele><time>2022-04-30T13:11:35Z</time></trkpt><trkpt lat="9.85115" lon="-83.616422"><ele>663.861</ele><time>2022-04-30T13:11:40Z</time></trkpt><trkpt lat="9.851107" lon="-83.616488"><ele>663.897</ele><time>2022-04-30T13:11:45Z</time></trkpt><trkpt lat="9.851127" lon="-83.61652"><ele>663.869</ele><time>2022-04-30T13:11:47Z</time></trkpt><trkpt lat="9.85114" lon="-83.616608"><ele>664.055</ele><time>2022-04-30T13:11:53Z</time></trkpt><trkpt lat="9.851142" lon="-83.61662"><ele>664.007</ele><time>2022-04-30T13:11:54Z</time></trkpt><trkpt lat="9.851133" lon="-83.616663"><ele>664.017</ele><time>2022-04-30T13:11:59Z</time></trkpt><trkpt lat="9.851147" lon="-83.616757"><ele>663.809</ele><time>2022-04-30T13:12:06Z</time></trkpt><trkpt lat="9.85114" lon="-83.616773"><ele>664.056</ele><time>2022-04-30T13:12:07Z</time></trkpt><trkpt lat="9.851128" lon="-83.616811"><ele>664.075</ele><time>2022-04-30T13:12:11Z</time></trkpt><trkpt lat="9.851121" lon="-83.616872"><ele>663.834</ele><time>2022-04-30T13:12:15Z</time></trkpt><trkpt lat="9.851113" lon="-83.61696"><ele>664.075</ele><time>2022-04-30T13:12:22Z</time></trkpt><trkpt lat="9.851085" lon="-83.61706"><ele>664.283</ele><time>2022-04-30T13:12:30Z</time></trkpt><trkpt lat="9.851081" lon="-83.617071"><ele>664.231</ele><time>2022-04-30T13:12:31Z</time></trkpt><trkpt lat="9.851071" lon="-83.61711"><ele>664.212</ele><time>2022-04-30T13:12:35Z</time></trkpt><trkpt lat="9.851061" lon="-83.617194"><ele>664.268</ele><time>2022-04-30T13:12:42Z</time></trkpt><trkpt lat="9.85106" lon="-83.617209"><ele>664.240</ele><time>2022-04-30T13:12:43Z</time></trkpt><trkpt lat="9.851051" lon="-83.617327"><ele>664.283</ele><time>2022-04-30T13:12:50Z</time></trkpt><trkpt lat="9.851053" lon="-83.617344"><ele>664.225</ele><time>2022-04-30T13:12:51Z</time></trkpt><trkpt lat="9.851069" lon="-83.617374"><ele>664.217</ele><time>2022-04-30T13:12:54Z</time></trkpt><trkpt lat="9.851065" lon="-83.61738"><ele>664.209</ele><time>2022-04-30T13:12:55Z</time></trkpt><trkpt lat="9.851046" lon="-83.617387"><ele>664.079</ele><time>2022-04-30T13:12:57Z</time></trkpt><trkpt lat="9.851052" lon="-83.617423"><ele>664.018</ele><time>2022-04-30T13:12:59Z</time></trkpt><trkpt lat="9.851063" lon="-83.617503"><ele>664.067</ele><time>2022-04-30T13:13:04Z</time></trkpt><trkpt lat="9.851064" lon="-83.617511"><ele>664.498</ele><time>2022-04-30T13:13:05Z</time></trkpt><trkpt lat="9.851071" lon="-83.617602"><ele>664.496</ele><time>2022-04-30T13:13:11Z</time></trkpt><trkpt lat="9.851071" lon="-83.617612"><ele>664.424</ele><time>2022-04-30T13:13:12Z</time></trkpt><trkpt lat="9.851063" lon="-83.617658"><ele>664.475</ele><time>2022-04-30T13:13:15Z</time></trkpt><trkpt lat="9.851064" lon="-83.617691"><ele>664.661</ele><time>2022-04-30T13:13:17Z</time></trkpt><trkpt lat="9.851062" lon="-83.617733"><ele>664.683</ele><time>2022-04-30T13:13:19Z</time></trkpt><trkpt lat="9.851063" lon="-83.617756"><ele>664.698</ele><time>2022-04-30T13:13:22Z</time></trkpt><trkpt lat="9.851059" lon="-83.617762"><ele>664.615</ele><time>2022-04-30T13:13:23Z</time></trkpt><trkpt lat="9.851061" lon="-83.617867"><ele>664.026</ele><time>2022-04-30T13:13:31Z</time></trkpt><trkpt lat="9.851052" lon="-83.617921"><ele>664.009</ele><time>2022-04-30T13:13:35Z</time></trkpt><trkpt lat="9.851069" lon="-83.617967"><ele>664.040</ele><time>2022-04-30T13:13:38Z</time></trkpt><trkpt lat="9.851108" lon="-83.618075"><ele>663.819</ele><time>2022-04-30T13:13:44Z</time></trkpt><trkpt lat="9.851126" lon="-83.618119"><ele>663.628</ele><time>2022-04-30T13:13:47Z</time></trkpt><trkpt lat="9.851129" lon="-83.618131"><ele>663.679</ele><time>2022-04-30T13:13:48Z</time></trkpt><trkpt lat="9.851124" lon="-83.618151"><ele>663.467</ele><time>2022-04-30T13:13:50Z</time></trkpt><trkpt lat="9.851139" lon="-83.618246"><ele>663.085</ele><time>2022-04-30T13:13:57Z</time></trkpt><trkpt lat="9.851143" lon="-83.618261"><ele>662.876</ele><time>2022-04-30T13:13:58Z</time></trkpt><trkpt lat="9.851147" lon="-83.618285"><ele>662.672</ele><time>2022-04-30T13:14:00Z</time></trkpt><trkpt lat="9.851154" lon="-83.618356"><ele>662.414</ele><time>2022-04-30T13:14:06Z</time></trkpt><trkpt lat="9.851161" lon="-83.618372"><ele>662.437</ele><time>2022-04-30T13:14:07Z</time></trkpt><trkpt lat="9.851176" lon="-83.618436"><ele>662.049</ele><time>2022-04-30T13:14:11Z</time></trkpt><trkpt lat="9.851186" lon="-83.618482"><ele>661.813</ele><time>2022-04-30T13:14:14Z</time></trkpt><trkpt lat="9.851196" lon="-83.618525"><ele>661.409</ele><time>2022-04-30T13:14:18Z</time></trkpt><trkpt lat="9.851198" lon="-83.61856"><ele>661.074</ele><time>2022-04-30T13:14:21Z</time></trkpt><trkpt lat="9.851202" lon="-83.618646"><ele>660.433</ele><time>2022-04-30T13:14:26Z</time></trkpt><trkpt lat="9.851218" lon="-83.618715"><ele>660.442</ele><time>2022-04-30T13:14:31Z</time></trkpt><trkpt lat="9.851243" lon="-83.618795"><ele>660.023</ele><time>2022-04-30T13:14:37Z</time></trkpt><trkpt lat="9.851244" lon="-83.61881"><ele>660.011</ele><time>2022-04-30T13:14:38Z</time></trkpt><trkpt lat="9.851258" lon="-83.618871"><ele>659.669</ele><time>2022-04-30T13:14:42Z</time></trkpt><trkpt lat="9.851263" lon="-83.618881"><ele>659.430</ele><time>2022-04-30T13:14:43Z</time></trkpt><trkpt lat="9.851277" lon="-83.618929"><ele>659.056</ele><time>2022-04-30T13:14:46Z</time></trkpt><trkpt lat="9.851286" lon="-83.618956"><ele>658.868</ele><time>2022-04-30T13:14:48Z</time></trkpt><trkpt lat="9.851294" lon="-83.618999"><ele>658.663</ele><time>2022-04-30T13:14:52Z</time></trkpt><trkpt lat="9.851296" lon="-83.619015"><ele>658.444</ele><time>2022-04-30T13:14:53Z</time></trkpt><trkpt lat="9.851327" lon="-83.619098"><ele>658.218</ele><time>2022-04-30T13:14:59Z</time></trkpt><trkpt lat="9.851352" lon="-83.61916"><ele>658.009</ele><time>2022-04-30T13:15:05Z</time></trkpt><trkpt lat="9.851402" lon="-83.619282"><ele>657.427</ele><time>2022-04-30T13:15:14Z</time></trkpt><trkpt lat="9.851431" lon="-83.619336"><ele>657.076</ele><time>2022-04-30T13:15:20Z</time></trkpt><trkpt lat="9.851497" lon="-83.619471"><ele>657.255</ele><time>2022-04-30T13:15:29Z</time></trkpt><trkpt lat="9.851512" lon="-83.619502"><ele>656.856</ele><time>2022-04-30T13:15:32Z</time></trkpt><trkpt lat="9.851538" lon="-83.619548"><ele>656.684</ele><time>2022-04-30T13:15:36Z</time></trkpt><trkpt lat="9.851573" lon="-83.61962"><ele>656.692</ele><time>2022-04-30T13:15:41Z</time></trkpt><trkpt lat="9.851582" lon="-83.619651"><ele>656.473</ele><time>2022-04-30T13:15:43Z</time></trkpt><trkpt lat="9.851624" lon="-83.619753"><ele>656.469</ele><time>2022-04-30T13:15:51Z</time></trkpt><trkpt lat="9.851661" lon="-83.619868"><ele>656.241</ele><time>2022-04-30T13:15:57Z</time></trkpt><trkpt lat="9.851692" lon="-83.61992"><ele>656.069</ele><time>2022-04-30T13:16:02Z</time></trkpt><trkpt lat="9.851747" lon="-83.619998"><ele>655.804</ele><time>2022-04-30T13:16:10Z</time></trkpt><trkpt lat="9.851785" lon="-83.620057"><ele>655.824</ele><time>2022-04-30T13:16:16Z</time></trkpt><trkpt lat="9.851793" lon="-83.620056"><ele>655.609</ele><time>2022-04-30T13:16:17Z</time></trkpt><trkpt lat="9.851799" lon="-83.620055"><ele>655.687</ele><time>2022-04-30T13:16:18Z</time></trkpt><trkpt lat="9.851802" lon="-83.620072"><ele>655.296</ele><time>2022-04-30T13:16:21Z</time></trkpt><trkpt lat="9.851793" lon="-83.620093"><ele>655.225</ele><time>2022-04-30T13:16:23Z</time></trkpt><trkpt lat="9.851822" lon="-83.620135"><ele>655.246</ele><time>2022-04-30T13:16:27Z</time></trkpt><trkpt lat="9.851832" lon="-83.620151"><ele>655.214</ele><time>2022-04-30T13:16:29Z</time></trkpt><trkpt lat="9.851836" lon="-83.620176"><ele>655.012</ele><time>2022-04-30T13:16:31Z</time></trkpt><trkpt lat="9.851854" lon="-83.62022"><ele>654.833</ele><time>2022-04-30T13:16:34Z</time></trkpt><trkpt lat="9.851889" lon="-83.620302"><ele>654.849</ele><time>2022-04-30T13:16:40Z</time></trkpt><trkpt lat="9.851912" lon="-83.620349"><ele>654.811</ele><time>2022-04-30T13:16:42Z</time></trkpt><trkpt lat="9.851974" lon="-83.620456"><ele>654.852</ele><time>2022-04-30T13:16:49Z</time></trkpt><trkpt lat="9.851996" lon="-83.620492"><ele>654.653</ele><time>2022-04-30T13:16:52Z</time></trkpt><trkpt lat="9.852002" lon="-83.620501"><ele>654.408</ele><time>2022-04-30T13:16:53Z</time></trkpt><trkpt lat="9.852009" lon="-83.620508"><ele>654.409</ele><time>2022-04-30T13:16:54Z</time></trkpt><trkpt lat="9.85205" lon="-83.620567"><ele>654.436</ele><time>2022-04-30T13:16:59Z</time></trkpt><trkpt lat="9.852111" lon="-83.620668"><ele>654.485</ele><time>2022-04-30T13:17:08Z</time></trkpt><trkpt lat="9.85211" lon="-83.620673"><ele>654.484</ele><time>2022-04-30T13:17:09Z</time></trkpt><trkpt lat="9.8521" lon="-83.620695"><ele>654.445</ele><time>2022-04-30T13:17:12Z</time></trkpt><trkpt lat="9.852106" lon="-83.62071"><ele>654.483</ele><time>2022-04-30T13:17:13Z</time></trkpt><trkpt lat="9.852178" lon="-83.620802"><ele>654.451</ele><time>2022-04-30T13:17:23Z</time></trkpt><trkpt lat="9.852238" lon="-83.620894"><ele>654.462</ele><time>2022-04-30T13:17:31Z</time></trkpt><trkpt lat="9.852333" lon="-83.620983"><ele>654.238</ele><time>2022-04-30T13:17:40Z</time></trkpt><trkpt lat="9.852421" lon="-83.621072"><ele>654.090</ele><time>2022-04-30T13:17:49Z</time></trkpt><trkpt lat="9.852508" lon="-83.62114"><ele>654.088</ele><time>2022-04-30T13:17:58Z</time></trkpt><trkpt lat="9.85257" lon="-83.62119"><ele>654.024</ele><time>2022-04-30T13:18:04Z</time></trkpt><trkpt lat="9.852598" lon="-83.621212"><ele>654.026</ele><time>2022-04-30T13:18:07Z</time></trkpt><trkpt lat="9.852714" lon="-83.62128"><ele>653.809</ele><time>2022-04-30T13:18:17Z</time></trkpt><trkpt lat="9.852813" lon="-83.621343"><ele>653.889</ele><time>2022-04-30T13:18:26Z</time></trkpt><trkpt lat="9.852888" lon="-83.621386"><ele>653.868</ele><time>2022-04-30T13:18:32Z</time></trkpt><trkpt lat="9.852911" lon="-83.621399"><ele>653.857</ele><time>2022-04-30T13:18:34Z</time></trkpt><trkpt lat="9.852972" lon="-83.621421"><ele>653.898</ele><time>2022-04-30T13:18:38Z</time></trkpt><trkpt lat="9.853041" lon="-83.621452"><ele>653.876</ele><time>2022-04-30T13:18:43Z</time></trkpt><trkpt lat="9.853051" lon="-83.621459"><ele>653.874</ele><time>2022-04-30T13:18:44Z</time></trkpt><trkpt lat="9.853075" lon="-83.62147"><ele>653.635</ele><time>2022-04-30T13:18:46Z</time></trkpt><trkpt lat="9.853168" lon="-83.621501"><ele>653.441</ele><time>2022-04-30T13:18:54Z</time></trkpt><trkpt lat="9.853246" lon="-83.621533"><ele>653.493</ele><time>2022-04-30T13:19:01Z</time></trkpt><trkpt lat="9.853367" lon="-83.621586"><ele>653.279</ele><time>2022-04-30T13:19:11Z</time></trkpt><trkpt lat="9.853487" lon="-83.621658"><ele>653.005</ele><time>2022-04-30T13:19:21Z</time></trkpt><trkpt lat="9.853581" lon="-83.621705"><ele>652.825</ele><time>2022-04-30T13:19:28Z</time></trkpt><trkpt lat="9.853612" lon="-83.621724"><ele>652.809</ele><time>2022-04-30T13:19:31Z</time></trkpt><trkpt lat="9.853647" lon="-83.621748"><ele>652.848</ele><time>2022-04-30T13:19:34Z</time></trkpt><trkpt lat="9.853683" lon="-83.621762"><ele>652.887</ele><time>2022-04-30T13:19:37Z</time></trkpt><trkpt lat="9.853735" lon="-83.621781"><ele>652.676</ele><time>2022-04-30T13:19:42Z</time></trkpt><trkpt lat="9.853754" lon="-83.621785"><ele>652.487</ele><time>2022-04-30T13:19:44Z</time></trkpt><trkpt lat="9.853859" lon="-83.621841"><ele>652.025</ele><time>2022-04-30T13:19:53Z</time></trkpt><trkpt lat="9.853881" lon="-83.621851"><ele>651.873</ele><time>2022-04-30T13:19:55Z</time></trkpt><trkpt lat="9.853943" lon="-83.621889"><ele>651.854</ele><time>2022-04-30T13:19:59Z</time></trkpt><trkpt lat="9.854026" lon="-83.621953"><ele>651.620</ele><time>2022-04-30T13:20:07Z</time></trkpt><trkpt lat="9.854064" lon="-83.621993"><ele>651.872</ele><time>2022-04-30T13:20:12Z</time></trkpt><trkpt lat="9.854091" lon="-83.622009"><ele>651.627</ele><time>2022-04-30T13:20:15Z</time></trkpt><trkpt lat="9.854157" lon="-83.622074"><ele>651.468</ele><time>2022-04-30T13:20:22Z</time></trkpt><trkpt lat="9.854163" lon="-83.62208"><ele>651.414</ele><time>2022-04-30T13:20:23Z</time></trkpt><trkpt lat="9.854171" lon="-83.62209"><ele>651.209</ele><time>2022-04-30T13:20:24Z</time></trkpt><trkpt lat="9.854188" lon="-83.622102"><ele>651.253</ele><time>2022-04-30T13:20:26Z</time></trkpt><trkpt lat="9.854199" lon="-83.622123"><ele>651.252</ele><time>2022-04-30T13:20:28Z</time></trkpt><trkpt lat="9.854208" lon="-83.622146"><ele>651.051</ele><time>2022-04-30T13:20:30Z</time></trkpt><trkpt lat="9.854213" lon="-83.622151"><ele>651.072</ele><time>2022-04-30T13:20:31Z</time></trkpt><trkpt lat="9.854218" lon="-83.622152"><ele>650.870</ele><time>2022-04-30T13:20:33Z</time></trkpt><trkpt lat="9.854222" lon="-83.622147"><ele>650.488</ele><time>2022-04-30T13:20:39Z</time></trkpt><trkpt lat="9.85425" lon="-83.622186"><ele>650.049</ele><time>2022-04-30T13:20:45Z</time></trkpt><trkpt lat="9.854272" lon="-83.622224"><ele>650.095</ele><time>2022-04-30T13:20:49Z</time></trkpt><trkpt lat="9.854305" lon="-83.622271"><ele>650.277</ele><time>2022-04-30T13:20:54Z</time></trkpt><trkpt lat="9.854336" lon="-83.622366"><ele>650.645</ele><time>2022-04-30T13:21:02Z</time></trkpt><trkpt lat="9.854368" lon="-83.62247"><ele>650.647</ele><time>2022-04-30T13:21:10Z</time></trkpt><trkpt lat="9.854417" lon="-83.622616"><ele>650.211</ele><time>2022-04-30T13:21:20Z</time></trkpt><trkpt lat="9.854452" lon="-83.622713"><ele>650.209</ele><time>2022-04-30T13:21:28Z</time></trkpt><trkpt lat="9.854496" lon="-83.622815"><ele>650.875</ele><time>2022-04-30T13:21:37Z</time></trkpt><trkpt lat="9.854539" lon="-83.622903"><ele>650.254</ele><time>2022-04-30T13:21:44Z</time></trkpt><trkpt lat="9.854599" lon="-83.622983"><ele>649.083</ele><time>2022-04-30T13:21:51Z</time></trkpt><trkpt lat="9.854611" lon="-83.622994"><ele>648.644</ele><time>2022-04-30T13:21:52Z</time></trkpt><trkpt lat="9.854668" lon="-83.623064"><ele>648.892</ele><time>2022-04-30T13:21:58Z</time></trkpt><trkpt lat="9.854698" lon="-83.623064"><ele>648.280</ele><time>2022-04-30T13:22:01Z</time></trkpt><trkpt lat="9.854764" lon="-83.623152"><ele>648.871</ele><time>2022-04-30T13:22:07Z</time></trkpt><trkpt lat="9.854855" lon="-83.623297"><ele>648.657</ele><time>2022-04-30T13:22:17Z</time></trkpt><trkpt lat="9.854919" lon="-83.623369"><ele>647.699</ele><time>2022-04-30T13:22:24Z</time></trkpt><trkpt lat="9.854957" lon="-83.623415"><ele>647.694</ele><time>2022-04-30T13:22:30Z</time></trkpt><trkpt lat="9.854964" lon="-83.623421"><ele>647.457</ele><time>2022-04-30T13:22:31Z</time></trkpt><trkpt lat="9.854981" lon="-83.623451"><ele>647.222</ele><time>2022-04-30T13:22:34Z</time></trkpt><trkpt lat="9.855005" lon="-83.623473"><ele>647.009</ele><time>2022-04-30T13:22:37Z</time></trkpt><trkpt lat="9.85502" lon="-83.623496"><ele>646.880</ele><time>2022-04-30T13:22:39Z</time></trkpt><trkpt lat="9.855061" lon="-83.623541"><ele>647.249</ele><time>2022-04-30T13:22:44Z</time></trkpt><trkpt lat="9.855087" lon="-83.623558"><ele>647.678</ele><time>2022-04-30T13:22:47Z</time></trkpt><trkpt lat="9.855102" lon="-83.623573"><ele>647.849</ele><time>2022-04-30T13:22:49Z</time></trkpt><trkpt lat="9.855121" lon="-83.623586"><ele>647.677</ele><time>2022-04-30T13:22:52Z</time></trkpt><trkpt lat="9.85518" lon="-83.623591"><ele>592.565</ele><time>2022-04-30T13:22:59Z</time></trkpt><trkpt lat="9.85519" lon="-83.623601"><ele>592.596</ele><time>2022-04-30T13:23:01Z</time></trkpt><trkpt lat="9.855232" lon="-83.623635"><ele>592.552</ele><time>2022-04-30T13:23:07Z</time></trkpt><trkpt lat="9.85467" lon="-83.62433"><ele>590.334</ele><time>2022-04-30T13:24:48Z</time></trkpt></trkseg></trk></gpx>